season,fecha,local,visitante,goles_local,goles_visitante,ronda,source_file
2018-19,2018-07-20,Atlas Guadalajara,Gallos Blancos,0,0,"Apertura, Matchday 1",2018-19/mx.1.json
2018-19,2018-07-20,CD Veracruz,Pumas UNAM,0,2,"Apertura, Matchday 1",2018-19/mx.1.json
2018-19,2018-07-21,CF Pachuca,CF Monterrey,0,1,"Apertura, Matchday 1",2018-19/mx.1.json
2018-19,2018-07-21,Club Tijuana,Deportivo Guadalajara,2,1,"Apertura, Matchday 1",2018-19/mx.1.json
2018-19,2018-07-21,Cruz Azul,Puebla FC,3,0,"Apertura, Matchday 1",2018-19/mx.1.json
2018-19,2018-07-21,UANL Tigres,Club León,2,0,"Apertura, Matchday 1",2018-19/mx.1.json
2018-19,2018-07-22,Club Necaxa,CF América,2,1,"Apertura, Matchday 1",2018-19/mx.1.json
2018-19,2018-07-22,Deportivo Toluca,Monarcas Morelia,2,0,"Apertura, Matchday 1",2018-19/mx.1.json
2018-19,2018-07-22,Santos Laguna,Lobos BUAP,2,1,"Apertura, Matchday 1",2018-19/mx.1.json
2018-19,2018-07-27,Monarcas Morelia,Santos Laguna,3,1,"Apertura, Matchday 2",2018-19/mx.1.json
2018-19,2018-07-27,Puebla FC,Deportivo Toluca,2,1,"Apertura, Matchday 2",2018-19/mx.1.json
2018-19,2018-07-28,CF América,Atlas Guadalajara,3,0,"Apertura, Matchday 2",2018-19/mx.1.json
2018-19,2018-07-28,Deportivo Guadalajara,Cruz Azul,0,1,"Apertura, Matchday 2",2018-19/mx.1.json
2018-19,2018-07-28,Gallos Blancos,CF Pachuca,1,0,"Apertura, Matchday 2",2018-19/mx.1.json
2018-19,2018-07-29,Club León,CF Monterrey,0,2,"Apertura, Matchday 2",2018-19/mx.1.json
2018-19,2018-07-29,Lobos BUAP,CD Veracruz,2,0,"Apertura, Matchday 2",2018-19/mx.1.json
2018-19,2018-07-29,Pumas UNAM,Club Necaxa,5,3,"Apertura, Matchday 2",2018-19/mx.1.json
2018-19,2018-07-29,UANL Tigres,Club Tijuana,1,0,"Apertura, Matchday 2",2018-19/mx.1.json
2018-19,2018-08-03,Atlas Guadalajara,Pumas UNAM,0,3,"Apertura, Matchday 3",2018-19/mx.1.json
2018-19,2018-08-03,CD Veracruz,Monarcas Morelia,2,2,"Apertura, Matchday 3",2018-19/mx.1.json
2018-19,2018-08-04,CF Monterrey,Gallos Blancos,2,1,"Apertura, Matchday 3",2018-19/mx.1.json
2018-19,2018-08-04,CF Pachuca,CF América,1,3,"Apertura, Matchday 3",2018-19/mx.1.json
2018-19,2018-08-04,Club Necaxa,Lobos BUAP,1,0,"Apertura, Matchday 3",2018-19/mx.1.json
2018-19,2018-08-04,Cruz Azul,UANL Tigres,1,0,"Apertura, Matchday 3",2018-19/mx.1.json
2018-19,2018-08-05,Club Tijuana,Club León,1,1,"Apertura, Matchday 3",2018-19/mx.1.json
2018-19,2018-08-05,Deportivo Toluca,Deportivo Guadalajara,2,2,"Apertura, Matchday 3",2018-19/mx.1.json
2018-19,2018-08-05,Santos Laguna,Puebla FC,2,0,"Apertura, Matchday 3",2018-19/mx.1.json
2018-19,2018-08-10,Monarcas Morelia,Club Necaxa,2,1,"Apertura, Matchday 4",2018-19/mx.1.json
2018-19,2018-08-10,Puebla FC,CD Veracruz,1,2,"Apertura, Matchday 4",2018-19/mx.1.json
2018-19,2018-08-11,CF América,CF Monterrey,3,0,"Apertura, Matchday 4",2018-19/mx.1.json
2018-19,2018-08-11,Club León,Gallos Blancos,4,0,"Apertura, Matchday 4",2018-19/mx.1.json
2018-19,2018-08-11,Lobos BUAP,Atlas Guadalajara,0,0,"Apertura, Matchday 4",2018-19/mx.1.json
2018-19,2018-08-11,UANL Tigres,Deportivo Toluca,1,2,"Apertura, Matchday 4",2018-19/mx.1.json
2018-19,2018-08-12,Club Tijuana,Cruz Azul,1,1,"Apertura, Matchday 4",2018-19/mx.1.json
2018-19,2018-08-12,Deportivo Guadalajara,Santos Laguna,1,2,"Apertura, Matchday 4",2018-19/mx.1.json
2018-19,2018-08-12,Pumas UNAM,CF Pachuca,0,0,"Apertura, Matchday 4",2018-19/mx.1.json
2018-19,2018-08-17,Atlas Guadalajara,Monarcas Morelia,0,1,"Apertura, Matchday 5",2018-19/mx.1.json
2018-19,2018-08-17,CD Veracruz,Deportivo Guadalajara,0,2,"Apertura, Matchday 5",2018-19/mx.1.json
2018-19,2018-08-18,CF Monterrey,Pumas UNAM,1,0,"Apertura, Matchday 5",2018-19/mx.1.json
2018-19,2018-08-18,CF Pachuca,Lobos BUAP,3,0,"Apertura, Matchday 5",2018-19/mx.1.json
2018-19,2018-08-18,Club Necaxa,Puebla FC,2,2,"Apertura, Matchday 5",2018-19/mx.1.json
2018-19,2018-08-18,Cruz Azul,Club León,3,0,"Apertura, Matchday 5",2018-19/mx.1.json
2018-19,2018-08-18,Gallos Blancos,CF América,1,1,"Apertura, Matchday 5",2018-19/mx.1.json
2018-19,2018-08-19,Deportivo Toluca,Club Tijuana,3,0,"Apertura, Matchday 5",2018-19/mx.1.json
2018-19,2018-08-19,Santos Laguna,UANL Tigres,3,1,"Apertura, Matchday 5",2018-19/mx.1.json
2018-19,2018-08-21,Deportivo Guadalajara,Club Necaxa,1,0,"Apertura, Matchday 6",2018-19/mx.1.json
2018-19,2018-08-21,Monarcas Morelia,CF Pachuca,1,1,"Apertura, Matchday 6",2018-19/mx.1.json
2018-19,2018-08-21,Puebla FC,Atlas Guadalajara,2,0,"Apertura, Matchday 6",2018-19/mx.1.json
2018-19,2018-08-21,Pumas UNAM,Gallos Blancos,0,1,"Apertura, Matchday 6",2018-19/mx.1.json
2018-19,2018-08-22,Club León,CF América,2,0,"Apertura, Matchday 6",2018-19/mx.1.json
2018-19,2018-08-22,Club Tijuana,Santos Laguna,2,2,"Apertura, Matchday 6",2018-19/mx.1.json
2018-19,2018-08-22,Cruz Azul,Deportivo Toluca,1,0,"Apertura, Matchday 6",2018-19/mx.1.json
2018-19,2018-08-22,Lobos BUAP,CF Monterrey,1,2,"Apertura, Matchday 6",2018-19/mx.1.json
2018-19,2018-08-22,UANL Tigres,CD Veracruz,4,0,"Apertura, Matchday 6",2018-19/mx.1.json
2018-19,2018-08-24,Atlas Guadalajara,Deportivo Guadalajara,0,1,"Apertura, Matchday 7",2018-19/mx.1.json
2018-19,2018-08-25,CD Veracruz,Club Tijuana,1,0,"Apertura, Matchday 7",2018-19/mx.1.json
2018-19,2018-08-25,CF América,Pumas UNAM,2,2,"Apertura, Matchday 7",2018-19/mx.1.json
2018-19,2018-08-25,CF Monterrey,Monarcas Morelia,2,2,"Apertura, Matchday 7",2018-19/mx.1.json
2018-19,2018-08-25,CF Pachuca,Puebla FC,2,0,"Apertura, Matchday 7",2018-19/mx.1.json
2018-19,2018-08-25,Club Necaxa,UANL Tigres,1,1,"Apertura, Matchday 7",2018-19/mx.1.json
2018-19,2018-08-26,Deportivo Toluca,Club León,1,2,"Apertura, Matchday 7",2018-19/mx.1.json
2018-19,2018-08-26,Gallos Blancos,Lobos BUAP,2,0,"Apertura, Matchday 7",2018-19/mx.1.json
2018-19,2018-08-26,Santos Laguna,Cruz Azul,1,1,"Apertura, Matchday 7",2018-19/mx.1.json
2018-19,2018-08-31,Club Tijuana,Club Necaxa,1,0,"Apertura, Matchday 8",2018-19/mx.1.json
2018-19,2018-08-31,Monarcas Morelia,Gallos Blancos,1,4,"Apertura, Matchday 8",2018-19/mx.1.json
2018-19,2018-08-31,Puebla FC,CF Monterrey,2,1,"Apertura, Matchday 8",2018-19/mx.1.json
2018-19,2018-09-01,Club León,Pumas UNAM,1,2,"Apertura, Matchday 8",2018-19/mx.1.json
2018-19,2018-09-01,Cruz Azul,CD Veracruz,4,1,"Apertura, Matchday 8",2018-19/mx.1.json
2018-19,2018-09-01,Deportivo Guadalajara,CF Pachuca,1,3,"Apertura, Matchday 8",2018-19/mx.1.json
2018-19,2018-09-01,UANL Tigres,Atlas Guadalajara,3,1,"Apertura, Matchday 8",2018-19/mx.1.json
2018-19,2018-09-02,Deportivo Toluca,Santos Laguna,2,1,"Apertura, Matchday 8",2018-19/mx.1.json
2018-19,2018-09-02,Lobos BUAP,CF América,0,2,"Apertura, Matchday 8",2018-19/mx.1.json
2018-19,2018-09-14,CD Veracruz,Deportivo Toluca,2,3,"Apertura, Matchday 9",2018-19/mx.1.json
2018-19,2018-09-15,CF América,Monarcas Morelia,2,1,"Apertura, Matchday 9",2018-19/mx.1.json
2018-19,2018-09-15,CF Monterrey,Deportivo Guadalajara,2,4,"Apertura, Matchday 9",2018-19/mx.1.json
2018-19,2018-09-15,CF Pachuca,UANL Tigres,1,1,"Apertura, Matchday 9",2018-19/mx.1.json
2018-19,2018-09-15,Club Necaxa,Cruz Azul,2,0,"Apertura, Matchday 9",2018-19/mx.1.json
2018-19,2018-09-15,Gallos Blancos,Puebla FC,0,1,"Apertura, Matchday 9",2018-19/mx.1.json
2018-19,2018-09-16,Atlas Guadalajara,Club Tijuana,0,1,"Apertura, Matchday 9",2018-19/mx.1.json
2018-19,2018-09-16,Pumas UNAM,Lobos BUAP,4,2,"Apertura, Matchday 9",2018-19/mx.1.json
2018-19,2018-09-16,Santos Laguna,Club León,3,0,"Apertura, Matchday 9",2018-19/mx.1.json
2018-19,2018-09-21,Monarcas Morelia,Pumas UNAM,0,0,"Apertura, Matchday 10",2018-19/mx.1.json
2018-19,2018-09-21,Puebla FC,CF América,2,3,"Apertura, Matchday 10",2018-19/mx.1.json
2018-19,2018-09-22,Club León,Lobos BUAP,0,1,"Apertura, Matchday 10",2018-19/mx.1.json
2018-19,2018-09-22,Club Tijuana,CF Pachuca,1,0,"Apertura, Matchday 10",2018-19/mx.1.json
2018-19,2018-09-22,Cruz Azul,Atlas Guadalajara,2,0,"Apertura, Matchday 10",2018-19/mx.1.json
2018-19,2018-09-22,Deportivo Toluca,Club Necaxa,3,2,"Apertura, Matchday 10",2018-19/mx.1.json
2018-19,2018-09-23,Deportivo Guadalajara,Gallos Blancos,1,1,"Apertura, Matchday 10",2018-19/mx.1.json
2018-19,2018-09-23,Santos Laguna,CD Veracruz,1,1,"Apertura, Matchday 10",2018-19/mx.1.json
2018-19,2018-09-23,UANL Tigres,CF Monterrey,0,0,"Apertura, Matchday 10",2018-19/mx.1.json
2018-19,2018-09-28,Atlas Guadalajara,Deportivo Toluca,2,0,"Apertura, Matchday 11",2018-19/mx.1.json
2018-19,2018-09-28,CD Veracruz,Club León,0,4,"Apertura, Matchday 11",2018-19/mx.1.json
2018-19,2018-09-29,CF Monterrey,Club Tijuana,3,0,"Apertura, Matchday 11",2018-19/mx.1.json
2018-19,2018-09-29,CF Pachuca,Cruz Azul,3,1,"Apertura, Matchday 11",2018-19/mx.1.json
2018-19,2018-09-29,Club Necaxa,Santos Laguna,0,1,"Apertura, Matchday 11",2018-19/mx.1.json
2018-19,2018-09-29,Gallos Blancos,UANL Tigres,0,2,"Apertura, Matchday 11",2018-19/mx.1.json
2018-19,2018-09-30,CF América,Deportivo Guadalajara,1,1,"Apertura, Matchday 11",2018-19/mx.1.json
2018-19,2018-09-30,Lobos BUAP,Monarcas Morelia,3,1,"Apertura, Matchday 11",2018-19/mx.1.json
2018-19,2018-09-30,Pumas UNAM,Puebla FC,2,2,"Apertura, Matchday 11",2018-19/mx.1.json
2018-19,2018-10-05,CD Veracruz,Club Necaxa,0,0,"Apertura, Matchday 12",2018-19/mx.1.json
2018-19,2018-10-05,Santos Laguna,Atlas Guadalajara,3,1,"Apertura, Matchday 12",2018-19/mx.1.json
2018-19,2018-10-06,Club León,Monarcas Morelia,1,2,"Apertura, Matchday 12",2018-19/mx.1.json
2018-19,2018-10-06,Club Tijuana,Gallos Blancos,1,1,"Apertura, Matchday 12",2018-19/mx.1.json
2018-19,2018-10-06,Cruz Azul,CF Monterrey,2,1,"Apertura, Matchday 12",2018-19/mx.1.json
2018-19,2018-10-06,Deportivo Guadalajara,Pumas UNAM,1,2,"Apertura, Matchday 12",2018-19/mx.1.json
2018-19,2018-10-06,UANL Tigres,CF América,2,3,"Apertura, Matchday 12",2018-19/mx.1.json
2018-19,2018-10-07,Deportivo Toluca,CF Pachuca,2,1,"Apertura, Matchday 12",2018-19/mx.1.json
2018-19,2018-10-07,Puebla FC,Lobos BUAP,2,2,"Apertura, Matchday 12",2018-19/mx.1.json
2018-19,2018-10-19,Atlas Guadalajara,CD Veracruz,4,3,"Apertura, Matchday 13",2018-19/mx.1.json
2018-19,2018-10-20,CF América,Club Tijuana,3,0,"Apertura, Matchday 13",2018-19/mx.1.json
2018-19,2018-10-20,CF Monterrey,Deportivo Toluca,2,1,"Apertura, Matchday 13",2018-19/mx.1.json
2018-19,2018-10-20,CF Pachuca,Santos Laguna,1,1,"Apertura, Matchday 13",2018-19/mx.1.json
2018-19,2018-10-20,Club Necaxa,Club León,0,2,"Apertura, Matchday 13",2018-19/mx.1.json
2018-19,2018-10-20,Gallos Blancos,Cruz Azul,2,0,"Apertura, Matchday 13",2018-19/mx.1.json
2018-19,2018-10-21,Lobos BUAP,Deportivo Guadalajara,1,1,"Apertura, Matchday 13",2018-19/mx.1.json
2018-19,2018-10-21,Monarcas Morelia,Puebla FC,2,0,"Apertura, Matchday 13",2018-19/mx.1.json
2018-19,2018-10-21,Pumas UNAM,UANL Tigres,3,3,"Apertura, Matchday 13",2018-19/mx.1.json
2018-19,2018-10-26,CD Veracruz,CF Pachuca,2,3,"Apertura, Matchday 14",2018-19/mx.1.json
2018-19,2018-10-26,Santos Laguna,CF Monterrey,1,0,"Apertura, Matchday 14",2018-19/mx.1.json
2018-19,2018-10-27,Club Necaxa,Atlas Guadalajara,2,2,"Apertura, Matchday 14",2018-19/mx.1.json
2018-19,2018-10-27,Club Tijuana,Pumas UNAM,0,1,"Apertura, Matchday 14",2018-19/mx.1.json
2018-19,2018-10-27,Cruz Azul,CF América,0,0,"Apertura, Matchday 14",2018-19/mx.1.json
2018-19,2018-10-27,Deportivo Guadalajara,Monarcas Morelia,1,2,"Apertura, Matchday 14",2018-19/mx.1.json
2018-19,2018-10-27,UANL Tigres,Lobos BUAP,2,2,"Apertura, Matchday 14",2018-19/mx.1.json
2018-19,2018-10-28,Club León,Puebla FC,0,4,"Apertura, Matchday 14",2018-19/mx.1.json
2018-19,2018-10-28,Deportivo Toluca,Gallos Blancos,4,0,"Apertura, Matchday 14",2018-19/mx.1.json
2018-19,2018-11-02,Monarcas Morelia,UANL Tigres,0,2,"Apertura, Matchday 15",2018-19/mx.1.json
2018-19,2018-11-02,Puebla FC,Deportivo Guadalajara,2,2,"Apertura, Matchday 15",2018-19/mx.1.json
2018-19,2018-11-03,CF América,Deportivo Toluca,1,1,"Apertura, Matchday 15",2018-19/mx.1.json
2018-19,2018-11-03,CF Monterrey,CD Veracruz,2,0,"Apertura, Matchday 15",2018-19/mx.1.json
2018-19,2018-11-03,CF Pachuca,Club Necaxa,6,2,"Apertura, Matchday 15",2018-19/mx.1.json
2018-19,2018-11-03,Lobos BUAP,Club Tijuana,3,1,"Apertura, Matchday 15",2018-19/mx.1.json
2018-19,2018-11-04,Atlas Guadalajara,Club León,0,0,"Apertura, Matchday 15",2018-19/mx.1.json
2018-19,2018-11-04,Gallos Blancos,Santos Laguna,2,1,"Apertura, Matchday 15",2018-19/mx.1.json
2018-19,2018-11-04,Pumas UNAM,Cruz Azul,1,2,"Apertura, Matchday 15",2018-19/mx.1.json
2018-19,2018-11-09,Atlas Guadalajara,CF Pachuca,0,0,"Apertura, Matchday 16",2018-19/mx.1.json
2018-19,2018-11-09,CD Veracruz,Gallos Blancos,2,2,"Apertura, Matchday 16",2018-19/mx.1.json
2018-19,2018-11-10,Club León,Deportivo Guadalajara,0,1,"Apertura, Matchday 16",2018-19/mx.1.json
2018-19,2018-11-10,Club Necaxa,CF Monterrey,1,1,"Apertura, Matchday 16",2018-19/mx.1.json
2018-19,2018-11-10,Club Tijuana,Monarcas Morelia,2,3,"Apertura, Matchday 16",2018-19/mx.1.json
2018-19,2018-11-10,Cruz Azul,Lobos BUAP,2,1,"Apertura, Matchday 16",2018-19/mx.1.json
2018-19,2018-11-10,UANL Tigres,Puebla FC,6,1,"Apertura, Matchday 16",2018-19/mx.1.json
2018-19,2018-11-11,Deportivo Toluca,Pumas UNAM,0,1,"Apertura, Matchday 16",2018-19/mx.1.json
2018-19,2018-11-11,Santos Laguna,CF América,1,1,"Apertura, Matchday 16",2018-19/mx.1.json
2018-19,2018-11-23,Monarcas Morelia,Cruz Azul,0,2,"Apertura, Matchday 17",2018-19/mx.1.json
2018-19,2018-11-23,Puebla FC,Club Tijuana,0,0,"Apertura, Matchday 17",2018-19/mx.1.json
2018-19,2018-11-24,CF América,CD Veracruz,4,1,"Apertura, Matchday 17",2018-19/mx.1.json
2018-19,2018-11-24,CF Monterrey,Atlas Guadalajara,3,1,"Apertura, Matchday 17",2018-19/mx.1.json
2018-19,2018-11-24,CF Pachuca,Club León,1,1,"Apertura, Matchday 17",2018-19/mx.1.json
2018-19,2018-11-24,Deportivo Guadalajara,UANL Tigres,0,1,"Apertura, Matchday 17",2018-19/mx.1.json
2018-19,2018-11-24,Gallos Blancos,Club Necaxa,1,0,"Apertura, Matchday 17",2018-19/mx.1.json
2018-19,2018-11-25,Lobos BUAP,Deportivo Toluca,2,0,"Apertura, Matchday 17",2018-19/mx.1.json
2018-19,2018-11-25,Pumas UNAM,Santos Laguna,1,1,"Apertura, Matchday 17",2018-19/mx.1.json
2018-19,2019-01-04,Monarcas Morelia,Deportivo Toluca,1,3,"Clausura, Matchday 1",2018-19/mx.1.json
2018-19,2019-01-04,Puebla FC,Cruz Azul,1,1,"Clausura, Matchday 1",2018-19/mx.1.json
2018-19,2019-01-05,CF Monterrey,CF Pachuca,5,0,"Clausura, Matchday 1",2018-19/mx.1.json
2018-19,2019-01-05,Club León,UANL Tigres,2,2,"Clausura, Matchday 1",2018-19/mx.1.json
2018-19,2019-01-05,Deportivo Guadalajara,Club Tijuana,2,0,"Clausura, Matchday 1",2018-19/mx.1.json
2018-19,2019-01-05,Gallos Blancos,Atlas Guadalajara,1,2,"Clausura, Matchday 1",2018-19/mx.1.json
2018-19,2019-01-06,Lobos BUAP,Santos Laguna,2,0,"Clausura, Matchday 1",2018-19/mx.1.json
2018-19,2019-01-06,Pumas UNAM,CD Veracruz,0,0,"Clausura, Matchday 1",2018-19/mx.1.json
2018-19,2019-01-11,Atlas Guadalajara,CF América,1,2,"Clausura, Matchday 2",2018-19/mx.1.json
2018-19,2019-01-11,CD Veracruz,Lobos BUAP,0,1,"Clausura, Matchday 2",2018-19/mx.1.json
2018-19,2019-01-12,CF Monterrey,Club León,2,2,"Clausura, Matchday 2",2018-19/mx.1.json
2018-19,2019-01-12,CF Pachuca,Gallos Blancos,3,0,"Clausura, Matchday 2",2018-19/mx.1.json
2018-19,2019-01-12,Club Necaxa,Pumas UNAM,2,1,"Clausura, Matchday 2",2018-19/mx.1.json
2018-19,2019-01-12,Club Tijuana,UANL Tigres,0,3,"Clausura, Matchday 2",2018-19/mx.1.json
2018-19,2019-01-12,Cruz Azul,Deportivo Guadalajara,0,1,"Clausura, Matchday 2",2018-19/mx.1.json
2018-19,2019-01-13,Deportivo Toluca,Puebla FC,2,0,"Clausura, Matchday 2",2018-19/mx.1.json
2018-19,2019-01-13,Santos Laguna,Monarcas Morelia,1,0,"Clausura, Matchday 2",2018-19/mx.1.json
2018-19,2019-01-18,Monarcas Morelia,CD Veracruz,2,0,"Clausura, Matchday 3",2018-19/mx.1.json
2018-19,2019-01-18,Puebla FC,Santos Laguna,1,1,"Clausura, Matchday 3",2018-19/mx.1.json
2018-19,2019-01-19,CF América,CF Pachuca,3,0,"Clausura, Matchday 3",2018-19/mx.1.json
2018-19,2019-01-19,Gallos Blancos,CF Monterrey,1,2,"Clausura, Matchday 3",2018-19/mx.1.json
2018-19,2019-01-19,UANL Tigres,Cruz Azul,0,1,"Clausura, Matchday 3",2018-19/mx.1.json
2018-19,2019-01-20,Club León,Club Tijuana,0,1,"Clausura, Matchday 3",2018-19/mx.1.json
2018-19,2019-01-20,Deportivo Guadalajara,Deportivo Toluca,1,0,"Clausura, Matchday 3",2018-19/mx.1.json
2018-19,2019-01-20,Lobos BUAP,Club Necaxa,2,3,"Clausura, Matchday 3",2018-19/mx.1.json
2018-19,2019-01-20,Pumas UNAM,Atlas Guadalajara,2,2,"Clausura, Matchday 3",2018-19/mx.1.json
2018-19,2019-01-25,Atlas Guadalajara,Lobos BUAP,3,1,"Clausura, Matchday 4",2018-19/mx.1.json
2018-19,2019-01-25,CD Veracruz,Puebla FC,0,1,"Clausura, Matchday 4",2018-19/mx.1.json
2018-19,2019-01-26,CF Monterrey,CF América,3,2,"Clausura, Matchday 4",2018-19/mx.1.json
2018-19,2019-01-26,CF Pachuca,Pumas UNAM,1,0,"Clausura, Matchday 4",2018-19/mx.1.json
2018-19,2019-01-26,Club Necaxa,Monarcas Morelia,0,0,"Clausura, Matchday 4",2018-19/mx.1.json
2018-19,2019-01-26,Cruz Azul,Club Tijuana,1,0,"Clausura, Matchday 4",2018-19/mx.1.json
2018-19,2019-01-27,Deportivo Toluca,UANL Tigres,0,1,"Clausura, Matchday 4",2018-19/mx.1.json
2018-19,2019-01-27,Gallos Blancos,Club León,0,4,"Clausura, Matchday 4",2018-19/mx.1.json
2018-19,2019-01-27,Santos Laguna,Deportivo Guadalajara,1,0,"Clausura, Matchday 4",2018-19/mx.1.json
2018-19,2019-02-01,Monarcas Morelia,Atlas Guadalajara,1,2,"Clausura, Matchday 5",2018-19/mx.1.json
2018-19,2019-02-01,Puebla FC,Club Necaxa,1,4,"Clausura, Matchday 5",2018-19/mx.1.json
2018-19,2019-02-02,CF América,Gallos Blancos,2,0,"Clausura, Matchday 5",2018-19/mx.1.json
2018-19,2019-02-02,Club León,Cruz Azul,2,0,"Clausura, Matchday 5",2018-19/mx.1.json
2018-19,2019-02-02,Club Tijuana,Deportivo Toluca,2,0,"Clausura, Matchday 5",2018-19/mx.1.json
2018-19,2019-02-02,UANL Tigres,Santos Laguna,2,1,"Clausura, Matchday 5",2018-19/mx.1.json
2018-19,2019-02-03,Lobos BUAP,CF Pachuca,1,1,"Clausura, Matchday 5",2018-19/mx.1.json
2018-19,2019-02-03,Pumas UNAM,CF Monterrey,1,1,"Clausura, Matchday 5",2018-19/mx.1.json
2018-19,2019-02-04,Deportivo Guadalajara,CD Veracruz,0,0,"Clausura, Matchday 5",2018-19/mx.1.json
2018-19,2019-02-08,Atlas Guadalajara,Puebla FC,1,2,"Clausura, Matchday 6",2018-19/mx.1.json
2018-19,2019-02-08,CD Veracruz,UANL Tigres,0,2,"Clausura, Matchday 6",2018-19/mx.1.json
2018-19,2019-02-09,CF América,Club León,0,3,"Clausura, Matchday 6",2018-19/mx.1.json
2018-19,2019-02-09,CF Monterrey,Lobos BUAP,4,0,"Clausura, Matchday 6",2018-19/mx.1.json
2018-19,2019-02-09,CF Pachuca,Monarcas Morelia,2,0,"Clausura, Matchday 6",2018-19/mx.1.json
2018-19,2019-02-09,Club Necaxa,Deportivo Guadalajara,3,3,"Clausura, Matchday 6",2018-19/mx.1.json
2018-19,2019-02-09,Gallos Blancos,Pumas UNAM,0,2,"Clausura, Matchday 6",2018-19/mx.1.json
2018-19,2019-02-10,Deportivo Toluca,Cruz Azul,1,1,"Clausura, Matchday 6",2018-19/mx.1.json
2018-19,2019-02-10,Santos Laguna,Club Tijuana,1,1,"Clausura, Matchday 6",2018-19/mx.1.json
2018-19,2019-02-15,Club Tijuana,CD Veracruz,3,0,"Clausura, Matchday 7",2018-19/mx.1.json
2018-19,2019-02-15,Monarcas Morelia,CF Monterrey,2,3,"Clausura, Matchday 7",2018-19/mx.1.json
2018-19,2019-02-15,Puebla FC,CF Pachuca,1,1,"Clausura, Matchday 7",2018-19/mx.1.json
2018-19,2019-02-16,Club León,Deportivo Toluca,3,0,"Clausura, Matchday 7",2018-19/mx.1.json
2018-19,2019-02-16,Cruz Azul,Santos Laguna,1,2,"Clausura, Matchday 7",2018-19/mx.1.json
2018-19,2019-02-16,Deportivo Guadalajara,Atlas Guadalajara,3,0,"Clausura, Matchday 7",2018-19/mx.1.json
2018-19,2019-02-16,UANL Tigres,Club Necaxa,3,2,"Clausura, Matchday 7",2018-19/mx.1.json
2018-19,2019-02-17,Lobos BUAP,Gallos Blancos,3,1,"Clausura, Matchday 7",2018-19/mx.1.json
2018-19,2019-02-17,Pumas UNAM,CF América,1,0,"Clausura, Matchday 7",2018-19/mx.1.json
2018-19,2019-02-22,Atlas Guadalajara,UANL Tigres,0,1,"Clausura, Matchday 8",2018-19/mx.1.json
2018-19,2019-02-22,CD Veracruz,Cruz Azul,1,1,"Clausura, Matchday 8",2018-19/mx.1.json
2018-19,2019-02-23,CF América,Lobos BUAP,3,0,"Clausura, Matchday 8",2018-19/mx.1.json
2018-19,2019-02-23,CF Monterrey,Puebla FC,0,0,"Clausura, Matchday 8",2018-19/mx.1.json
2018-19,2019-02-23,CF Pachuca,Deportivo Guadalajara,3,1,"Clausura, Matchday 8",2018-19/mx.1.json
2018-19,2019-02-23,Club Necaxa,Club Tijuana,1,2,"Clausura, Matchday 8",2018-19/mx.1.json
2018-19,2019-02-23,Gallos Blancos,Monarcas Morelia,3,0,"Clausura, Matchday 8",2018-19/mx.1.json
2018-19,2019-02-24,Pumas UNAM,Club León,1,3,"Clausura, Matchday 8",2018-19/mx.1.json
2018-19,2019-02-24,Santos Laguna,Deportivo Toluca,4,0,"Clausura, Matchday 8",2018-19/mx.1.json
2018-19,2019-03-01,Club Tijuana,Atlas Guadalajara,3,1,"Clausura, Matchday 9",2018-19/mx.1.json
2018-19,2019-03-01,Monarcas Morelia,CF América,2,2,"Clausura, Matchday 9",2018-19/mx.1.json
2018-19,2019-03-02,Club León,Santos Laguna,3,0,"Clausura, Matchday 9",2018-19/mx.1.json
2018-19,2019-03-02,Cruz Azul,Club Necaxa,2,1,"Clausura, Matchday 9",2018-19/mx.1.json
2018-19,2019-03-02,Deportivo Guadalajara,CF Monterrey,0,2,"Clausura, Matchday 9",2018-19/mx.1.json
2018-19,2019-03-02,UANL Tigres,CF Pachuca,3,0,"Clausura, Matchday 9",2018-19/mx.1.json
2018-19,2019-03-03,Deportivo Toluca,CD Veracruz,3,1,"Clausura, Matchday 9",2018-19/mx.1.json
2018-19,2019-03-03,Lobos BUAP,Pumas UNAM,2,1,"Clausura, Matchday 9",2018-19/mx.1.json
2018-19,2019-03-04,Puebla FC,Gallos Blancos,1,0,"Clausura, Matchday 9",2018-19/mx.1.json
2018-19,2019-03-05,CF América,Club Necaxa,1,3,"Clausura, Matchday 1",2018-19/mx.1.json
2018-19,2019-03-08,Atlas Guadalajara,Cruz Azul,0,2,"Clausura, Matchday 10",2018-19/mx.1.json
2018-19,2019-03-08,CD Veracruz,Santos Laguna,2,2,"Clausura, Matchday 10",2018-19/mx.1.json
2018-19,2019-03-09,CF América,Puebla FC,1,0,"Clausura, Matchday 10",2018-19/mx.1.json
2018-19,2019-03-09,CF Monterrey,UANL Tigres,1,1,"Clausura, Matchday 10",2018-19/mx.1.json
2018-19,2019-03-09,CF Pachuca,Club Tijuana,4,0,"Clausura, Matchday 10",2018-19/mx.1.json
2018-19,2019-03-09,Club Necaxa,Deportivo Toluca,1,1,"Clausura, Matchday 10",2018-19/mx.1.json
2018-19,2019-03-09,Gallos Blancos,Deportivo Guadalajara,0,0,"Clausura, Matchday 10",2018-19/mx.1.json
2018-19,2019-03-10,Lobos BUAP,Club León,0,1,"Clausura, Matchday 10",2018-19/mx.1.json
2018-19,2019-03-10,Pumas UNAM,Monarcas Morelia,2,2,"Clausura, Matchday 10",2018-19/mx.1.json
2018-19,2019-03-15,Monarcas Morelia,Lobos BUAP,1,1,"Clausura, Matchday 11",2018-19/mx.1.json
2018-19,2019-03-15,Puebla FC,Pumas UNAM,1,0,"Clausura, Matchday 11",2018-19/mx.1.json
2018-19,2019-03-16,Club Tijuana,CF Monterrey,1,0,"Clausura, Matchday 11",2018-19/mx.1.json
2018-19,2019-03-16,Cruz Azul,CF Pachuca,4,1,"Clausura, Matchday 11",2018-19/mx.1.json
2018-19,2019-03-16,Deportivo Guadalajara,CF América,0,2,"Clausura, Matchday 11",2018-19/mx.1.json
2018-19,2019-03-16,UANL Tigres,Gallos Blancos,4,1,"Clausura, Matchday 11",2018-19/mx.1.json
2018-19,2019-03-17,Club León,CD Veracruz,2,0,"Clausura, Matchday 11",2018-19/mx.1.json
2018-19,2019-03-17,Deportivo Toluca,Atlas Guadalajara,2,0,"Clausura, Matchday 11",2018-19/mx.1.json
2018-19,2019-03-17,Santos Laguna,Club Necaxa,1,2,"Clausura, Matchday 11",2018-19/mx.1.json
2018-19,2019-03-29,Atlas Guadalajara,Santos Laguna,1,0,"Clausura, Matchday 12",2018-19/mx.1.json
2018-19,2019-03-29,Monarcas Morelia,Club León,2,3,"Clausura, Matchday 12",2018-19/mx.1.json
2018-19,2019-03-30,CF América,UANL Tigres,3,0,"Clausura, Matchday 12",2018-19/mx.1.json
2018-19,2019-03-30,CF Monterrey,Cruz Azul,2,2,"Clausura, Matchday 12",2018-19/mx.1.json
2018-19,2019-03-30,CF Pachuca,Deportivo Toluca,3,2,"Clausura, Matchday 12",2018-19/mx.1.json
2018-19,2019-03-30,Club Necaxa,CD Veracruz,2,0,"Clausura, Matchday 12",2018-19/mx.1.json
2018-19,2019-03-30,Gallos Blancos,Club Tijuana,1,0,"Clausura, Matchday 12",2018-19/mx.1.json
2018-19,2019-03-31,Lobos BUAP,Puebla FC,0,4,"Clausura, Matchday 12",2018-19/mx.1.json
2018-19,2019-03-31,Pumas UNAM,Deportivo Guadalajara,2,1,"Clausura, Matchday 12",2018-19/mx.1.json
2018-19,2019-04-05,CD Veracruz,Atlas Guadalajara,0,1,"Clausura, Matchday 13",2018-19/mx.1.json
2018-19,2019-04-05,Puebla FC,Monarcas Morelia,1,1,"Clausura, Matchday 13",2018-19/mx.1.json
2018-19,2019-04-06,Club León,Club Necaxa,2,1,"Clausura, Matchday 13",2018-19/mx.1.json
2018-19,2019-04-06,Club Tijuana,CF América,3,2,"Clausura, Matchday 13",2018-19/mx.1.json
2018-19,2019-04-06,Cruz Azul,Gallos Blancos,3,0,"Clausura, Matchday 13",2018-19/mx.1.json
2018-19,2019-04-06,Deportivo Guadalajara,Lobos BUAP,0,1,"Clausura, Matchday 13",2018-19/mx.1.json
2018-19,2019-04-06,UANL Tigres,Pumas UNAM,2,0,"Clausura, Matchday 13",2018-19/mx.1.json
2018-19,2019-04-07,Deportivo Toluca,CF Monterrey,5,1,"Clausura, Matchday 13",2018-19/mx.1.json
2018-19,2019-04-07,Santos Laguna,CF Pachuca,0,0,"Clausura, Matchday 13",2018-19/mx.1.json
2018-19,2019-04-12,Atlas Guadalajara,Club Necaxa,1,2,"Clausura, Matchday 14",2018-19/mx.1.json
2018-19,2019-04-12,Puebla FC,Club León,0,3,"Clausura, Matchday 14",2018-19/mx.1.json
2018-19,2019-04-13,CF Pachuca,CD Veracruz,9,2,"Clausura, Matchday 14",2018-19/mx.1.json
2018-19,2019-04-13,Gallos Blancos,Deportivo Toluca,0,0,"Clausura, Matchday 14",2018-19/mx.1.json
2018-19,2019-04-13,Monarcas Morelia,Deportivo Guadalajara,1,0,"Clausura, Matchday 14",2018-19/mx.1.json
2018-19,2019-04-14,CF América,Cruz Azul,0,0,"Clausura, Matchday 14",2018-19/mx.1.json
2018-19,2019-04-14,CF Monterrey,Santos Laguna,4,0,"Clausura, Matchday 14",2018-19/mx.1.json
2018-19,2019-04-14,Lobos BUAP,UANL Tigres,0,3,"Clausura, Matchday 14",2018-19/mx.1.json
2018-19,2019-04-14,Pumas UNAM,Club Tijuana,1,0,"Clausura, Matchday 14",2018-19/mx.1.json
2018-19,2019-04-19,CD Veracruz,CF Monterrey,0,1,"Clausura, Matchday 15",2018-19/mx.1.json
2018-19,2019-04-19,Club Tijuana,Lobos BUAP,1,2,"Clausura, Matchday 15",2018-19/mx.1.json
2018-19,2019-04-20,Club León,Atlas Guadalajara,5,2,"Clausura, Matchday 15",2018-19/mx.1.json
2018-19,2019-04-20,Club Necaxa,CF Pachuca,2,2,"Clausura, Matchday 15",2018-19/mx.1.json
2018-19,2019-04-20,Cruz Azul,Pumas UNAM,2,1,"Clausura, Matchday 15",2018-19/mx.1.json
2018-19,2019-04-20,Deportivo Guadalajara,Puebla FC,1,3,"Clausura, Matchday 15",2018-19/mx.1.json
2018-19,2019-04-20,UANL Tigres,Monarcas Morelia,3,3,"Clausura, Matchday 15",2018-19/mx.1.json
2018-19,2019-04-21,Deportivo Toluca,CF América,3,2,"Clausura, Matchday 15",2018-19/mx.1.json
2018-19,2019-04-21,Santos Laguna,Gallos Blancos,2,1,"Clausura, Matchday 15",2018-19/mx.1.json
2018-19,2019-04-26,Monarcas Morelia,Club Tijuana,1,4,"Clausura, Matchday 16",2018-19/mx.1.json
2018-19,2019-04-26,Puebla FC,UANL Tigres,1,1,"Clausura, Matchday 16",2018-19/mx.1.json
2018-19,2019-04-27,CF América,Santos Laguna,1,0,"Clausura, Matchday 16",2018-19/mx.1.json
2018-19,2019-04-27,CF Monterrey,Club Necaxa,2,2,"Clausura, Matchday 16",2018-19/mx.1.json
2018-19,2019-04-27,CF Pachuca,Atlas Guadalajara,1,0,"Clausura, Matchday 16",2018-19/mx.1.json
2018-19,2019-04-27,Deportivo Guadalajara,Club León,2,1,"Clausura, Matchday 16",2018-19/mx.1.json
2018-19,2019-04-28,Gallos Blancos,CD Veracruz,2,1,"Clausura, Matchday 16",2018-19/mx.1.json
2018-19,2019-04-28,Lobos BUAP,Cruz Azul,1,4,"Clausura, Matchday 16",2018-19/mx.1.json
2018-19,2019-04-28,Pumas UNAM,Deportivo Toluca,2,2,"Clausura, Matchday 16",2018-19/mx.1.json
2018-19,2019-05-03,CD Veracruz,CF América,0,2,"Clausura, Matchday 17",2018-19/mx.1.json
2018-19,2019-05-04,Club León,CF Pachuca,2,1,"Clausura, Matchday 17",2018-19/mx.1.json
2018-19,2019-05-04,Club Necaxa,Gallos Blancos,1,0,"Clausura, Matchday 17",2018-19/mx.1.json
2018-19,2019-05-04,Club Tijuana,Puebla FC,4,0,"Clausura, Matchday 17",2018-19/mx.1.json
2018-19,2019-05-04,Cruz Azul,Monarcas Morelia,1,1,"Clausura, Matchday 17",2018-19/mx.1.json
2018-19,2019-05-04,UANL Tigres,Deportivo Guadalajara,2,1,"Clausura, Matchday 17",2018-19/mx.1.json
2018-19,2019-05-05,Atlas Guadalajara,CF Monterrey,2,0,"Clausura, Matchday 17",2018-19/mx.1.json
2018-19,2019-05-05,Deportivo Toluca,Lobos BUAP,4,0,"Clausura, Matchday 17",2018-19/mx.1.json
2018-19,2019-05-05,Santos Laguna,Pumas UNAM,5,2,"Clausura, Matchday 17",2018-19/mx.1.json
2019-20,2019-07-19,Atlas Guadalajara,FC Juárez,1,0,"Apertura, Matchday 1",2019-20/mx.1.json
2019-20,2019-07-19,Puebla FC,Club Tijuana,1,3,"Apertura, Matchday 1",2019-20/mx.1.json
2019-20,2019-07-20,Atlético San Luis,Pumas UNAM,0,2,"Apertura, Matchday 1",2019-20/mx.1.json
2019-20,2019-07-20,CF América,CF Monterrey,4,2,"Apertura, Matchday 1",2019-20/mx.1.json
2019-20,2019-07-20,CF Pachuca,Club León,1,3,"Apertura, Matchday 1",2019-20/mx.1.json
2019-20,2019-07-20,Club Necaxa,Cruz Azul,0,0,"Apertura, Matchday 1",2019-20/mx.1.json
2019-20,2019-07-20,UANL Tigres,Monarcas Morelia,4,2,"Apertura, Matchday 1",2019-20/mx.1.json
2019-20,2019-07-21,Deportivo Toluca,Gallos Blancos,0,2,"Apertura, Matchday 1",2019-20/mx.1.json
2019-20,2019-07-21,Santos Laguna,Deportivo Guadalajara,3,0,"Apertura, Matchday 1",2019-20/mx.1.json
2019-20,2019-07-26,CD Veracruz,CF Pachuca,3,3,"Apertura, Matchday 2",2019-20/mx.1.json
2019-20,2019-07-26,Monarcas Morelia,Atlas Guadalajara,0,1,"Apertura, Matchday 2",2019-20/mx.1.json
2019-20,2019-07-27,Club León,CF América,0,0,"Apertura, Matchday 2",2019-20/mx.1.json
2019-20,2019-07-27,Club Tijuana,Gallos Blancos,1,1,"Apertura, Matchday 2",2019-20/mx.1.json
2019-20,2019-07-27,Cruz Azul,Deportivo Toluca,1,1,"Apertura, Matchday 2",2019-20/mx.1.json
2019-20,2019-07-28,Atlético San Luis,CF Monterrey,1,0,"Apertura, Matchday 2",2019-20/mx.1.json
2019-20,2019-07-28,Deportivo Guadalajara,UANL Tigres,2,0,"Apertura, Matchday 2",2019-20/mx.1.json
2019-20,2019-07-28,Pumas UNAM,Club Necaxa,2,0,"Apertura, Matchday 2",2019-20/mx.1.json
2019-20,2019-07-28,Santos Laguna,FC Juárez,3,0,"Apertura, Matchday 2",2019-20/mx.1.json
2019-20,2019-08-02,Atlas Guadalajara,Santos Laguna,1,2,"Apertura, Matchday 3",2019-20/mx.1.json
2019-20,2019-08-02,Puebla FC,Deportivo Guadalajara,1,1,"Apertura, Matchday 3",2019-20/mx.1.json
2019-20,2019-08-03,CF América,Club Tijuana,3,1,"Apertura, Matchday 3",2019-20/mx.1.json
2019-20,2019-08-03,CF Monterrey,Club León,3,2,"Apertura, Matchday 3",2019-20/mx.1.json
2019-20,2019-08-03,CF Pachuca,Monarcas Morelia,1,2,"Apertura, Matchday 3",2019-20/mx.1.json
2019-20,2019-08-03,Club Necaxa,CD Veracruz,7,0,"Apertura, Matchday 3",2019-20/mx.1.json
2019-20,2019-08-03,Gallos Blancos,Cruz Azul,3,0,"Apertura, Matchday 3",2019-20/mx.1.json
2019-20,2019-08-04,FC Juárez,Deportivo Toluca,2,0,"Apertura, Matchday 3",2019-20/mx.1.json
2019-20,2019-08-04,Pumas UNAM,UANL Tigres,0,1,"Apertura, Matchday 3",2019-20/mx.1.json
2019-20,2019-08-09,CD Veracruz,Atlas Guadalajara,1,2,"Apertura, Matchday 4",2019-20/mx.1.json
2019-20,2019-08-09,Club Tijuana,Pumas UNAM,1,0,"Apertura, Matchday 4",2019-20/mx.1.json
2019-20,2019-08-09,Monarcas Morelia,CF Monterrey,0,1,"Apertura, Matchday 4",2019-20/mx.1.json
2019-20,2019-08-10,Cruz Azul,FC Juárez,2,0,"Apertura, Matchday 4",2019-20/mx.1.json
2019-20,2019-08-10,Deportivo Guadalajara,Atlético San Luis,3,0,"Apertura, Matchday 4",2019-20/mx.1.json
2019-20,2019-08-10,Gallos Blancos,CF Pachuca,2,1,"Apertura, Matchday 4",2019-20/mx.1.json
2019-20,2019-08-10,UANL Tigres,Club Necaxa,3,1,"Apertura, Matchday 4",2019-20/mx.1.json
2019-20,2019-08-11,Deportivo Toluca,CF América,0,1,"Apertura, Matchday 4",2019-20/mx.1.json
2019-20,2019-08-11,Santos Laguna,Puebla FC,4,1,"Apertura, Matchday 4",2019-20/mx.1.json
2019-20,2019-08-16,Atlas Guadalajara,Cruz Azul,1,3,"Apertura, Matchday 5",2019-20/mx.1.json
2019-20,2019-08-16,Puebla FC,CF Pachuca,0,4,"Apertura, Matchday 5",2019-20/mx.1.json
2019-20,2019-08-17,Atlético San Luis,UANL Tigres,1,1,"Apertura, Matchday 5",2019-20/mx.1.json
2019-20,2019-08-17,CF América,Monarcas Morelia,1,0,"Apertura, Matchday 5",2019-20/mx.1.json
2019-20,2019-08-17,CF Monterrey,Deportivo Toluca,2,0,"Apertura, Matchday 5",2019-20/mx.1.json
2019-20,2019-08-17,Club León,Deportivo Guadalajara,4,3,"Apertura, Matchday 5",2019-20/mx.1.json
2019-20,2019-08-18,Club Necaxa,Santos Laguna,3,0,"Apertura, Matchday 5",2019-20/mx.1.json
2019-20,2019-08-18,FC Juárez,Gallos Blancos,0,2,"Apertura, Matchday 5",2019-20/mx.1.json
2019-20,2019-08-18,Pumas UNAM,CD Veracruz,2,0,"Apertura, Matchday 5",2019-20/mx.1.json
2019-20,2019-08-23,CD Veracruz,Atlético San Luis,1,2,"Apertura, Matchday 6",2019-20/mx.1.json
2019-20,2019-08-23,Monarcas Morelia,Pumas UNAM,2,0,"Apertura, Matchday 6",2019-20/mx.1.json
2019-20,2019-08-23,Santos Laguna,CF Monterrey,2,1,"Apertura, Matchday 6",2019-20/mx.1.json
2019-20,2019-08-24,CF Pachuca,Atlas Guadalajara,3,1,"Apertura, Matchday 6",2019-20/mx.1.json
2019-20,2019-08-24,Cruz Azul,Puebla FC,1,1,"Apertura, Matchday 6",2019-20/mx.1.json
2019-20,2019-08-24,Gallos Blancos,Club León,0,4,"Apertura, Matchday 6",2019-20/mx.1.json
2019-20,2019-08-24,UANL Tigres,CF América,1,1,"Apertura, Matchday 6",2019-20/mx.1.json
2019-20,2019-08-25,Deportivo Guadalajara,Club Necaxa,1,2,"Apertura, Matchday 6",2019-20/mx.1.json
2019-20,2019-08-25,Deportivo Toluca,Club Tijuana,2,0,"Apertura, Matchday 6",2019-20/mx.1.json
2019-20,2019-08-27,Atlas Guadalajara,UANL Tigres,1,1,"Apertura, Matchday 7",2019-20/mx.1.json
2019-20,2019-08-27,Atlético San Luis,Monarcas Morelia,1,1,"Apertura, Matchday 7",2019-20/mx.1.json
2019-20,2019-08-27,CD Veracruz,Gallos Blancos,0,5,"Apertura, Matchday 7",2019-20/mx.1.json
2019-20,2019-08-27,CF América,CF Pachuca,1,1,"Apertura, Matchday 7",2019-20/mx.1.json
2019-20,2019-08-28,Club León,Santos Laguna,2,2,"Apertura, Matchday 7",2019-20/mx.1.json
2019-20,2019-08-28,Club Necaxa,Deportivo Toluca,1,1,"Apertura, Matchday 7",2019-20/mx.1.json
2019-20,2019-08-28,Club Tijuana,Cruz Azul,3,2,"Apertura, Matchday 7",2019-20/mx.1.json
2019-20,2019-08-29,CF Monterrey,Pumas UNAM,2,0,"Apertura, Matchday 7",2019-20/mx.1.json
2019-20,2019-08-29,Puebla FC,FC Juárez,2,1,"Apertura, Matchday 7",2019-20/mx.1.json
2019-20,2019-08-30,Atlas Guadalajara,CF América,3,0,"Apertura, Matchday 8",2019-20/mx.1.json
2019-20,2019-08-30,Monarcas Morelia,CD Veracruz,1,0,"Apertura, Matchday 8",2019-20/mx.1.json
2019-20,2019-08-31,CF Pachuca,Atlético San Luis,0,2,"Apertura, Matchday 8",2019-20/mx.1.json
2019-20,2019-08-31,Club Necaxa,Club Tijuana,3,2,"Apertura, Matchday 8",2019-20/mx.1.json
2019-20,2019-08-31,Cruz Azul,Deportivo Guadalajara,1,1,"Apertura, Matchday 8",2019-20/mx.1.json
2019-20,2019-08-31,UANL Tigres,Club León,1,1,"Apertura, Matchday 8",2019-20/mx.1.json
2019-20,2019-09-01,FC Juárez,CF Monterrey,1,0,"Apertura, Matchday 8",2019-20/mx.1.json
2019-20,2019-09-01,Gallos Blancos,Puebla FC,1,1,"Apertura, Matchday 8",2019-20/mx.1.json
2019-20,2019-09-01,Pumas UNAM,Deportivo Toluca,2,1,"Apertura, Matchday 8",2019-20/mx.1.json
2019-20,2019-09-13,CD Veracruz,Cruz Azul,0,0,"Apertura, Matchday 9",2019-20/mx.1.json
2019-20,2019-09-13,Club Tijuana,UANL Tigres,1,1,"Apertura, Matchday 9",2019-20/mx.1.json
2019-20,2019-09-13,Puebla FC,Atlético San Luis,1,3,"Apertura, Matchday 9",2019-20/mx.1.json
2019-20,2019-09-14,CF América,Pumas UNAM,1,1,"Apertura, Matchday 9",2019-20/mx.1.json
2019-20,2019-09-14,CF Monterrey,Club Necaxa,0,2,"Apertura, Matchday 9",2019-20/mx.1.json
2019-20,2019-09-14,Club León,FC Juárez,3,1,"Apertura, Matchday 9",2019-20/mx.1.json
2019-20,2019-09-14,Deportivo Guadalajara,Atlas Guadalajara,1,0,"Apertura, Matchday 9",2019-20/mx.1.json
2019-20,2019-09-15,Deportivo Toluca,Monarcas Morelia,0,2,"Apertura, Matchday 9",2019-20/mx.1.json
2019-20,2019-09-15,Santos Laguna,CF Pachuca,2,2,"Apertura, Matchday 9",2019-20/mx.1.json
2019-20,2019-09-20,Atlas Guadalajara,Deportivo Toluca,0,1,"Apertura, Matchday 10",2019-20/mx.1.json
2019-20,2019-09-20,Monarcas Morelia,Deportivo Guadalajara,1,0,"Apertura, Matchday 10",2019-20/mx.1.json
2019-20,2019-09-21,Atlético San Luis,Santos Laguna,2,3,"Apertura, Matchday 10",2019-20/mx.1.json
2019-20,2019-09-21,CF América,Gallos Blancos,2,2,"Apertura, Matchday 10",2019-20/mx.1.json
2019-20,2019-09-21,CF Monterrey,Puebla FC,3,2,"Apertura, Matchday 10",2019-20/mx.1.json
2019-20,2019-09-21,CF Pachuca,Club Tijuana,4,1,"Apertura, Matchday 10",2019-20/mx.1.json
2019-20,2019-09-21,Club Necaxa,Club León,2,4,"Apertura, Matchday 10",2019-20/mx.1.json
2019-20,2019-09-22,FC Juárez,CD Veracruz,2,0,"Apertura, Matchday 10",2019-20/mx.1.json
2019-20,2019-09-22,Pumas UNAM,Cruz Azul,1,1,"Apertura, Matchday 10",2019-20/mx.1.json
2019-20,2019-09-24,Club León,Atlas Guadalajara,1,1,"Apertura, Matchday 11",2019-20/mx.1.json
2019-20,2019-09-24,Deportivo Guadalajara,CF Pachuca,2,4,"Apertura, Matchday 11",2019-20/mx.1.json
2019-20,2019-09-24,Gallos Blancos,Club Necaxa,1,2,"Apertura, Matchday 11",2019-20/mx.1.json
2019-20,2019-09-24,UANL Tigres,Puebla FC,0,1,"Apertura, Matchday 11",2019-20/mx.1.json
2019-20,2019-09-25,Club Tijuana,Monarcas Morelia,3,2,"Apertura, Matchday 11",2019-20/mx.1.json
2019-20,2019-09-25,Cruz Azul,CF Monterrey,1,1,"Apertura, Matchday 11",2019-20/mx.1.json
2019-20,2019-09-25,FC Juárez,CF América,1,1,"Apertura, Matchday 11",2019-20/mx.1.json
2019-20,2019-09-25,Santos Laguna,CD Veracruz,5,0,"Apertura, Matchday 11",2019-20/mx.1.json
2019-20,2019-09-26,Deportivo Toluca,Atlético San Luis,3,1,"Apertura, Matchday 11",2019-20/mx.1.json
2019-20,2019-09-27,Atlas Guadalajara,Gallos Blancos,2,0,"Apertura, Matchday 12",2019-20/mx.1.json
2019-20,2019-09-27,Puebla FC,Club León,2,1,"Apertura, Matchday 12",2019-20/mx.1.json
2019-20,2019-09-28,CF América,Deportivo Guadalajara,4,1,"Apertura, Matchday 12",2019-20/mx.1.json
2019-20,2019-09-28,CF Monterrey,UANL Tigres,0,2,"Apertura, Matchday 12",2019-20/mx.1.json
2019-20,2019-09-28,CF Pachuca,Cruz Azul,2,0,"Apertura, Matchday 12",2019-20/mx.1.json
2019-20,2019-09-28,Club Necaxa,FC Juárez,0,0,"Apertura, Matchday 12",2019-20/mx.1.json
2019-20,2019-09-29,Atlético San Luis,Club Tijuana,2,3,"Apertura, Matchday 12",2019-20/mx.1.json
2019-20,2019-09-29,CD Veracruz,Deportivo Toluca,1,1,"Apertura, Matchday 12",2019-20/mx.1.json
2019-20,2019-09-29,Pumas UNAM,Santos Laguna,2,0,"Apertura, Matchday 12",2019-20/mx.1.json
2019-20,2019-10-04,Monarcas Morelia,Club Necaxa,2,3,"Apertura, Matchday 13",2019-20/mx.1.json
2019-20,2019-10-05,Club León,CD Veracruz,1,1,"Apertura, Matchday 13",2019-20/mx.1.json
2019-20,2019-10-05,Club Tijuana,Atlas Guadalajara,2,2,"Apertura, Matchday 13",2019-20/mx.1.json
2019-20,2019-10-05,Cruz Azul,CF América,5,2,"Apertura, Matchday 13",2019-20/mx.1.json
2019-20,2019-10-05,Deportivo Guadalajara,Pumas UNAM,1,1,"Apertura, Matchday 13",2019-20/mx.1.json
2019-20,2019-10-05,UANL Tigres,Santos Laguna,4,0,"Apertura, Matchday 13",2019-20/mx.1.json
2019-20,2019-10-06,Deportivo Toluca,Puebla FC,1,1,"Apertura, Matchday 13",2019-20/mx.1.json
2019-20,2019-10-06,FC Juárez,Atlético San Luis,1,2,"Apertura, Matchday 13",2019-20/mx.1.json
2019-20,2019-10-06,Gallos Blancos,CF Monterrey,2,1,"Apertura, Matchday 13",2019-20/mx.1.json
2019-20,2019-10-18,CD Veracruz,UANL Tigres,1,3,"Apertura, Matchday 14",2019-20/mx.1.json
2019-20,2019-10-18,Puebla FC,Atlas Guadalajara,0,1,"Apertura, Matchday 14",2019-20/mx.1.json
2019-20,2019-10-18,Santos Laguna,Club Tijuana,4,1,"Apertura, Matchday 14",2019-20/mx.1.json
2019-20,2019-10-19,CF Pachuca,FC Juárez,0,1,"Apertura, Matchday 14",2019-20/mx.1.json
2019-20,2019-10-19,Club Necaxa,CF América,2,2,"Apertura, Matchday 14",2019-20/mx.1.json
2019-20,2019-10-19,Cruz Azul,Monarcas Morelia,2,3,"Apertura, Matchday 14",2019-20/mx.1.json
2019-20,2019-10-20,Atlético San Luis,Gallos Blancos,0,2,"Apertura, Matchday 14",2019-20/mx.1.json
2019-20,2019-10-20,CF Monterrey,Deportivo Guadalajara,1,1,"Apertura, Matchday 14",2019-20/mx.1.json
2019-20,2019-10-20,Pumas UNAM,Club León,1,2,"Apertura, Matchday 14",2019-20/mx.1.json
2019-20,2019-10-25,Atlas Guadalajara,Club Necaxa,0,2,"Apertura, Matchday 15",2019-20/mx.1.json
2019-20,2019-10-25,Club Tijuana,CD Veracruz,2,0,"Apertura, Matchday 15",2019-20/mx.1.json
2019-20,2019-10-25,Monarcas Morelia,Santos Laguna,2,2,"Apertura, Matchday 15",2019-20/mx.1.json
2019-20,2019-10-26,CF América,Puebla FC,2,0,"Apertura, Matchday 15",2019-20/mx.1.json
2019-20,2019-10-26,Club León,Atlético San Luis,3,2,"Apertura, Matchday 15",2019-20/mx.1.json
2019-20,2019-10-26,Gallos Blancos,Pumas UNAM,3,0,"Apertura, Matchday 15",2019-20/mx.1.json
2019-20,2019-10-26,UANL Tigres,Cruz Azul,1,1,"Apertura, Matchday 15",2019-20/mx.1.json
2019-20,2019-10-27,Deportivo Toluca,CF Pachuca,2,0,"Apertura, Matchday 15",2019-20/mx.1.json
2019-20,2019-10-27,FC Juárez,Deportivo Guadalajara,1,2,"Apertura, Matchday 15",2019-20/mx.1.json
2019-20,2019-10-29,Atlético San Luis,CF América,0,1,"Apertura, Matchday 16",2019-20/mx.1.json
2019-20,2019-10-29,CD Veracruz,Puebla FC,1,0,"Apertura, Matchday 16",2019-20/mx.1.json
2019-20,2019-10-29,Pumas UNAM,Atlas Guadalajara,5,1,"Apertura, Matchday 16",2019-20/mx.1.json
2019-20,2019-10-29,Santos Laguna,Gallos Blancos,1,0,"Apertura, Matchday 16",2019-20/mx.1.json
2019-20,2019-10-30,CF Pachuca,CF Monterrey,2,3,"Apertura, Matchday 16",2019-20/mx.1.json
2019-20,2019-10-30,Deportivo Guadalajara,Club Tijuana,0,1,"Apertura, Matchday 16",2019-20/mx.1.json
2019-20,2019-10-30,UANL Tigres,Deportivo Toluca,1,0,"Apertura, Matchday 16",2019-20/mx.1.json
2019-20,2019-10-31,Cruz Azul,Club León,1,0,"Apertura, Matchday 16",2019-20/mx.1.json
2019-20,2019-10-31,Monarcas Morelia,FC Juárez,6,1,"Apertura, Matchday 16",2019-20/mx.1.json
2019-20,2019-11-01,Atlas Guadalajara,Atlético San Luis,1,2,"Apertura, Matchday 17",2019-20/mx.1.json
2019-20,2019-11-01,Puebla FC,Pumas UNAM,1,1,"Apertura, Matchday 17",2019-20/mx.1.json
2019-20,2019-11-02,CF América,Santos Laguna,1,2,"Apertura, Matchday 17",2019-20/mx.1.json
2019-20,2019-11-02,CF Monterrey,CD Veracruz,1,1,"Apertura, Matchday 17",2019-20/mx.1.json
2019-20,2019-11-02,Club Necaxa,CF Pachuca,1,2,"Apertura, Matchday 17",2019-20/mx.1.json
2019-20,2019-11-02,Gallos Blancos,UANL Tigres,0,0,"Apertura, Matchday 17",2019-20/mx.1.json
2019-20,2019-11-03,Club León,Monarcas Morelia,1,1,"Apertura, Matchday 17",2019-20/mx.1.json
2019-20,2019-11-03,Deportivo Toluca,Deportivo Guadalajara,1,3,"Apertura, Matchday 17",2019-20/mx.1.json
2019-20,2019-11-03,FC Juárez,Club Tijuana,3,0,"Apertura, Matchday 17",2019-20/mx.1.json
2019-20,2019-11-08,CD Veracruz,CF América,0,5,"Apertura, Matchday 18",2019-20/mx.1.json
2019-20,2019-11-08,Club Tijuana,CF Monterrey,0,4,"Apertura, Matchday 18",2019-20/mx.1.json
2019-20,2019-11-08,Monarcas Morelia,Puebla FC,3,2,"Apertura, Matchday 18",2019-20/mx.1.json
2019-20,2019-11-09,Atlético San Luis,Club Necaxa,0,2,"Apertura, Matchday 18",2019-20/mx.1.json
2019-20,2019-11-09,Club León,Deportivo Toluca,4,0,"Apertura, Matchday 18",2019-20/mx.1.json
2019-20,2019-11-09,Deportivo Guadalajara,Gallos Blancos,3,2,"Apertura, Matchday 18",2019-20/mx.1.json
2019-20,2019-11-09,UANL Tigres,CF Pachuca,0,0,"Apertura, Matchday 18",2019-20/mx.1.json
2019-20,2019-11-10,Pumas UNAM,FC Juárez,1,1,"Apertura, Matchday 18",2019-20/mx.1.json
2019-20,2019-11-10,Santos Laguna,Cruz Azul,3,1,"Apertura, Matchday 18",2019-20/mx.1.json
2019-20,2019-11-22,Club Tijuana,Club León,1,2,"Apertura, Matchday 19",2019-20/mx.1.json
2019-20,2019-11-22,Puebla FC,Club Necaxa,3,0,"Apertura, Matchday 19",2019-20/mx.1.json
2019-20,2019-11-23,CF Monterrey,Atlas Guadalajara,2,0,"Apertura, Matchday 19",2019-20/mx.1.json
2019-20,2019-11-23,CF Pachuca,Pumas UNAM,2,0,"Apertura, Matchday 19",2019-20/mx.1.json
2019-20,2019-11-23,Cruz Azul,Atlético San Luis,3,1,"Apertura, Matchday 19",2019-20/mx.1.json
2019-20,2019-11-23,Deportivo Guadalajara,CD Veracruz,3,1,"Apertura, Matchday 19",2019-20/mx.1.json
2019-20,2019-11-23,Gallos Blancos,Monarcas Morelia,3,1,"Apertura, Matchday 19",2019-20/mx.1.json
2019-20,2019-11-24,Deportivo Toluca,Santos Laguna,2,2,"Apertura, Matchday 19",2019-20/mx.1.json
2019-20,2019-11-24,FC Juárez,UANL Tigres,1,2,"Apertura, Matchday 19",2019-20/mx.1.json
2019-20,2020-01-10,Club Tijuana,Santos Laguna,2,1,"Clausura, Matchday 1",2019-20/mx.1.json
2019-20,2020-01-10,Monarcas Morelia,Deportivo Toluca,0,1,"Clausura, Matchday 1",2019-20/mx.1.json
2019-20,2020-01-11,Club León,Gallos Blancos,3,1,"Clausura, Matchday 1",2019-20/mx.1.json
2019-20,2020-01-11,Cruz Azul,Atlas Guadalajara,1,2,"Clausura, Matchday 1",2019-20/mx.1.json
2019-20,2020-01-11,Deportivo Guadalajara,FC Juárez,2,0,"Clausura, Matchday 1",2019-20/mx.1.json
2019-20,2020-01-11,UANL Tigres,Atlético San Luis,0,0,"Clausura, Matchday 1",2019-20/mx.1.json
2019-20,2020-01-12,Pumas UNAM,CF Pachuca,2,1,"Clausura, Matchday 1",2019-20/mx.1.json
2019-20,2020-01-16,FC Juárez,Pumas UNAM,4,4,"Clausura, Matchday 2",2019-20/mx.1.json
2019-20,2020-01-17,Atlas Guadalajara,Puebla FC,0,1,"Clausura, Matchday 2",2019-20/mx.1.json
2019-20,2020-01-17,Atlético San Luis,Cruz Azul,2,1,"Clausura, Matchday 2",2019-20/mx.1.json
2019-20,2020-01-18,CF América,UANL Tigres,1,0,"Clausura, Matchday 2",2019-20/mx.1.json
2019-20,2020-01-18,CF Monterrey,Monarcas Morelia,2,2,"Clausura, Matchday 2",2019-20/mx.1.json
2019-20,2020-01-18,CF Pachuca,Deportivo Guadalajara,0,0,"Clausura, Matchday 2",2019-20/mx.1.json
2019-20,2020-01-19,Deportivo Toluca,Club Necaxa,2,3,"Clausura, Matchday 2",2019-20/mx.1.json
2019-20,2020-01-19,Gallos Blancos,Club Tijuana,3,0,"Clausura, Matchday 2",2019-20/mx.1.json
2019-20,2020-01-19,Santos Laguna,Club León,3,2,"Clausura, Matchday 2",2019-20/mx.1.json
2019-20,2020-01-24,Club Tijuana,CF América,0,0,"Clausura, Matchday 3",2019-20/mx.1.json
2019-20,2020-01-24,Puebla FC,Gallos Blancos,0,1,"Clausura, Matchday 3",2019-20/mx.1.json
2019-20,2020-01-25,Club León,CF Pachuca,3,0,"Clausura, Matchday 3",2019-20/mx.1.json
2019-20,2020-01-25,Cruz Azul,Santos Laguna,3,0,"Clausura, Matchday 3",2019-20/mx.1.json
2019-20,2020-01-25,Deportivo Guadalajara,Deportivo Toluca,2,2,"Clausura, Matchday 3",2019-20/mx.1.json
2019-20,2020-01-25,UANL Tigres,Atlas Guadalajara,2,1,"Clausura, Matchday 3",2019-20/mx.1.json
2019-20,2020-01-26,Club Necaxa,Atlético San Luis,1,1,"Clausura, Matchday 3",2019-20/mx.1.json
2019-20,2020-01-26,FC Juárez,Monarcas Morelia,3,0,"Clausura, Matchday 3",2019-20/mx.1.json
2019-20,2020-01-26,Pumas UNAM,CF Monterrey,1,0,"Clausura, Matchday 3",2019-20/mx.1.json
2019-20,2020-01-31,Atlas Guadalajara,Club Tijuana,2,1,"Clausura, Matchday 4",2019-20/mx.1.json
2019-20,2020-01-31,Atlético San Luis,Deportivo Guadalajara,2,2,"Clausura, Matchday 4",2019-20/mx.1.json
2019-20,2020-02-01,CF América,FC Juárez,1,3,"Clausura, Matchday 4",2019-20/mx.1.json
2019-20,2020-02-01,CF Monterrey,Gallos Blancos,1,2,"Clausura, Matchday 4",2019-20/mx.1.json
2019-20,2020-02-01,CF Pachuca,UANL Tigres,2,0,"Clausura, Matchday 4",2019-20/mx.1.json
2019-20,2020-02-01,Club Necaxa,Puebla FC,2,0,"Clausura, Matchday 4",2019-20/mx.1.json
2019-20,2020-02-01,Monarcas Morelia,Club León,1,2,"Clausura, Matchday 4",2019-20/mx.1.json
2019-20,2020-02-01,Santos Laguna,Pumas UNAM,1,1,"Clausura, Matchday 4",2019-20/mx.1.json
2019-20,2020-02-02,Deportivo Toluca,Cruz Azul,3,3,"Clausura, Matchday 4",2019-20/mx.1.json
2019-20,2020-02-04,Puebla FC,CF América,0,1,"Clausura, Matchday 1",2019-20/mx.1.json
2019-20,2020-02-05,Club Necaxa,CF Monterrey,2,2,"Clausura, Matchday 1",2019-20/mx.1.json
2019-20,2020-02-06,Atlas Guadalajara,Monarcas Morelia,1,3,"Clausura, Matchday 5",2019-20/mx.1.json
2019-20,2020-02-07,Club Tijuana,Deportivo Toluca,1,1,"Clausura, Matchday 5",2019-20/mx.1.json
2019-20,2020-02-07,Puebla FC,Santos Laguna,2,2,"Clausura, Matchday 5",2019-20/mx.1.json
2019-20,2020-02-08,Club León,CF Monterrey,3,1,"Clausura, Matchday 5",2019-20/mx.1.json
2019-20,2020-02-08,Cruz Azul,CF Pachuca,3,1,"Clausura, Matchday 5",2019-20/mx.1.json
2019-20,2020-02-08,UANL Tigres,Deportivo Guadalajara,3,0,"Clausura, Matchday 5",2019-20/mx.1.json
2019-20,2020-02-09,FC Juárez,Club Necaxa,2,1,"Clausura, Matchday 5",2019-20/mx.1.json
2019-20,2020-02-09,Gallos Blancos,CF América,1,2,"Clausura, Matchday 5",2019-20/mx.1.json
2019-20,2020-02-09,Pumas UNAM,Atlético San Luis,4,0,"Clausura, Matchday 5",2019-20/mx.1.json
2019-20,2020-02-14,Atlético San Luis,Club León,3,1,"Clausura, Matchday 6",2019-20/mx.1.json
2019-20,2020-02-14,Monarcas Morelia,Club Tijuana,1,1,"Clausura, Matchday 6",2019-20/mx.1.json
2019-20,2020-02-15,CF América,Atlas Guadalajara,2,0,"Clausura, Matchday 6",2019-20/mx.1.json
2019-20,2020-02-15,CF Monterrey,FC Juárez,1,1,"Clausura, Matchday 6",2019-20/mx.1.json
2019-20,2020-02-15,CF Pachuca,Puebla FC,1,0,"Clausura, Matchday 6",2019-20/mx.1.json
2019-20,2020-02-15,Deportivo Guadalajara,Cruz Azul,1,2,"Clausura, Matchday 6",2019-20/mx.1.json
2019-20,2020-02-15,Deportivo Toluca,Pumas UNAM,2,3,"Clausura, Matchday 6",2019-20/mx.1.json
2019-20,2020-02-16,Club Necaxa,Gallos Blancos,2,3,"Clausura, Matchday 6",2019-20/mx.1.json
2019-20,2020-02-16,Santos Laguna,UANL Tigres,2,1,"Clausura, Matchday 6",2019-20/mx.1.json
2019-20,2020-02-21,Atlas Guadalajara,CF Pachuca,0,2,"Clausura, Matchday 7",2019-20/mx.1.json
2019-20,2020-02-21,Club Tijuana,Deportivo Guadalajara,0,1,"Clausura, Matchday 7",2019-20/mx.1.json
2019-20,2020-02-21,Puebla FC,Deportivo Toluca,2,0,"Clausura, Matchday 7",2019-20/mx.1.json
2019-20,2020-02-22,CF Monterrey,CF América,0,1,"Clausura, Matchday 7",2019-20/mx.1.json
2019-20,2020-02-22,Club León,Club Necaxa,2,1,"Clausura, Matchday 7",2019-20/mx.1.json
2019-20,2020-02-22,Cruz Azul,UANL Tigres,2,1,"Clausura, Matchday 7",2019-20/mx.1.json
2019-20,2020-02-23,FC Juárez,Santos Laguna,1,2,"Clausura, Matchday 7",2019-20/mx.1.json
2019-20,2020-02-23,Gallos Blancos,Atlético San Luis,0,1,"Clausura, Matchday 7",2019-20/mx.1.json
2019-20,2020-02-23,Pumas UNAM,Monarcas Morelia,1,2,"Clausura, Matchday 7",2019-20/mx.1.json
2019-20,2020-02-28,Atlético San Luis,FC Juárez,0,3,"Clausura, Matchday 8",2019-20/mx.1.json
2019-20,2020-02-28,Club Tijuana,Puebla FC,0,1,"Clausura, Matchday 8",2019-20/mx.1.json
2019-20,2020-02-28,Deportivo Toluca,CF Monterrey,2,0,"Clausura, Matchday 8",2019-20/mx.1.json
2019-20,2020-02-28,Monarcas Morelia,Cruz Azul,2,4,"Clausura, Matchday 8",2019-20/mx.1.json
2019-20,2020-02-29,CF América,Club Necaxa,0,3,"Clausura, Matchday 8",2019-20/mx.1.json
2019-20,2020-02-29,CF Pachuca,Gallos Blancos,1,1,"Clausura, Matchday 8",2019-20/mx.1.json
2019-20,2020-02-29,UANL Tigres,Pumas UNAM,3,0,"Clausura, Matchday 8",2019-20/mx.1.json
2019-20,2020-03-01,Deportivo Guadalajara,Club León,2,0,"Clausura, Matchday 8",2019-20/mx.1.json
2019-20,2020-03-01,Santos Laguna,Atlas Guadalajara,1,0,"Clausura, Matchday 8",2019-20/mx.1.json
2019-20,2020-03-06,Gallos Blancos,Deportivo Toluca,1,1,"Clausura, Matchday 9",2019-20/mx.1.json
2019-20,2020-03-06,Puebla FC,UANL Tigres,0,0,"Clausura, Matchday 9",2019-20/mx.1.json
2019-20,2020-03-06,Pumas UNAM,CF América,3,3,"Clausura, Matchday 9",2019-20/mx.1.json
2019-20,2020-03-07,Atlas Guadalajara,Deportivo Guadalajara,1,2,"Clausura, Matchday 9",2019-20/mx.1.json
2019-20,2020-03-07,CF Monterrey,Atlético San Luis,2,2,"Clausura, Matchday 9",2019-20/mx.1.json
2019-20,2020-03-07,CF Pachuca,Santos Laguna,1,0,"Clausura, Matchday 9",2019-20/mx.1.json
2019-20,2020-03-07,Cruz Azul,Club Tijuana,4,2,"Clausura, Matchday 9",2019-20/mx.1.json
2019-20,2020-03-08,Club Necaxa,Monarcas Morelia,1,2,"Clausura, Matchday 9",2019-20/mx.1.json
2019-20,2020-03-08,FC Juárez,Club León,1,4,"Clausura, Matchday 9",2019-20/mx.1.json
2019-20,2020-03-13,Club Tijuana,CF Pachuca,3,2,"Clausura, Matchday 10",2019-20/mx.1.json
2019-20,2020-03-13,Monarcas Morelia,Gallos Blancos,4,0,"Clausura, Matchday 10",2019-20/mx.1.json
2019-20,2020-03-14,Atlético San Luis,Puebla FC,0,1,"Clausura, Matchday 10",2019-20/mx.1.json
2019-20,2020-03-14,Club León,Pumas UNAM,3,1,"Clausura, Matchday 10",2019-20/mx.1.json
2019-20,2020-03-14,Deportivo Guadalajara,CF Monterrey,1,1,"Clausura, Matchday 10",2019-20/mx.1.json
2019-20,2020-03-14,UANL Tigres,FC Juárez,3,2,"Clausura, Matchday 10",2019-20/mx.1.json
2019-20,2020-03-15,CF América,Cruz Azul,0,1,"Clausura, Matchday 10",2019-20/mx.1.json
2019-20,2020-03-15,Deportivo Toluca,Atlas Guadalajara,2,3,"Clausura, Matchday 10",2019-20/mx.1.json
2019-20,2020-03-15,Santos Laguna,Club Necaxa,2,1,"Clausura, Matchday 10",2019-20/mx.1.json
2020-21,2020-07-24,Club Necaxa,UANL Tigres,0,3,"Apertura, Matchday 1",2020-21/mx.1.csv
2020-21,2020-07-25,Club Tijuana,Atlas Guadalajara,3,1,"Apertura, Matchday 1",2020-21/mx.1.csv
2020-21,2020-07-25,Cruz Azul,Santos Laguna,2,0,"Apertura, Matchday 1",2020-21/mx.1.csv
2020-21,2020-07-25,Deportivo Guadalajara,Club León,0,0,"Apertura, Matchday 1",2020-21/mx.1.csv
2020-21,2020-07-26,Pumas UNAM,Gallos Blancos,3,2,"Apertura, Matchday 1",2020-21/mx.1.csv
2020-21,2020-07-27,Atlético San Luis,FC Juárez,1,1,"Apertura, Matchday 1",2020-21/mx.1.csv
2020-21,2020-07-27,CF Pachuca,CF América,1,2,"Apertura, Matchday 1",2020-21/mx.1.csv
2020-21,2020-07-27,Mazatlán FC,Puebla FC,1,4,"Apertura, Matchday 1",2020-21/mx.1.csv
2020-21,2020-07-28,CF Monterrey,Deportivo Toluca,3,1,"Apertura, Matchday 1",2020-21/mx.1.csv
2020-21,2020-07-31,FC Juárez,Club Necaxa,1,0,"Apertura, Matchday 2",2020-21/mx.1.csv
2020-21,2020-07-31,Puebla FC,Cruz Azul,1,1,"Apertura, Matchday 2",2020-21/mx.1.csv
2020-21,2020-08-01,CF América,Club Tijuana,4,0,"Apertura, Matchday 2",2020-21/mx.1.csv
2020-21,2020-08-01,UANL Tigres,CF Pachuca,1,1,"Apertura, Matchday 2",2020-21/mx.1.csv
2020-21,2020-08-02,Deportivo Toluca,Atlético San Luis,3,2,"Apertura, Matchday 2",2020-21/mx.1.csv
2020-21,2020-08-02,Gallos Blancos,Mazatlán FC,1,1,"Apertura, Matchday 2",2020-21/mx.1.csv
2020-21,2020-08-02,Santos Laguna,Deportivo Guadalajara,2,0,"Apertura, Matchday 2",2020-21/mx.1.csv
2020-21,2020-08-03,Atlas Guadalajara,Pumas UNAM,1,2,"Apertura, Matchday 2",2020-21/mx.1.csv
2020-21,2020-08-03,Club León,CF Monterrey,1,0,"Apertura, Matchday 2",2020-21/mx.1.csv
2020-21,2020-08-06,CF Pachuca,Gallos Blancos,1,0,"Apertura, Matchday 3",2020-21/mx.1.csv
2020-21,2020-08-06,Club Tijuana,UANL Tigres,0,0,"Apertura, Matchday 3",2020-21/mx.1.csv
2020-21,2020-08-07,Club Necaxa,CF América,1,1,"Apertura, Matchday 3",2020-21/mx.1.csv
2020-21,2020-08-07,Mazatlán FC,Deportivo Toluca,2,1,"Apertura, Matchday 3",2020-21/mx.1.csv
2020-21,2020-08-08,CF Monterrey,Santos Laguna,2,2,"Apertura, Matchday 3",2020-21/mx.1.csv
2020-21,2020-08-08,Cruz Azul,Club León,2,0,"Apertura, Matchday 3",2020-21/mx.1.csv
2020-21,2020-08-08,Deportivo Guadalajara,Puebla FC,0,1,"Apertura, Matchday 3",2020-21/mx.1.csv
2020-21,2020-08-09,Atlético San Luis,Atlas Guadalajara,1,1,"Apertura, Matchday 3",2020-21/mx.1.csv
2020-21,2020-08-09,Pumas UNAM,FC Juárez,1,1,"Apertura, Matchday 3",2020-21/mx.1.csv
2020-21,2020-08-11,CF Pachuca,Club León,0,1,"Apertura, Matchday 4",2020-21/mx.1.csv
2020-21,2020-08-11,Club Necaxa,Mazatlán FC,1,0,"Apertura, Matchday 4",2020-21/mx.1.csv
2020-21,2020-08-11,UANL Tigres,Puebla FC,2,1,"Apertura, Matchday 4",2020-21/mx.1.csv
2020-21,2020-08-12,Club Tijuana,Atlético San Luis,0,2,"Apertura, Matchday 4",2020-21/mx.1.csv
2020-21,2020-08-12,FC Juárez,Deportivo Guadalajara,0,2,"Apertura, Matchday 4",2020-21/mx.1.csv
2020-21,2020-08-12,Gallos Blancos,Cruz Azul,1,0,"Apertura, Matchday 4",2020-21/mx.1.csv
2020-21,2020-08-12,Pumas UNAM,CF Monterrey,1,1,"Apertura, Matchday 4",2020-21/mx.1.csv
2020-21,2020-08-13,Atlas Guadalajara,Deportivo Toluca,1,2,"Apertura, Matchday 4",2020-21/mx.1.csv
2020-21,2020-08-13,CF América,Santos Laguna,3,1,"Apertura, Matchday 4",2020-21/mx.1.csv
2020-21,2020-08-14,Puebla FC,CF Pachuca,0,1,"Apertura, Matchday 5",2020-21/mx.1.csv
2020-21,2020-08-15,CF Monterrey,Club Necaxa,1,1,"Apertura, Matchday 5",2020-21/mx.1.csv
2020-21,2020-08-15,Cruz Azul,FC Juárez,3,2,"Apertura, Matchday 5",2020-21/mx.1.csv
2020-21,2020-08-15,Deportivo Guadalajara,Atlético San Luis,2,1,"Apertura, Matchday 5",2020-21/mx.1.csv
2020-21,2020-08-15,Mazatlán FC,Pumas UNAM,0,0,"Apertura, Matchday 5",2020-21/mx.1.csv
2020-21,2020-08-16,Deportivo Toluca,UANL Tigres,3,2,"Apertura, Matchday 5",2020-21/mx.1.csv
2020-21,2020-08-16,Gallos Blancos,CF América,4,1,"Apertura, Matchday 5",2020-21/mx.1.csv
2020-21,2020-08-16,Santos Laguna,Atlas Guadalajara,0,0,"Apertura, Matchday 5",2020-21/mx.1.csv
2020-21,2020-08-17,Club León,Club Tijuana,2,1,"Apertura, Matchday 5",2020-21/mx.1.csv
2020-21,2020-08-21,Club Necaxa,Santos Laguna,2,1,"Apertura, Matchday 6",2020-21/mx.1.csv
2020-21,2020-08-21,FC Juárez,Club León,0,0,"Apertura, Matchday 6",2020-21/mx.1.csv
2020-21,2020-08-22,Atlas Guadalajara,Gallos Blancos,1,0,"Apertura, Matchday 6",2020-21/mx.1.csv
2020-21,2020-08-22,CF América,CF Monterrey,1,3,"Apertura, Matchday 6",2020-21/mx.1.csv
2020-21,2020-08-22,UANL Tigres,Pumas UNAM,1,1,"Apertura, Matchday 6",2020-21/mx.1.csv
2020-21,2020-08-23,Atlético San Luis,Cruz Azul,1,3,"Apertura, Matchday 6",2020-21/mx.1.csv
2020-21,2020-08-23,Club Tijuana,Puebla FC,1,0,"Apertura, Matchday 6",2020-21/mx.1.csv
2020-21,2020-08-23,Deportivo Toluca,Deportivo Guadalajara,1,0,"Apertura, Matchday 6",2020-21/mx.1.csv
2020-21,2020-08-24,CF Pachuca,Mazatlán FC,4,3,"Apertura, Matchday 6",2020-21/mx.1.csv
2020-21,2020-08-28,Mazatlán FC,UANL Tigres,1,1,"Apertura, Matchday 7",2020-21/mx.1.csv
2020-21,2020-08-28,Puebla FC,Deportivo Toluca,4,1,"Apertura, Matchday 7",2020-21/mx.1.csv
2020-21,2020-08-29,Atlético San Luis,CF América,1,2,"Apertura, Matchday 7",2020-21/mx.1.csv
2020-21,2020-08-29,Cruz Azul,Club Necaxa,3,0,"Apertura, Matchday 7",2020-21/mx.1.csv
2020-21,2020-08-29,Deportivo Guadalajara,CF Pachuca,0,0,"Apertura, Matchday 7",2020-21/mx.1.csv
2020-21,2020-08-30,CF Monterrey,FC Juárez,2,1,"Apertura, Matchday 7",2020-21/mx.1.csv
2020-21,2020-08-30,Pumas UNAM,Club Tijuana,3,0,"Apertura, Matchday 7",2020-21/mx.1.csv
2020-21,2020-08-30,Santos Laguna,Gallos Blancos,2,1,"Apertura, Matchday 7",2020-21/mx.1.csv
2020-21,2020-08-31,Club León,Atlas Guadalajara,2,1,"Apertura, Matchday 7",2020-21/mx.1.csv
2020-21,2020-09-02,CF América,Mazatlán FC,3,1,"Apertura, Matchday 8",2020-21/mx.1.csv
2020-21,2020-09-03,CF Pachuca,Atlético San Luis,3,1,"Apertura, Matchday 8",2020-21/mx.1.csv
2020-21,2020-09-03,Gallos Blancos,Deportivo Toluca,4,1,"Apertura, Matchday 8",2020-21/mx.1.csv
2020-21,2020-09-04,Club Necaxa,Club León,0,2,"Apertura, Matchday 8",2020-21/mx.1.csv
2020-21,2020-09-04,Club Tijuana,CF Monterrey,2,1,"Apertura, Matchday 8",2020-21/mx.1.csv
2020-21,2020-09-04,FC Juárez,Santos Laguna,1,1,"Apertura, Matchday 8",2020-21/mx.1.csv
2020-21,2020-09-05,Atlas Guadalajara,Cruz Azul,1,0,"Apertura, Matchday 8",2020-21/mx.1.csv
2020-21,2020-09-05,Pumas UNAM,Puebla FC,4,1,"Apertura, Matchday 8",2020-21/mx.1.csv
2020-21,2020-09-05,UANL Tigres,Deportivo Guadalajara,1,3,"Apertura, Matchday 8",2020-21/mx.1.csv
2020-21,2020-09-08,Atlético San Luis,Club Necaxa,2,1,"Apertura, Matchday 9",2020-21/mx.1.csv
2020-21,2020-09-08,CF Monterrey,Atlas Guadalajara,1,1,"Apertura, Matchday 9",2020-21/mx.1.csv
2020-21,2020-09-08,Deportivo Guadalajara,Gallos Blancos,1,1,"Apertura, Matchday 9",2020-21/mx.1.csv
2020-21,2020-09-08,Deportivo Toluca,FC Juárez,0,1,"Apertura, Matchday 9",2020-21/mx.1.csv
2020-21,2020-09-08,Puebla FC,CF América,2,3,"Apertura, Matchday 9",2020-21/mx.1.csv
2020-21,2020-09-09,Club León,UANL Tigres,1,1,"Apertura, Matchday 9",2020-21/mx.1.csv
2020-21,2020-09-09,Cruz Azul,CF Pachuca,1,0,"Apertura, Matchday 9",2020-21/mx.1.csv
2020-21,2020-09-09,Mazatlán FC,Club Tijuana,1,0,"Apertura, Matchday 9",2020-21/mx.1.csv
2020-21,2020-09-09,Santos Laguna,Pumas UNAM,1,2,"Apertura, Matchday 9",2020-21/mx.1.csv
2020-21,2020-09-11,Club Necaxa,Deportivo Guadalajara,1,2,"Apertura, Matchday 10",2020-21/mx.1.csv
2020-21,2020-09-11,FC Juárez,Puebla FC,1,0,"Apertura, Matchday 10",2020-21/mx.1.csv
2020-21,2020-09-12,Atlas Guadalajara,Mazatlán FC,1,1,"Apertura, Matchday 10",2020-21/mx.1.csv
2020-21,2020-09-12,CF América,Deportivo Toluca,1,1,"Apertura, Matchday 10",2020-21/mx.1.csv
2020-21,2020-09-12,UANL Tigres,Santos Laguna,2,0,"Apertura, Matchday 10",2020-21/mx.1.csv
2020-21,2020-09-13,Club Tijuana,Cruz Azul,1,2,"Apertura, Matchday 10",2020-21/mx.1.csv
2020-21,2020-09-13,Gallos Blancos,Club León,2,3,"Apertura, Matchday 10",2020-21/mx.1.csv
2020-21,2020-09-13,Pumas UNAM,Atlético San Luis,3,0,"Apertura, Matchday 10",2020-21/mx.1.csv
2020-21,2020-09-14,CF Pachuca,CF Monterrey,1,1,"Apertura, Matchday 10",2020-21/mx.1.csv
2020-21,2020-09-18,Club Necaxa,Puebla FC,0,1,"Apertura, Matchday 11",2020-21/mx.1.csv
2020-21,2020-09-18,Mazatlán FC,Cruz Azul,2,3,"Apertura, Matchday 11",2020-21/mx.1.csv
2020-21,2020-09-19,Atlas Guadalajara,CF Pachuca,0,1,"Apertura, Matchday 11",2020-21/mx.1.csv
2020-21,2020-09-19,CF América,Deportivo Guadalajara,1,0,"Apertura, Matchday 11",2020-21/mx.1.csv
2020-21,2020-09-19,UANL Tigres,Gallos Blancos,3,0,"Apertura, Matchday 11",2020-21/mx.1.csv
2020-21,2020-09-20,Atlético San Luis,CF Monterrey,1,2,"Apertura, Matchday 11",2020-21/mx.1.csv
2020-21,2020-09-20,Deportivo Toluca,Santos Laguna,1,2,"Apertura, Matchday 11",2020-21/mx.1.csv
2020-21,2020-09-21,Club León,Pumas UNAM,2,0,"Apertura, Matchday 11",2020-21/mx.1.csv
2020-21,2020-09-24,CF Pachuca,Deportivo Toluca,0,0,"Apertura, Matchday 12",2020-21/mx.1.csv
2020-21,2020-09-25,FC Juárez,Atlas Guadalajara,0,1,"Apertura, Matchday 12",2020-21/mx.1.csv
2020-21,2020-09-25,Puebla FC,Gallos Blancos,3,3,"Apertura, Matchday 12",2020-21/mx.1.csv
2020-21,2020-09-26,CF Monterrey,UANL Tigres,0,2,"Apertura, Matchday 12",2020-21/mx.1.csv
2020-21,2020-09-26,Deportivo Guadalajara,Mazatlán FC,2,1,"Apertura, Matchday 12",2020-21/mx.1.csv
2020-21,2020-09-26,Pumas UNAM,Club Necaxa,1,1,"Apertura, Matchday 12",2020-21/mx.1.csv
2020-21,2020-09-27,Atlético San Luis,Club León,0,2,"Apertura, Matchday 12",2020-21/mx.1.csv
2020-21,2020-09-27,Cruz Azul,CF América,0,0,"Apertura, Matchday 12",2020-21/mx.1.csv
2020-21,2020-09-30,Club Tijuana,FC Juárez,2,1,"Apertura, Matchday 11",2020-21/mx.1.csv
2020-21,2020-10-02,Club León,Mazatlán FC,2,1,"Apertura, Matchday 13",2020-21/mx.1.csv
2020-21,2020-10-02,Puebla FC,Santos Laguna,0,2,"Apertura, Matchday 13",2020-21/mx.1.csv
2020-21,2020-10-03,Atlas Guadalajara,Club Necaxa,0,1,"Apertura, Matchday 13",2020-21/mx.1.csv
2020-21,2020-10-03,CF América,Pumas UNAM,2,2,"Apertura, Matchday 13",2020-21/mx.1.csv
2020-21,2020-10-03,UANL Tigres,Atlético San Luis,3,0,"Apertura, Matchday 13",2020-21/mx.1.csv
2020-21,2020-10-04,Club Tijuana,Deportivo Guadalajara,0,0,"Apertura, Matchday 13",2020-21/mx.1.csv
2020-21,2020-10-04,Deportivo Toluca,Cruz Azul,2,0,"Apertura, Matchday 13",2020-21/mx.1.csv
2020-21,2020-10-04,FC Juárez,CF Pachuca,1,1,"Apertura, Matchday 13",2020-21/mx.1.csv
2020-21,2020-10-04,Gallos Blancos,CF Monterrey,1,2,"Apertura, Matchday 13",2020-21/mx.1.csv
2020-21,2020-10-11,Santos Laguna,Club Tijuana,2,0,"Apertura, Matchday 12",2020-21/mx.1.csv
2020-21,2020-10-15,Atlético San Luis,Gallos Blancos,2,1,"Apertura, Matchday 14",2020-21/mx.1.csv
2020-21,2020-10-16,Club Necaxa,Club Tijuana,2,0,"Apertura, Matchday 14",2020-21/mx.1.csv
2020-21,2020-10-16,Mazatlán FC,FC Juárez,3,2,"Apertura, Matchday 14",2020-21/mx.1.csv
2020-21,2020-10-17,CF Monterrey,Puebla FC,3,1,"Apertura, Matchday 14",2020-21/mx.1.csv
2020-21,2020-10-17,Cruz Azul,UANL Tigres,0,2,"Apertura, Matchday 14",2020-21/mx.1.csv
2020-21,2020-10-17,Deportivo Guadalajara,Atlas Guadalajara,3,2,"Apertura, Matchday 14",2020-21/mx.1.csv
2020-21,2020-10-18,Pumas UNAM,Deportivo Toluca,1,0,"Apertura, Matchday 14",2020-21/mx.1.csv
2020-21,2020-10-18,Santos Laguna,CF Pachuca,1,1,"Apertura, Matchday 14",2020-21/mx.1.csv
2020-21,2020-10-19,Club León,CF América,3,2,"Apertura, Matchday 14",2020-21/mx.1.csv
2020-21,2020-10-23,Puebla FC,Club León,1,2,"Apertura, Matchday 15",2020-21/mx.1.csv
2020-21,2020-10-24,CF América,Atlas Guadalajara,1,0,"Apertura, Matchday 15",2020-21/mx.1.csv
2020-21,2020-10-24,Gallos Blancos,Club Necaxa,0,1,"Apertura, Matchday 15",2020-21/mx.1.csv
2020-21,2020-10-24,Mazatlán FC,CF Monterrey,1,2,"Apertura, Matchday 15",2020-21/mx.1.csv
2020-21,2020-10-24,UANL Tigres,FC Juárez,1,1,"Apertura, Matchday 15",2020-21/mx.1.csv
2020-21,2020-10-25,Deportivo Guadalajara,Cruz Azul,0,2,"Apertura, Matchday 15",2020-21/mx.1.csv
2020-21,2020-10-25,Deportivo Toluca,Club Tijuana,2,0,"Apertura, Matchday 15",2020-21/mx.1.csv
2020-21,2020-10-25,Santos Laguna,Atlético San Luis,2,1,"Apertura, Matchday 15",2020-21/mx.1.csv
2020-21,2020-10-26,CF Pachuca,Pumas UNAM,1,1,"Apertura, Matchday 15",2020-21/mx.1.csv
2020-21,2020-10-29,Atlético San Luis,Mazatlán FC,0,5,"Apertura, Matchday 16",2020-21/mx.1.csv
2020-21,2020-10-30,Club Necaxa,Deportivo Toluca,3,2,"Apertura, Matchday 16",2020-21/mx.1.csv
2020-21,2020-10-30,Club Tijuana,CF Pachuca,0,2,"Apertura, Matchday 16",2020-21/mx.1.csv
2020-21,2020-10-30,FC Juárez,Gallos Blancos,1,0,"Apertura, Matchday 16",2020-21/mx.1.csv
2020-21,2020-10-31,Atlas Guadalajara,Puebla FC,0,1,"Apertura, Matchday 16",2020-21/mx.1.csv
2020-21,2020-10-31,CF Monterrey,Cruz Azul,1,0,"Apertura, Matchday 16",2020-21/mx.1.csv
2020-21,2020-10-31,Pumas UNAM,Deportivo Guadalajara,2,2,"Apertura, Matchday 16",2020-21/mx.1.csv
2020-21,2020-11-01,CF América,UANL Tigres,3,1,"Apertura, Matchday 16",2020-21/mx.1.csv
2020-21,2020-11-02,Club León,Santos Laguna,2,1,"Apertura, Matchday 16",2020-21/mx.1.csv
2020-21,2020-11-06,FC Juárez,CF América,1,1,"Apertura, Matchday 17",2020-21/mx.1.csv
2020-21,2020-11-06,Puebla FC,Atlético San Luis,1,0,"Apertura, Matchday 17",2020-21/mx.1.csv
2020-21,2020-11-07,CF Pachuca,Club Necaxa,0,1,"Apertura, Matchday 17",2020-21/mx.1.csv
2020-21,2020-11-07,Cruz Azul,Pumas UNAM,1,2,"Apertura, Matchday 17",2020-21/mx.1.csv
2020-21,2020-11-07,Deportivo Guadalajara,CF Monterrey,3,1,"Apertura, Matchday 17",2020-21/mx.1.csv
2020-21,2020-11-07,UANL Tigres,Atlas Guadalajara,1,1,"Apertura, Matchday 17",2020-21/mx.1.csv
2020-21,2020-11-08,Deportivo Toluca,Club León,2,2,"Apertura, Matchday 17",2020-21/mx.1.csv
2020-21,2020-11-08,Gallos Blancos,Club Tijuana,2,2,"Apertura, Matchday 17",2020-21/mx.1.csv
2020-21,2020-11-08,Santos Laguna,Mazatlán FC,4,0,"Apertura, Matchday 17",2020-21/mx.1.csv
2020-21,2021-01-08,Club Tijuana,Pumas UNAM,0,0,"Clausura, Matchday 1",2020-21/mx.1.csv
2020-21,2021-01-08,Mazatlán FC,Club Necaxa,3,2,"Clausura, Matchday 1",2020-21/mx.1.csv
2020-21,2021-01-08,Puebla FC,Deportivo Guadalajara,1,1,"Clausura, Matchday 1",2020-21/mx.1.csv
2020-21,2021-01-09,Atlas Guadalajara,CF Monterrey,0,2,"Clausura, Matchday 1",2020-21/mx.1.csv
2020-21,2021-01-09,CF América,Atlético San Luis,2,1,"Clausura, Matchday 1",2020-21/mx.1.csv
2020-21,2021-01-09,UANL Tigres,Club León,2,0,"Clausura, Matchday 1",2020-21/mx.1.csv
2020-21,2021-01-10,Deportivo Toluca,Gallos Blancos,3,1,"Clausura, Matchday 1",2020-21/mx.1.csv
2020-21,2021-01-10,Santos Laguna,Cruz Azul,1,0,"Clausura, Matchday 1",2020-21/mx.1.csv
2020-21,2021-01-11,CF Pachuca,FC Juárez,1,1,"Clausura, Matchday 1",2020-21/mx.1.csv
2020-21,2021-01-15,Club Necaxa,Atlético San Luis,1,0,"Clausura, Matchday 2",2020-21/mx.1.csv
2020-21,2021-01-15,FC Juárez,Club Tijuana,0,0,"Clausura, Matchday 2",2020-21/mx.1.csv
2020-21,2021-01-16,CF Monterrey,CF América,1,0,"Clausura, Matchday 2",2020-21/mx.1.csv
2020-21,2021-01-16,Cruz Azul,Puebla FC,0,1,"Clausura, Matchday 2",2020-21/mx.1.csv
2020-21,2021-01-16,Deportivo Guadalajara,Deportivo Toluca,1,1,"Clausura, Matchday 2",2020-21/mx.1.csv
2020-21,2021-01-17,Gallos Blancos,Atlas Guadalajara,1,0,"Clausura, Matchday 2",2020-21/mx.1.csv
2020-21,2021-01-17,Pumas UNAM,Mazatlán FC,3,0,"Clausura, Matchday 2",2020-21/mx.1.csv
2020-21,2021-01-17,Santos Laguna,UANL Tigres,2,0,"Clausura, Matchday 2",2020-21/mx.1.csv
2020-21,2021-01-18,Club León,CF Pachuca,0,0,"Clausura, Matchday 2",2020-21/mx.1.csv
2020-21,2021-01-21,Atlético San Luis,Deportivo Guadalajara,3,1,"Clausura, Matchday 3",2020-21/mx.1.csv
2020-21,2021-01-22,Mazatlán FC,Santos Laguna,0,0,"Clausura, Matchday 3",2020-21/mx.1.csv
2020-21,2021-01-22,Puebla FC,Club Tijuana,0,1,"Clausura, Matchday 3",2020-21/mx.1.csv
2020-21,2021-01-23,Atlas Guadalajara,UANL Tigres,0,2,"Clausura, Matchday 3",2020-21/mx.1.csv
2020-21,2021-01-24,Deportivo Toluca,Club Necaxa,2,0,"Clausura, Matchday 3",2020-21/mx.1.csv
2020-21,2021-01-24,Gallos Blancos,Pumas UNAM,2,0,"Clausura, Matchday 3",2020-21/mx.1.csv
2020-21,2021-01-25,CF Pachuca,Cruz Azul,0,1,"Clausura, Matchday 3",2020-21/mx.1.csv
2020-21,2021-01-26,CF América,FC Juárez,2,0,"Clausura, Matchday 3",2020-21/mx.1.csv
2020-21,2021-01-28,UANL Tigres,Club Necaxa,1,1,"Clausura, Matchday 4",2020-21/mx.1.csv
2020-21,2021-01-29,Mazatlán FC,CF Pachuca,1,0,"Clausura, Matchday 4",2020-21/mx.1.csv
2020-21,2021-01-30,Club Tijuana,Deportivo Toluca,3,2,"Clausura, Matchday 4",2020-21/mx.1.csv
2020-21,2021-01-30,Cruz Azul,Gallos Blancos,4,1,"Clausura, Matchday 4",2020-21/mx.1.csv
2020-21,2021-01-30,Deportivo Guadalajara,FC Juárez,1,2,"Clausura, Matchday 4",2020-21/mx.1.csv
2020-21,2021-01-31,Pumas UNAM,Atlas Guadalajara,0,0,"Clausura, Matchday 4",2020-21/mx.1.csv
2020-21,2021-01-31,Santos Laguna,CF América,1,1,"Clausura, Matchday 4",2020-21/mx.1.csv
2020-21,2021-02-01,Club León,Atlético San Luis,3,1,"Clausura, Matchday 4",2020-21/mx.1.csv
2020-21,2021-02-02,Puebla FC,CF Monterrey,0,0,"Clausura, Matchday 4",2020-21/mx.1.csv
2020-21,2021-02-04,Atlético San Luis,Club Tijuana,2,2,"Clausura, Matchday 5",2020-21/mx.1.csv
2020-21,2021-02-04,Gallos Blancos,CF Pachuca,3,1,"Clausura, Matchday 5",2020-21/mx.1.csv
2020-21,2021-02-05,Club Necaxa,Cruz Azul,0,2,"Clausura, Matchday 5",2020-21/mx.1.csv
2020-21,2021-02-06,Atlas Guadalajara,Santos Laguna,1,1,"Clausura, Matchday 5",2020-21/mx.1.csv
2020-21,2021-02-06,CF América,Puebla FC,1,0,"Clausura, Matchday 5",2020-21/mx.1.csv
2020-21,2021-02-06,CF Monterrey,Pumas UNAM,1,0,"Clausura, Matchday 5",2020-21/mx.1.csv
2020-21,2021-02-07,Deportivo Toluca,Mazatlán FC,4,1,"Clausura, Matchday 5",2020-21/mx.1.csv
2020-21,2021-02-08,Club León,Deportivo Guadalajara,1,3,"Clausura, Matchday 5",2020-21/mx.1.csv
2020-21,2021-02-12,Club Tijuana,Club León,2,0,"Clausura, Matchday 6",2020-21/mx.1.csv
2020-21,2021-02-12,Mazatlán FC,Atlético San Luis,0,3,"Clausura, Matchday 6",2020-21/mx.1.csv
2020-21,2021-02-12,Puebla FC,FC Juárez,4,0,"Clausura, Matchday 6",2020-21/mx.1.csv
2020-21,2021-02-13,CF América,Gallos Blancos,2,1,"Clausura, Matchday 6",2020-21/mx.1.csv
2020-21,2021-02-13,Deportivo Guadalajara,Club Necaxa,2,2,"Clausura, Matchday 6",2020-21/mx.1.csv
2020-21,2021-02-14,Deportivo Toluca,Pumas UNAM,1,0,"Clausura, Matchday 6",2020-21/mx.1.csv
2020-21,2021-02-14,Santos Laguna,CF Monterrey,1,0,"Clausura, Matchday 6",2020-21/mx.1.csv
2020-21,2021-02-15,CF Pachuca,Atlas Guadalajara,0,1,"Clausura, Matchday 6",2020-21/mx.1.csv
2020-21,2021-02-17,UANL Tigres,Cruz Azul,0,2,"Clausura, Matchday 6",2020-21/mx.1.csv
2020-21,2021-02-18,Atlético San Luis,Santos Laguna,1,0,"Clausura, Matchday 7",2020-21/mx.1.csv
2020-21,2021-02-19,Club Necaxa,CF Monterrey,1,1,"Clausura, Matchday 7",2020-21/mx.1.csv
2020-21,2021-02-19,FC Juárez,Mazatlán FC,1,0,"Clausura, Matchday 7",2020-21/mx.1.csv
2020-21,2021-02-20,Cruz Azul,Deportivo Toluca,3,2,"Clausura, Matchday 7",2020-21/mx.1.csv
2020-21,2021-02-21,Gallos Blancos,Puebla FC,1,1,"Clausura, Matchday 7",2020-21/mx.1.csv
2020-21,2021-02-21,Pumas UNAM,Club León,0,1,"Clausura, Matchday 7",2020-21/mx.1.csv
2020-21,2021-02-21,UANL Tigres,Club Tijuana,3,2,"Clausura, Matchday 7",2020-21/mx.1.csv
2020-21,2021-02-22,CF Pachuca,Deportivo Guadalajara,1,1,"Clausura, Matchday 7",2020-21/mx.1.csv
2020-21,2021-02-25,Atlético San Luis,UANL Tigres,2,2,"Clausura, Matchday 8",2020-21/mx.1.csv
2020-21,2021-02-26,Mazatlán FC,Gallos Blancos,3,0,"Clausura, Matchday 8",2020-21/mx.1.csv
2020-21,2021-02-26,Puebla FC,Club Necaxa,1,0,"Clausura, Matchday 8",2020-21/mx.1.csv
2020-21,2021-02-27,CF América,CF Pachuca,2,0,"Clausura, Matchday 8",2020-21/mx.1.csv
2020-21,2021-02-27,Club León,Cruz Azul,0,1,"Clausura, Matchday 8",2020-21/mx.1.csv
2020-21,2021-02-27,Deportivo Toluca,Atlas Guadalajara,0,0,"Clausura, Matchday 8",2020-21/mx.1.csv
2020-21,2021-02-28,CF Monterrey,Club Tijuana,1,1,"Clausura, Matchday 8",2020-21/mx.1.csv
2020-21,2021-02-28,Deportivo Guadalajara,Pumas UNAM,2,1,"Clausura, Matchday 8",2020-21/mx.1.csv
2020-21,2021-02-28,Santos Laguna,FC Juárez,3,2,"Clausura, Matchday 8",2020-21/mx.1.csv
2020-21,2021-03-02,Atlas Guadalajara,Atlético San Luis,3,1,"Clausura, Matchday 9",2020-21/mx.1.csv
2020-21,2021-03-02,Club León,Puebla FC,1,2,"Clausura, Matchday 9",2020-21/mx.1.csv
2020-21,2021-03-02,UANL Tigres,Deportivo Toluca,0,1,"Clausura, Matchday 9",2020-21/mx.1.csv
2020-21,2021-03-03,Club Tijuana,CF América,0,2,"Clausura, Matchday 9",2020-21/mx.1.csv
2020-21,2021-03-03,Cruz Azul,Mazatlán FC,1,0,"Clausura, Matchday 9",2020-21/mx.1.csv
2020-21,2021-03-03,FC Juárez,CF Monterrey,1,6,"Clausura, Matchday 9",2020-21/mx.1.csv
2020-21,2021-03-03,Gallos Blancos,Deportivo Guadalajara,2,2,"Clausura, Matchday 9",2020-21/mx.1.csv
2020-21,2021-03-04,Club Necaxa,CF Pachuca,2,2,"Clausura, Matchday 9",2020-21/mx.1.csv
2020-21,2021-03-04,Pumas UNAM,Santos Laguna,1,0,"Clausura, Matchday 9",2020-21/mx.1.csv
2020-21,2021-03-05,Atlético San Luis,Deportivo Toluca,0,0,"Clausura, Matchday 10",2020-21/mx.1.csv
2020-21,2021-03-05,Puebla FC,UANL Tigres,1,1,"Clausura, Matchday 10",2020-21/mx.1.csv
2020-21,2021-03-06,Atlas Guadalajara,FC Juárez,2,0,"Clausura, Matchday 10",2020-21/mx.1.csv
2020-21,2021-03-06,CF América,Club León,2,1,"Clausura, Matchday 10",2020-21/mx.1.csv
2020-21,2021-03-06,CF Monterrey,Gallos Blancos,2,1,"Clausura, Matchday 10",2020-21/mx.1.csv
2020-21,2021-03-06,Mazatlán FC,Deportivo Guadalajara,1,1,"Clausura, Matchday 10",2020-21/mx.1.csv
2020-21,2021-03-07,Pumas UNAM,Cruz Azul,0,1,"Clausura, Matchday 10",2020-21/mx.1.csv
2020-21,2021-03-07,Santos Laguna,Club Necaxa,3,1,"Clausura, Matchday 10",2020-21/mx.1.csv
2020-21,2021-03-08,CF Pachuca,Club Tijuana,2,1,"Clausura, Matchday 10",2020-21/mx.1.csv
2020-21,2021-03-10,CF Monterrey,Club León,1,1,"Clausura, Matchday 3",2020-21/mx.1.csv
2020-21,2021-03-12,FC Juárez,Pumas UNAM,1,1,"Clausura, Matchday 11",2020-21/mx.1.csv
2020-21,2021-03-12,Puebla FC,Atlas Guadalajara,0,1,"Clausura, Matchday 11",2020-21/mx.1.csv
2020-21,2021-03-13,Club Tijuana,Santos Laguna,0,1,"Clausura, Matchday 11",2020-21/mx.1.csv
2020-21,2021-03-13,Cruz Azul,CF Monterrey,1,0,"Clausura, Matchday 11",2020-21/mx.1.csv
2020-21,2021-03-13,UANL Tigres,Mazatlán FC,1,2,"Clausura, Matchday 11",2020-21/mx.1.csv
2020-21,2021-03-14,Deportivo Guadalajara,CF América,0,3,"Clausura, Matchday 11",2020-21/mx.1.csv
2020-21,2021-03-14,Deportivo Toluca,CF Pachuca,0,2,"Clausura, Matchday 11",2020-21/mx.1.csv
2020-21,2021-03-14,Gallos Blancos,Atlético San Luis,2,1,"Clausura, Matchday 11",2020-21/mx.1.csv
2020-21,2021-03-15,Club León,Club Necaxa,3,1,"Clausura, Matchday 11",2020-21/mx.1.csv
2020-21,2021-03-18,CF Pachuca,UANL Tigres,1,0,"Clausura, Matchday 12",2020-21/mx.1.csv
2020-21,2021-03-19,Club Necaxa,FC Juárez,1,0,"Clausura, Matchday 12",2020-21/mx.1.csv
2020-21,2021-03-19,Mazatlán FC,CF América,0,1,"Clausura, Matchday 12",2020-21/mx.1.csv
2020-21,2021-03-20,Atlético San Luis,Pumas UNAM,0,1,"Clausura, Matchday 12",2020-21/mx.1.csv
2020-21,2021-03-20,Club Tijuana,Gallos Blancos,3,1,"Clausura, Matchday 12",2020-21/mx.1.csv
2020-21,2021-03-20,Cruz Azul,Atlas Guadalajara,3,2,"Clausura, Matchday 12",2020-21/mx.1.csv
2020-21,2021-03-21,Deportivo Toluca,Puebla FC,4,4,"Clausura, Matchday 12",2020-21/mx.1.csv
2020-21,2021-03-21,Santos Laguna,Club León,1,2,"Clausura, Matchday 12",2020-21/mx.1.csv
2020-21,2021-04-02,FC Juárez,Cruz Azul,0,1,"Clausura, Matchday 13",2020-21/mx.1.csv
2020-21,2021-04-02,Puebla FC,Mazatlán FC,3,1,"Clausura, Matchday 13",2020-21/mx.1.csv
2020-21,2021-04-03,Atlas Guadalajara,Club Tijuana,1,0,"Clausura, Matchday 13",2020-21/mx.1.csv
2020-21,2021-04-03,CF América,Club Necaxa,2,1,"Clausura, Matchday 13",2020-21/mx.1.csv
2020-21,2021-04-03,CF Monterrey,Atlético San Luis,2,0,"Clausura, Matchday 13",2020-21/mx.1.csv
2020-21,2021-04-04,Club León,Deportivo Toluca,2,1,"Clausura, Matchday 13",2020-21/mx.1.csv
2020-21,2021-04-04,Deportivo Guadalajara,Santos Laguna,1,1,"Clausura, Matchday 13",2020-21/mx.1.csv
2020-21,2021-04-04,Gallos Blancos,UANL Tigres,0,1,"Clausura, Matchday 13",2020-21/mx.1.csv
2020-21,2021-04-04,Pumas UNAM,CF Pachuca,2,2,"Clausura, Matchday 13",2020-21/mx.1.csv
2020-21,2021-04-09,Club Necaxa,Pumas UNAM,0,1,"Clausura, Matchday 14",2020-21/mx.1.csv
2020-21,2021-04-09,FC Juárez,Atlético San Luis,2,1,"Clausura, Matchday 14",2020-21/mx.1.csv
2020-21,2021-04-10,Atlas Guadalajara,Club León,1,3,"Clausura, Matchday 14",2020-21/mx.1.csv
2020-21,2021-04-10,Cruz Azul,Deportivo Guadalajara,1,0,"Clausura, Matchday 14",2020-21/mx.1.csv
2020-21,2021-04-10,UANL Tigres,CF América,1,3,"Clausura, Matchday 14",2020-21/mx.1.csv
2020-21,2021-04-11,Club Tijuana,Mazatlán FC,2,3,"Clausura, Matchday 14",2020-21/mx.1.csv
2020-21,2021-04-11,Deportivo Toluca,CF Monterrey,1,2,"Clausura, Matchday 14",2020-21/mx.1.csv
2020-21,2021-04-11,Gallos Blancos,Santos Laguna,1,0,"Clausura, Matchday 14",2020-21/mx.1.csv
2020-21,2021-04-12,CF Pachuca,Puebla FC,1,3,"Clausura, Matchday 14",2020-21/mx.1.csv
2020-21,2021-04-14,FC Juárez,UANL Tigres,2,3,"Clausura, Matchday 5",2020-21/mx.1.csv
2020-21,2021-04-16,Club Necaxa,Gallos Blancos,0,0,"Clausura, Matchday 15",2020-21/mx.1.csv
2020-21,2021-04-16,Mazatlán FC,Atlas Guadalajara,0,0,"Clausura, Matchday 15",2020-21/mx.1.csv
2020-21,2021-04-17,Atlético San Luis,Puebla FC,1,4,"Clausura, Matchday 15",2020-21/mx.1.csv
2020-21,2021-04-17,CF América,Cruz Azul,1,1,"Clausura, Matchday 15",2020-21/mx.1.csv
2020-21,2021-04-17,Deportivo Guadalajara,Club Tijuana,2,0,"Clausura, Matchday 15",2020-21/mx.1.csv
2020-21,2021-04-18,CF Monterrey,CF Pachuca,0,1,"Clausura, Matchday 15",2020-21/mx.1.csv
2020-21,2021-04-18,Pumas UNAM,UANL Tigres,0,0,"Clausura, Matchday 15",2020-21/mx.1.csv
2020-21,2021-04-18,Santos Laguna,Deportivo Toluca,3,1,"Clausura, Matchday 15",2020-21/mx.1.csv
2020-21,2021-04-19,Club León,FC Juárez,2,0,"Clausura, Matchday 15",2020-21/mx.1.csv
2020-21,2021-04-21,CF Monterrey,Deportivo Guadalajara,1,2,"Clausura, Matchday 12",2020-21/mx.1.csv
2020-21,2021-04-23,Club Tijuana,Club Necaxa,1,0,"Clausura, Matchday 16",2020-21/mx.1.csv
2020-21,2021-04-23,Mazatlán FC,Club León,4,3,"Clausura, Matchday 16",2020-21/mx.1.csv
2020-21,2021-04-23,Puebla FC,Pumas UNAM,0,0,"Clausura, Matchday 16",2020-21/mx.1.csv
2020-21,2021-04-24,Atlas Guadalajara,Deportivo Guadalajara,0,1,"Clausura, Matchday 16",2020-21/mx.1.csv
2020-21,2021-04-24,Cruz Azul,Atlético San Luis,3,2,"Clausura, Matchday 16",2020-21/mx.1.csv
2020-21,2021-04-24,UANL Tigres,CF Monterrey,2,1,"Clausura, Matchday 16",2020-21/mx.1.csv
2020-21,2021-04-25,Deportivo Toluca,CF América,3,1,"Clausura, Matchday 16",2020-21/mx.1.csv
2020-21,2021-04-25,Gallos Blancos,FC Juárez,1,0,"Clausura, Matchday 16",2020-21/mx.1.csv
2020-21,2021-04-26,CF Pachuca,Santos Laguna,1,0,"Clausura, Matchday 16",2020-21/mx.1.csv
2020-21,2021-04-29,Atlético San Luis,CF Pachuca,1,5,"Clausura, Matchday 17",2020-21/mx.1.csv
2020-21,2021-04-30,Club Necaxa,Atlas Guadalajara,1,5,"Clausura, Matchday 17",2020-21/mx.1.csv
2020-21,2021-04-30,FC Juárez,Deportivo Toluca,1,0,"Clausura, Matchday 17",2020-21/mx.1.csv
2020-21,2021-05-01,CF Monterrey,Mazatlán FC,1,0,"Clausura, Matchday 17",2020-21/mx.1.csv
2020-21,2021-05-01,Club León,Gallos Blancos,2,1,"Clausura, Matchday 17",2020-21/mx.1.csv
2020-21,2021-05-01,Cruz Azul,Club Tijuana,1,1,"Clausura, Matchday 17",2020-21/mx.1.csv
2020-21,2021-05-01,Deportivo Guadalajara,UANL Tigres,0,0,"Clausura, Matchday 17",2020-21/mx.1.csv
2020-21,2021-05-02,Pumas UNAM,CF América,0,1,"Clausura, Matchday 17",2020-21/mx.1.csv
2020-21,2021-05-02,Santos Laguna,Puebla FC,0,0,"Clausura, Matchday 17",2020-21/mx.1.csv
2021-22,2021-07-22,Gallos Blancos,CF América,0,0,"Apertura, Matchday 1",2021-22/mx.1.csv
2021-22,2021-07-23,Club Necaxa,Santos Laguna,0,3,"Apertura, Matchday 1",2021-22/mx.1.csv
2021-22,2021-07-23,FC Juárez,Deportivo Toluca,1,3,"Apertura, Matchday 1",2021-22/mx.1.csv
2021-22,2021-07-24,CF Pachuca,Club León,4,0,"Apertura, Matchday 1",2021-22/mx.1.csv
2021-22,2021-07-24,Deportivo Guadalajara,Atlético San Luis,1,2,"Apertura, Matchday 1",2021-22/mx.1.csv
2021-22,2021-07-25,CF Monterrey,Puebla FC,1,1,"Apertura, Matchday 1",2021-22/mx.1.csv
2021-22,2021-07-25,Club Tijuana,UANL Tigres,1,2,"Apertura, Matchday 1",2021-22/mx.1.csv
2021-22,2021-07-25,Pumas UNAM,Atlas Guadalajara,0,0,"Apertura, Matchday 1",2021-22/mx.1.csv
2021-22,2021-07-26,Cruz Azul,Mazatlán FC,0,2,"Apertura, Matchday 1",2021-22/mx.1.csv
2021-22,2021-07-30,Mazatlán FC,CF Pachuca,2,1,"Apertura, Matchday 2",2021-22/mx.1.csv
2021-22,2021-07-30,Puebla FC,Deportivo Guadalajara,0,2,"Apertura, Matchday 2",2021-22/mx.1.csv
2021-22,2021-07-31,Atlas Guadalajara,FC Juárez,2,0,"Apertura, Matchday 2",2021-22/mx.1.csv
2021-22,2021-07-31,CF América,Club Necaxa,2,1,"Apertura, Matchday 2",2021-22/mx.1.csv
2021-22,2021-07-31,CF Monterrey,Pumas UNAM,2,0,"Apertura, Matchday 2",2021-22/mx.1.csv
2021-22,2021-07-31,Club León,Club Tijuana,2,1,"Apertura, Matchday 2",2021-22/mx.1.csv
2021-22,2021-08-01,Deportivo Toluca,UANL Tigres,3,1,"Apertura, Matchday 2",2021-22/mx.1.csv
2021-22,2021-08-01,Santos Laguna,Cruz Azul,1,1,"Apertura, Matchday 2",2021-22/mx.1.csv
2021-22,2021-08-02,Atlético San Luis,Gallos Blancos,1,1,"Apertura, Matchday 2",2021-22/mx.1.csv
2021-22,2021-08-05,Gallos Blancos,Club León,0,1,"Apertura, Matchday 3",2021-22/mx.1.csv
2021-22,2021-08-06,Club Necaxa,Cruz Azul,1,2,"Apertura, Matchday 3",2021-22/mx.1.csv
2021-22,2021-08-06,Club Tijuana,Deportivo Toluca,0,2,"Apertura, Matchday 3",2021-22/mx.1.csv
2021-22,2021-08-06,Mazatlán FC,CF Monterrey,1,1,"Apertura, Matchday 3",2021-22/mx.1.csv
2021-22,2021-08-07,CF América,Puebla FC,2,0,"Apertura, Matchday 3",2021-22/mx.1.csv
2021-22,2021-08-07,Deportivo Guadalajara,FC Juárez,2,2,"Apertura, Matchday 3",2021-22/mx.1.csv
2021-22,2021-08-07,UANL Tigres,Santos Laguna,1,1,"Apertura, Matchday 3",2021-22/mx.1.csv
2021-22,2021-08-08,Pumas UNAM,Atlético San Luis,1,3,"Apertura, Matchday 3",2021-22/mx.1.csv
2021-22,2021-08-09,CF Pachuca,Atlas Guadalajara,0,1,"Apertura, Matchday 3",2021-22/mx.1.csv
2021-22,2021-08-12,Atlético San Luis,Club Necaxa,0,2,"Apertura, Matchday 4",2021-22/mx.1.csv
2021-22,2021-08-13,FC Juárez,Club Tijuana,1,1,"Apertura, Matchday 4",2021-22/mx.1.csv
2021-22,2021-08-13,Puebla FC,UANL Tigres,1,1,"Apertura, Matchday 4",2021-22/mx.1.csv
2021-22,2021-08-14,CF Monterrey,CF Pachuca,3,1,"Apertura, Matchday 4",2021-22/mx.1.csv
2021-22,2021-08-14,Club León,Mazatlán FC,3,0,"Apertura, Matchday 4",2021-22/mx.1.csv
2021-22,2021-08-14,Cruz Azul,Deportivo Toluca,4,0,"Apertura, Matchday 4",2021-22/mx.1.csv
2021-22,2021-08-14,Pumas UNAM,Gallos Blancos,0,0,"Apertura, Matchday 4",2021-22/mx.1.csv
2021-22,2021-08-15,Atlas Guadalajara,CF América,0,1,"Apertura, Matchday 4",2021-22/mx.1.csv
2021-22,2021-08-15,Santos Laguna,Deportivo Guadalajara,0,0,"Apertura, Matchday 4",2021-22/mx.1.csv
2021-22,2021-08-17,Club Necaxa,Pumas UNAM,3,0,"Apertura, Matchday 5",2021-22/mx.1.csv
2021-22,2021-08-17,Club Tijuana,Puebla FC,1,1,"Apertura, Matchday 5",2021-22/mx.1.csv
2021-22,2021-08-17,Deportivo Toluca,Mazatlán FC,2,2,"Apertura, Matchday 5",2021-22/mx.1.csv
2021-22,2021-08-17,UANL Tigres,Gallos Blancos,3,0,"Apertura, Matchday 5",2021-22/mx.1.csv
2021-22,2021-08-18,Cruz Azul,CF Monterrey,1,1,"Apertura, Matchday 5",2021-22/mx.1.csv
2021-22,2021-08-18,Deportivo Guadalajara,Club León,0,3,"Apertura, Matchday 5",2021-22/mx.1.csv
2021-22,2021-08-18,FC Juárez,CF América,1,2,"Apertura, Matchday 5",2021-22/mx.1.csv
2021-22,2021-08-18,Santos Laguna,Atlas Guadalajara,1,1,"Apertura, Matchday 5",2021-22/mx.1.csv
2021-22,2021-08-20,Mazatlán FC,UANL Tigres,0,3,"Apertura, Matchday 6",2021-22/mx.1.csv
2021-22,2021-08-21,Atlas Guadalajara,Deportivo Toluca,0,0,"Apertura, Matchday 6",2021-22/mx.1.csv
2021-22,2021-08-21,Atlético San Luis,Cruz Azul,0,0,"Apertura, Matchday 6",2021-22/mx.1.csv
2021-22,2021-08-21,CF Monterrey,Deportivo Guadalajara,0,0,"Apertura, Matchday 6",2021-22/mx.1.csv
2021-22,2021-08-21,Club León,Santos Laguna,1,1,"Apertura, Matchday 6",2021-22/mx.1.csv
2021-22,2021-08-22,CF América,Club Tijuana,2,0,"Apertura, Matchday 6",2021-22/mx.1.csv
2021-22,2021-08-22,Club Necaxa,FC Juárez,1,0,"Apertura, Matchday 6",2021-22/mx.1.csv
2021-22,2021-08-22,Gallos Blancos,CF Pachuca,0,2,"Apertura, Matchday 6",2021-22/mx.1.csv
2021-22,2021-08-22,Pumas UNAM,Puebla FC,2,0,"Apertura, Matchday 6",2021-22/mx.1.csv
2021-22,2021-08-27,Club Tijuana,CF Monterrey,2,2,"Apertura, Matchday 7",2021-22/mx.1.csv
2021-22,2021-08-27,Mazatlán FC,Atlético San Luis,2,2,"Apertura, Matchday 7",2021-22/mx.1.csv
2021-22,2021-08-27,Puebla FC,Gallos Blancos,1,0,"Apertura, Matchday 7",2021-22/mx.1.csv
2021-22,2021-08-28,Club León,CF América,1,1,"Apertura, Matchday 7",2021-22/mx.1.csv
2021-22,2021-08-28,Deportivo Guadalajara,Club Necaxa,2,1,"Apertura, Matchday 7",2021-22/mx.1.csv
2021-22,2021-08-28,UANL Tigres,Atlas Guadalajara,1,1,"Apertura, Matchday 7",2021-22/mx.1.csv
2021-22,2021-08-29,Cruz Azul,CF Pachuca,1,1,"Apertura, Matchday 7",2021-22/mx.1.csv
2021-22,2021-08-29,Deportivo Toluca,Pumas UNAM,2,1,"Apertura, Matchday 7",2021-22/mx.1.csv
2021-22,2021-08-29,Santos Laguna,FC Juárez,2,0,"Apertura, Matchday 7",2021-22/mx.1.csv
2021-22,2021-09-10,Club Tijuana,Santos Laguna,2,1,"Apertura, Matchday 8",2021-22/mx.1.csv
2021-22,2021-09-10,FC Juárez,Cruz Azul,2,1,"Apertura, Matchday 8",2021-22/mx.1.csv
2021-22,2021-09-10,Puebla FC,Atlético San Luis,2,2,"Apertura, Matchday 8",2021-22/mx.1.csv
2021-22,2021-09-11,Atlas Guadalajara,CF Monterrey,2,1,"Apertura, Matchday 8",2021-22/mx.1.csv
2021-22,2021-09-11,CF América,Mazatlán FC,2,0,"Apertura, Matchday 8",2021-22/mx.1.csv
2021-22,2021-09-11,UANL Tigres,Club León,2,2,"Apertura, Matchday 8",2021-22/mx.1.csv
2021-22,2021-09-12,Gallos Blancos,Club Necaxa,3,0,"Apertura, Matchday 8",2021-22/mx.1.csv
2021-22,2021-09-12,Pumas UNAM,Deportivo Guadalajara,0,0,"Apertura, Matchday 8",2021-22/mx.1.csv
2021-22,2021-09-13,CF Pachuca,Deportivo Toluca,1,2,"Apertura, Matchday 8",2021-22/mx.1.csv
2021-22,2021-09-16,Atlético San Luis,Club Tijuana,4,1,"Apertura, Matchday 9",2021-22/mx.1.csv
2021-22,2021-09-17,Club Necaxa,Atlas Guadalajara,0,3,"Apertura, Matchday 9",2021-22/mx.1.csv
2021-22,2021-09-18,Club León,FC Juárez,0,1,"Apertura, Matchday 9",2021-22/mx.1.csv
2021-22,2021-09-18,Deportivo Guadalajara,CF Pachuca,1,0,"Apertura, Matchday 9",2021-22/mx.1.csv
2021-22,2021-09-18,Deportivo Toluca,CF América,3,1,"Apertura, Matchday 9",2021-22/mx.1.csv
2021-22,2021-09-18,Mazatlán FC,Pumas UNAM,2,2,"Apertura, Matchday 9",2021-22/mx.1.csv
2021-22,2021-09-19,CF Monterrey,UANL Tigres,2,0,"Apertura, Matchday 9",2021-22/mx.1.csv
2021-22,2021-09-19,Cruz Azul,Gallos Blancos,2,0,"Apertura, Matchday 9",2021-22/mx.1.csv
2021-22,2021-09-19,Santos Laguna,Puebla FC,1,1,"Apertura, Matchday 9",2021-22/mx.1.csv
2021-22,2021-09-21,FC Juárez,Atlético San Luis,1,0,"Apertura, Matchday 14",2021-22/mx.1.csv
2021-22,2021-09-22,CF Monterrey,Deportivo Toluca,2,0,"Apertura, Matchday 11",2021-22/mx.1.csv
2021-22,2021-09-23,CF Pachuca,Club Necaxa,1,0,"Apertura, Matchday 10",2021-22/mx.1.csv
2021-22,2021-09-24,Club Tijuana,Mazatlán FC,0,0,"Apertura, Matchday 10",2021-22/mx.1.csv
2021-22,2021-09-24,Puebla FC,Cruz Azul,1,1,"Apertura, Matchday 10",2021-22/mx.1.csv
2021-22,2021-09-25,Atlas Guadalajara,Club León,2,0,"Apertura, Matchday 10",2021-22/mx.1.csv
2021-22,2021-09-25,CF América,Deportivo Guadalajara,0,0,"Apertura, Matchday 10",2021-22/mx.1.csv
2021-22,2021-09-25,UANL Tigres,Pumas UNAM,0,0,"Apertura, Matchday 10",2021-22/mx.1.csv
2021-22,2021-09-26,Deportivo Toluca,Atlético San Luis,1,2,"Apertura, Matchday 10",2021-22/mx.1.csv
2021-22,2021-09-26,Santos Laguna,CF Monterrey,1,2,"Apertura, Matchday 10",2021-22/mx.1.csv
2021-22,2021-09-28,Atlas Guadalajara,Puebla FC,0,1,"Apertura, Matchday 11",2021-22/mx.1.csv
2021-22,2021-09-28,CF Pachuca,CF América,1,1,"Apertura, Matchday 11",2021-22/mx.1.csv
2021-22,2021-09-28,Club Necaxa,Club Tijuana,3,0,"Apertura, Matchday 11",2021-22/mx.1.csv
2021-22,2021-09-28,Mazatlán FC,FC Juárez,3,1,"Apertura, Matchday 11",2021-22/mx.1.csv
2021-22,2021-09-29,Atlético San Luis,UANL Tigres,0,3,"Apertura, Matchday 11",2021-22/mx.1.csv
2021-22,2021-09-29,Gallos Blancos,Deportivo Guadalajara,1,0,"Apertura, Matchday 11",2021-22/mx.1.csv
2021-22,2021-10-01,FC Juárez,CF Monterrey,3,1,"Apertura, Matchday 12",2021-22/mx.1.csv
2021-22,2021-10-01,Puebla FC,CF Pachuca,1,2,"Apertura, Matchday 12",2021-22/mx.1.csv
2021-22,2021-10-02,Club León,Atlético San Luis,0,0,"Apertura, Matchday 12",2021-22/mx.1.csv
2021-22,2021-10-02,Deportivo Guadalajara,Atlas Guadalajara,0,1,"Apertura, Matchday 12",2021-22/mx.1.csv
2021-22,2021-10-02,Santos Laguna,Mazatlán FC,1,0,"Apertura, Matchday 12",2021-22/mx.1.csv
2021-22,2021-10-03,CF América,Pumas UNAM,2,0,"Apertura, Matchday 12",2021-22/mx.1.csv
2021-22,2021-10-03,Club Tijuana,Cruz Azul,0,1,"Apertura, Matchday 12",2021-22/mx.1.csv
2021-22,2021-10-03,Deportivo Toluca,Gallos Blancos,1,1,"Apertura, Matchday 12",2021-22/mx.1.csv
2021-22,2021-10-03,UANL Tigres,Club Necaxa,0,0,"Apertura, Matchday 12",2021-22/mx.1.csv
2021-22,2021-10-08,FC Juárez,Gallos Blancos,0,0,"Apertura, Matchday 10",2021-22/mx.1.csv
2021-22,2021-10-14,Gallos Blancos,Club Tijuana,1,1,"Apertura, Matchday 13",2021-22/mx.1.csv
2021-22,2021-10-15,Club Necaxa,Puebla FC,0,1,"Apertura, Matchday 13",2021-22/mx.1.csv
2021-22,2021-10-15,Mazatlán FC,Atlas Guadalajara,1,0,"Apertura, Matchday 13",2021-22/mx.1.csv
2021-22,2021-10-16,Atlético San Luis,CF América,0,1,"Apertura, Matchday 13",2021-22/mx.1.csv
2021-22,2021-10-16,CF Monterrey,Club León,0,1,"Apertura, Matchday 13",2021-22/mx.1.csv
2021-22,2021-10-16,CF Pachuca,Santos Laguna,1,1,"Apertura, Matchday 13",2021-22/mx.1.csv
2021-22,2021-10-16,Cruz Azul,UANL Tigres,1,1,"Apertura, Matchday 13",2021-22/mx.1.csv
2021-22,2021-10-17,Deportivo Guadalajara,Deportivo Toluca,2,0,"Apertura, Matchday 13",2021-22/mx.1.csv
2021-22,2021-10-17,Pumas UNAM,FC Juárez,1,0,"Apertura, Matchday 13",2021-22/mx.1.csv
2021-22,2021-10-19,Atlas Guadalajara,Cruz Azul,0,0,"Apertura, Matchday 14",2021-22/mx.1.csv
2021-22,2021-10-19,CF América,Santos Laguna,2,1,"Apertura, Matchday 14",2021-22/mx.1.csv
2021-22,2021-10-19,Gallos Blancos,CF Monterrey,1,0,"Apertura, Matchday 14",2021-22/mx.1.csv
2021-22,2021-10-19,Puebla FC,Mazatlán FC,2,0,"Apertura, Matchday 14",2021-22/mx.1.csv
2021-22,2021-10-20,Club León,Pumas UNAM,1,2,"Apertura, Matchday 14",2021-22/mx.1.csv
2021-22,2021-10-20,Club Tijuana,Deportivo Guadalajara,0,0,"Apertura, Matchday 14",2021-22/mx.1.csv
2021-22,2021-10-20,Deportivo Toluca,Club Necaxa,1,1,"Apertura, Matchday 14",2021-22/mx.1.csv
2021-22,2021-10-20,UANL Tigres,CF Pachuca,3,0,"Apertura, Matchday 14",2021-22/mx.1.csv
2021-22,2021-10-22,Mazatlán FC,Gallos Blancos,2,1,"Apertura, Matchday 15",2021-22/mx.1.csv
2021-22,2021-10-23,CF América,UANL Tigres,1,0,"Apertura, Matchday 15",2021-22/mx.1.csv
2021-22,2021-10-23,CF Monterrey,Club Necaxa,0,1,"Apertura, Matchday 15",2021-22/mx.1.csv
2021-22,2021-10-23,Deportivo Guadalajara,Cruz Azul,1,1,"Apertura, Matchday 15",2021-22/mx.1.csv
2021-22,2021-10-23,Puebla FC,Club León,0,1,"Apertura, Matchday 15",2021-22/mx.1.csv
2021-22,2021-10-24,Atlético San Luis,Atlas Guadalajara,2,6,"Apertura, Matchday 15",2021-22/mx.1.csv
2021-22,2021-10-24,CF Pachuca,FC Juárez,1,1,"Apertura, Matchday 15",2021-22/mx.1.csv
2021-22,2021-10-24,Pumas UNAM,Club Tijuana,3,1,"Apertura, Matchday 15",2021-22/mx.1.csv
2021-22,2021-10-24,Santos Laguna,Deportivo Toluca,2,2,"Apertura, Matchday 15",2021-22/mx.1.csv
2021-22,2021-10-28,Atlas Guadalajara,Club Tijuana,0,2,"Apertura, Matchday 16",2021-22/mx.1.csv
2021-22,2021-10-29,Club Necaxa,Mazatlán FC,2,1,"Apertura, Matchday 16",2021-22/mx.1.csv
2021-22,2021-10-29,FC Juárez,Puebla FC,0,2,"Apertura, Matchday 16",2021-22/mx.1.csv
2021-22,2021-10-30,CF Pachuca,Pumas UNAM,1,1,"Apertura, Matchday 16",2021-22/mx.1.csv
2021-22,2021-10-30,Gallos Blancos,Santos Laguna,2,3,"Apertura, Matchday 16",2021-22/mx.1.csv
2021-22,2021-10-30,UANL Tigres,Deportivo Guadalajara,2,1,"Apertura, Matchday 16",2021-22/mx.1.csv
2021-22,2021-10-31,Atlético San Luis,CF Monterrey,1,1,"Apertura, Matchday 16",2021-22/mx.1.csv
2021-22,2021-10-31,Cruz Azul,CF América,2,1,"Apertura, Matchday 16",2021-22/mx.1.csv
2021-22,2021-10-31,Deportivo Toluca,Club León,0,0,"Apertura, Matchday 16",2021-22/mx.1.csv
2021-22,2021-11-03,CF Pachuca,Atlético San Luis,0,0,"Apertura, Matchday 5",2021-22/mx.1.csv
2021-22,2021-11-03,Cruz Azul,Club León,0,1,"Apertura, Matchday 11",2021-22/mx.1.csv
2021-22,2021-11-04,Atlas Guadalajara,Gallos Blancos,2,0,"Apertura, Matchday 17",2021-22/mx.1.csv
2021-22,2021-11-04,Pumas UNAM,Santos Laguna,0,3,"Apertura, Matchday 11",2021-22/mx.1.csv
2021-22,2021-11-05,Mazatlán FC,Deportivo Guadalajara,0,1,"Apertura, Matchday 17",2021-22/mx.1.csv
2021-22,2021-11-05,Puebla FC,Deportivo Toluca,1,0,"Apertura, Matchday 17",2021-22/mx.1.csv
2021-22,2021-11-06,CF América,CF Monterrey,0,0,"Apertura, Matchday 17",2021-22/mx.1.csv
2021-22,2021-11-06,Club León,Club Necaxa,3,0,"Apertura, Matchday 17",2021-22/mx.1.csv
2021-22,2021-11-06,Club Tijuana,CF Pachuca,3,2,"Apertura, Matchday 17",2021-22/mx.1.csv
2021-22,2021-11-06,UANL Tigres,FC Juárez,3,0,"Apertura, Matchday 17",2021-22/mx.1.csv
2021-22,2021-11-07,Pumas UNAM,Cruz Azul,4,3,"Apertura, Matchday 17",2021-22/mx.1.csv
2021-22,2021-11-07,Santos Laguna,Atlético San Luis,0,0,"Apertura, Matchday 17",2021-22/mx.1.csv
2021-22,2022-01-06,Atlético San Luis,CF Pachuca,0,2,"Clausura, Matchday 1",2021-22/mx.1.csv
2021-22,2022-01-07,FC Juárez,Club Necaxa,2,1,"Clausura, Matchday 1",2021-22/mx.1.csv
2021-22,2022-01-07,Puebla FC,CF América,1,1,"Clausura, Matchday 1",2021-22/mx.1.csv
2021-22,2022-01-08,CF Monterrey,Gallos Blancos,0,0,"Clausura, Matchday 1",2021-22/mx.1.csv
2021-22,2022-01-08,Cruz Azul,Club Tijuana,2,0,"Clausura, Matchday 1",2021-22/mx.1.csv
2021-22,2022-01-09,Deportivo Guadalajara,Mazatlán FC,3,0,"Clausura, Matchday 1",2021-22/mx.1.csv
2021-22,2022-01-10,Pumas UNAM,Deportivo Toluca,5,0,"Clausura, Matchday 1",2021-22/mx.1.csv
2021-22,2022-01-12,Santos Laguna,UANL Tigres,1,1,"Clausura, Matchday 1",2021-22/mx.1.csv
2021-22,2022-01-14,Club Necaxa,CF Monterrey,0,4,"Clausura, Matchday 2",2021-22/mx.1.csv
2021-22,2022-01-14,Gallos Blancos,Pumas UNAM,1,3,"Clausura, Matchday 2",2021-22/mx.1.csv
2021-22,2022-01-15,Atlas Guadalajara,Atlético San Luis,1,0,"Clausura, Matchday 2",2021-22/mx.1.csv
2021-22,2022-01-15,Club Tijuana,Club León,1,1,"Clausura, Matchday 2",2021-22/mx.1.csv
2021-22,2022-01-15,Cruz Azul,FC Juárez,1,0,"Clausura, Matchday 2",2021-22/mx.1.csv
2021-22,2022-01-15,UANL Tigres,Puebla FC,0,2,"Clausura, Matchday 2",2021-22/mx.1.csv
2021-22,2022-01-16,CF Pachuca,Deportivo Guadalajara,2,1,"Clausura, Matchday 2",2021-22/mx.1.csv
2021-22,2022-01-16,Deportivo Toluca,Santos Laguna,3,1,"Clausura, Matchday 2",2021-22/mx.1.csv
2021-22,2022-01-19,Club León,Atlas Guadalajara,1,1,"Clausura, Matchday 1",2021-22/mx.1.csv
2021-22,2022-01-20,Atlético San Luis,FC Juárez,0,1,"Clausura, Matchday 3",2021-22/mx.1.csv
2021-22,2022-01-21,Mazatlán FC,Deportivo Toluca,1,2,"Clausura, Matchday 3",2021-22/mx.1.csv
2021-22,2022-01-22,CF América,Atlas Guadalajara,0,2,"Clausura, Matchday 3",2021-22/mx.1.csv
2021-22,2022-01-22,CF Monterrey,Cruz Azul,2,2,"Clausura, Matchday 3",2021-22/mx.1.csv
2021-22,2022-01-22,Club León,CF Pachuca,2,1,"Clausura, Matchday 3",2021-22/mx.1.csv
2021-22,2022-01-22,Deportivo Guadalajara,Gallos Blancos,1,1,"Clausura, Matchday 3",2021-22/mx.1.csv
2021-22,2022-01-23,Pumas UNAM,UANL Tigres,1,2,"Clausura, Matchday 3",2021-22/mx.1.csv
2021-22,2022-01-23,Santos Laguna,Club Necaxa,1,4,"Clausura, Matchday 3",2021-22/mx.1.csv
2021-22,2022-01-28,Puebla FC,Club Tijuana,3,1,"Clausura, Matchday 3",2021-22/mx.1.csv
2021-22,2022-02-05,CF América,Atlético San Luis,2,3,"Clausura, Matchday 4",2021-22/mx.1.csv
2021-22,2022-02-05,Club Necaxa,CF Pachuca,1,3,"Clausura, Matchday 4",2021-22/mx.1.csv
2021-22,2022-02-05,Club Tijuana,Pumas UNAM,1,0,"Clausura, Matchday 4",2021-22/mx.1.csv
2021-22,2022-02-06,Atlas Guadalajara,Santos Laguna,2,1,"Clausura, Matchday 4",2021-22/mx.1.csv
2021-22,2022-02-06,Gallos Blancos,Puebla FC,0,2,"Clausura, Matchday 4",2021-22/mx.1.csv
2021-22,2022-02-06,UANL Tigres,Mazatlán FC,4,3,"Clausura, Matchday 4",2021-22/mx.1.csv
2021-22,2022-02-07,Club León,Cruz Azul,0,1,"Clausura, Matchday 4",2021-22/mx.1.csv
2021-22,2022-02-09,FC Juárez,Deportivo Guadalajara,1,3,"Clausura, Matchday 4",2021-22/mx.1.csv
2021-22,2022-02-11,Mazatlán FC,Club Tijuana,2,0,"Clausura, Matchday 5",2021-22/mx.1.csv
2021-22,2022-02-11,Puebla FC,Atlas Guadalajara,1,1,"Clausura, Matchday 5",2021-22/mx.1.csv
2021-22,2022-02-12,Atlético San Luis,Deportivo Toluca,0,1,"Clausura, Matchday 5",2021-22/mx.1.csv
2021-22,2022-02-12,Cruz Azul,Club Necaxa,1,2,"Clausura, Matchday 5",2021-22/mx.1.csv
2021-22,2022-02-12,Deportivo Guadalajara,UANL Tigres,1,3,"Clausura, Matchday 5",2021-22/mx.1.csv
2021-22,2022-02-12,Santos Laguna,CF América,2,3,"Clausura, Matchday 5",2021-22/mx.1.csv
2021-22,2022-02-13,Pumas UNAM,Club León,2,1,"Clausura, Matchday 5",2021-22/mx.1.csv
2021-22,2022-02-14,CF Pachuca,Gallos Blancos,2,2,"Clausura, Matchday 5",2021-22/mx.1.csv
2021-22,2022-02-16,Mazatlán FC,CF América,2,1,"Clausura, Matchday 2",2021-22/mx.1.csv
2021-22,2022-02-18,Club Tijuana,Club Necaxa,1,1,"Clausura, Matchday 6",2021-22/mx.1.csv
2021-22,2022-02-18,FC Juárez,Santos Laguna,0,0,"Clausura, Matchday 6",2021-22/mx.1.csv
2021-22,2022-02-18,Puebla FC,CF Monterrey,1,0,"Clausura, Matchday 6",2021-22/mx.1.csv
2021-22,2022-02-19,Club León,Deportivo Guadalajara,2,1,"Clausura, Matchday 6",2021-22/mx.1.csv
2021-22,2022-02-19,Gallos Blancos,Mazatlán FC,2,0,"Clausura, Matchday 6",2021-22/mx.1.csv
2021-22,2022-02-19,UANL Tigres,Atlético San Luis,2,1,"Clausura, Matchday 6",2021-22/mx.1.csv
2021-22,2022-02-20,Atlas Guadalajara,Pumas UNAM,0,0,"Clausura, Matchday 6",2021-22/mx.1.csv
2021-22,2022-02-20,CF América,CF Pachuca,1,3,"Clausura, Matchday 6",2021-22/mx.1.csv
2021-22,2022-02-20,Deportivo Toluca,Cruz Azul,1,4,"Clausura, Matchday 6",2021-22/mx.1.csv
2021-22,2022-02-24,CF Pachuca,Mazatlán FC,3,1,"Clausura, Matchday 7",2021-22/mx.1.csv
2021-22,2022-02-24,Gallos Blancos,Deportivo Toluca,1,1,"Clausura, Matchday 7",2021-22/mx.1.csv
2021-22,2022-02-25,Club Necaxa,Club León,0,1,"Clausura, Matchday 7",2021-22/mx.1.csv
2021-22,2022-02-25,Club Tijuana,Atlas Guadalajara,2,0,"Clausura, Matchday 7",2021-22/mx.1.csv
2021-22,2022-02-25,FC Juárez,UANL Tigres,2,3,"Clausura, Matchday 7",2021-22/mx.1.csv
2021-22,2022-02-26,CF Monterrey,Atlético San Luis,0,2,"Clausura, Matchday 7",2021-22/mx.1.csv
2021-22,2022-02-26,Deportivo Guadalajara,Puebla FC,2,3,"Clausura, Matchday 7",2021-22/mx.1.csv
2021-22,2022-02-26,Pumas UNAM,CF América,0,0,"Clausura, Matchday 7",2021-22/mx.1.csv
2021-22,2022-02-27,Cruz Azul,Santos Laguna,1,2,"Clausura, Matchday 7",2021-22/mx.1.csv
2021-22,2022-03-01,CF América,Gallos Blancos,1,1,"Clausura, Matchday 8",2021-22/mx.1.csv
2021-22,2022-03-01,Club León,CF Monterrey,0,0,"Clausura, Matchday 8",2021-22/mx.1.csv
2021-22,2022-03-01,Deportivo Toluca,Club Tijuana,1,2,"Clausura, Matchday 8",2021-22/mx.1.csv
2021-22,2022-03-01,Mazatlán FC,Club Necaxa,0,0,"Clausura, Matchday 8",2021-22/mx.1.csv
2021-22,2022-03-01,Puebla FC,FC Juárez,1,1,"Clausura, Matchday 8",2021-22/mx.1.csv
2021-22,2022-03-02,Atlas Guadalajara,CF Pachuca,0,1,"Clausura, Matchday 8",2021-22/mx.1.csv
2021-22,2022-03-02,Atlético San Luis,Deportivo Guadalajara,2,2,"Clausura, Matchday 8",2021-22/mx.1.csv
2021-22,2022-03-02,Santos Laguna,Pumas UNAM,3,2,"Clausura, Matchday 8",2021-22/mx.1.csv
2021-22,2022-03-02,UANL Tigres,Cruz Azul,2,2,"Clausura, Matchday 8",2021-22/mx.1.csv
2021-22,2022-03-04,Club Necaxa,Deportivo Toluca,0,1,"Clausura, Matchday 9",2021-22/mx.1.csv
2021-22,2022-03-04,FC Juárez,Club León,0,1,"Clausura, Matchday 9",2021-22/mx.1.csv
2021-22,2022-03-05,CF Monterrey,CF América,2,1,"Clausura, Matchday 9",2021-22/mx.1.csv
2021-22,2022-03-05,Cruz Azul,Puebla FC,1,3,"Clausura, Matchday 9",2021-22/mx.1.csv
2021-22,2022-03-05,Deportivo Guadalajara,Santos Laguna,1,0,"Clausura, Matchday 9",2021-22/mx.1.csv
2021-22,2022-03-11,CF Monterrey,Mazatlán FC,2,1,"Clausura, Matchday 10",2021-22/mx.1.csv
2021-22,2022-03-11,Club Necaxa,Gallos Blancos,1,0,"Clausura, Matchday 10",2021-22/mx.1.csv
2021-22,2022-03-11,FC Juárez,Atlas Guadalajara,1,2,"Clausura, Matchday 10",2021-22/mx.1.csv
2021-22,2022-03-12,Club León,UANL Tigres,0,3,"Clausura, Matchday 10",2021-22/mx.1.csv
2021-22,2022-03-12,Cruz Azul,Pumas UNAM,2,1,"Clausura, Matchday 10",2021-22/mx.1.csv
2021-22,2022-03-12,Deportivo Guadalajara,CF América,0,0,"Clausura, Matchday 10",2021-22/mx.1.csv
2021-22,2022-03-13,Atlético San Luis,Puebla FC,2,1,"Clausura, Matchday 10",2021-22/mx.1.csv
2021-22,2022-03-13,Deportivo Toluca,CF Pachuca,0,3,"Clausura, Matchday 10",2021-22/mx.1.csv
2021-22,2022-03-13,Santos Laguna,Club Tijuana,4,0,"Clausura, Matchday 10",2021-22/mx.1.csv
2021-22,2022-03-15,CF Monterrey,FC Juárez,3,0,"Clausura, Matchday 5",2021-22/mx.1.csv
2021-22,2022-03-17,Gallos Blancos,Atlético San Luis,2,1,"Clausura, Matchday 11",2021-22/mx.1.csv
2021-22,2022-03-18,Puebla FC,Santos Laguna,2,2,"Clausura, Matchday 11",2021-22/mx.1.csv
2021-22,2022-03-19,CF Pachuca,Cruz Azul,1,0,"Clausura, Matchday 11",2021-22/mx.1.csv
2021-22,2022-03-19,Pumas UNAM,Club Necaxa,1,3,"Clausura, Matchday 11",2021-22/mx.1.csv
2021-22,2022-03-19,UANL Tigres,CF Monterrey,2,0,"Clausura, Matchday 11",2021-22/mx.1.csv
2021-22,2022-03-20,Atlas Guadalajara,Deportivo Guadalajara,1,1,"Clausura, Matchday 11",2021-22/mx.1.csv
2021-22,2022-03-20,CF América,Deportivo Toluca,3,0,"Clausura, Matchday 11",2021-22/mx.1.csv
2021-22,2022-03-20,Club Tijuana,FC Juárez,1,0,"Clausura, Matchday 11",2021-22/mx.1.csv
2021-22,2022-03-20,Mazatlán FC,Club León,1,2,"Clausura, Matchday 11",2021-22/mx.1.csv
2021-22,2022-03-26,Pumas UNAM,Mazatlán FC,1,1,"Clausura, Matchday 9",2021-22/mx.1.csv
2021-22,2022-04-01,Atlético San Luis,Mazatlán FC,1,0,"Clausura, Matchday 12",2021-22/mx.1.csv
2021-22,2022-04-02,Club Necaxa,CF América,0,1,"Clausura, Matchday 12",2021-22/mx.1.csv
2021-22,2022-04-02,Cruz Azul,Atlas Guadalajara,1,0,"Clausura, Matchday 12",2021-22/mx.1.csv
2021-22,2022-04-02,FC Juárez,Pumas UNAM,0,1,"Clausura, Matchday 12",2021-22/mx.1.csv
2021-22,2022-04-03,Club León,Gallos Blancos,1,1,"Clausura, Matchday 12",2021-22/mx.1.csv
2021-22,2022-04-03,Deportivo Toluca,Puebla FC,2,1,"Clausura, Matchday 12",2021-22/mx.1.csv
2021-22,2022-04-03,Santos Laguna,CF Pachuca,3,1,"Clausura, Matchday 12",2021-22/mx.1.csv
2021-22,2022-04-03,UANL Tigres,Club Tijuana,2,0,"Clausura, Matchday 12",2021-22/mx.1.csv
2021-22,2022-04-06,Club Tijuana,Atlético San Luis,1,1,"Clausura, Matchday 9",2021-22/mx.1.csv
2021-22,2022-04-06,Deportivo Toluca,CF Monterrey,2,2,"Clausura, Matchday 4",2021-22/mx.1.csv
2021-22,2022-04-07,Atlas Guadalajara,Club Necaxa,2,1,"Clausura, Matchday 13",2021-22/mx.1.csv
2021-22,2022-04-07,CF Pachuca,UANL Tigres,2,1,"Clausura, Matchday 9",2021-22/mx.1.csv
2021-22,2022-04-08,Mazatlán FC,Cruz Azul,1,1,"Clausura, Matchday 13",2021-22/mx.1.csv
2021-22,2022-04-08,Puebla FC,Pumas UNAM,2,2,"Clausura, Matchday 13",2021-22/mx.1.csv
2021-22,2022-04-09,Atlético San Luis,Club León,2,0,"Clausura, Matchday 13",2021-22/mx.1.csv
2021-22,2022-04-09,CF América,FC Juárez,3,0,"Clausura, Matchday 13",2021-22/mx.1.csv
2021-22,2022-04-09,CF Monterrey,Santos Laguna,1,0,"Clausura, Matchday 13",2021-22/mx.1.csv
2021-22,2022-04-09,Deportivo Toluca,Deportivo Guadalajara,1,1,"Clausura, Matchday 13",2021-22/mx.1.csv
2021-22,2022-04-10,Gallos Blancos,UANL Tigres,0,1,"Clausura, Matchday 13",2021-22/mx.1.csv
2021-22,2022-04-11,CF Pachuca,Club Tijuana,0,0,"Clausura, Matchday 13",2021-22/mx.1.csv
2021-22,2022-04-13,Deportivo Guadalajara,CF Monterrey,1,3,"Clausura, Matchday 12",2021-22/mx.1.csv
2021-22,2022-04-14,Atlas Guadalajara,Mazatlán FC,1,2,"Clausura, Matchday 14",2021-22/mx.1.csv
2021-22,2022-04-15,Club Necaxa,Atlético San Luis,4,2,"Clausura, Matchday 14",2021-22/mx.1.csv
2021-22,2022-04-15,Club Tijuana,CF América,1,3,"Clausura, Matchday 14",2021-22/mx.1.csv
2021-22,2022-04-15,FC Juárez,CF Pachuca,1,2,"Clausura, Matchday 14",2021-22/mx.1.csv
2021-22,2022-04-16,Club León,Puebla FC,0,1,"Clausura, Matchday 14",2021-22/mx.1.csv
2021-22,2022-04-16,Cruz Azul,Deportivo Guadalajara,0,1,"Clausura, Matchday 14",2021-22/mx.1.csv
2021-22,2022-04-16,Santos Laguna,Gallos Blancos,1,1,"Clausura, Matchday 14",2021-22/mx.1.csv
2021-22,2022-04-16,UANL Tigres,Deportivo Toluca,3,0,"Clausura, Matchday 14",2021-22/mx.1.csv
2021-22,2022-04-17,Pumas UNAM,CF Monterrey,2,0,"Clausura, Matchday 14",2021-22/mx.1.csv
2021-22,2022-04-19,CF Pachuca,Puebla FC,1,0,"Clausura, Matchday 15",2021-22/mx.1.csv
2021-22,2022-04-19,Club Necaxa,UANL Tigres,2,0,"Clausura, Matchday 15",2021-22/mx.1.csv
2021-22,2022-04-19,Deportivo Guadalajara,Club Tijuana,2,1,"Clausura, Matchday 15",2021-22/mx.1.csv
2021-22,2022-04-19,Deportivo Toluca,FC Juárez,0,1,"Clausura, Matchday 15",2021-22/mx.1.csv
2021-22,2022-04-19,Mazatlán FC,Santos Laguna,1,0,"Clausura, Matchday 15",2021-22/mx.1.csv
2021-22,2022-04-20,Atlético San Luis,Pumas UNAM,2,0,"Clausura, Matchday 15",2021-22/mx.1.csv
2021-22,2022-04-20,CF América,Club León,2,0,"Clausura, Matchday 15",2021-22/mx.1.csv
2021-22,2022-04-20,CF Monterrey,Atlas Guadalajara,0,0,"Clausura, Matchday 15",2021-22/mx.1.csv
2021-22,2022-04-21,Gallos Blancos,Cruz Azul,0,1,"Clausura, Matchday 15",2021-22/mx.1.csv
2021-22,2022-04-22,FC Juárez,Mazatlán FC,0,2,"Clausura, Matchday 16",2021-22/mx.1.csv
2021-22,2022-04-22,Puebla FC,Club Necaxa,0,1,"Clausura, Matchday 16",2021-22/mx.1.csv
2021-22,2022-04-23,CF Pachuca,CF Monterrey,3,0,"Clausura, Matchday 16",2021-22/mx.1.csv
2021-22,2022-04-23,Deportivo Guadalajara,Pumas UNAM,3,1,"Clausura, Matchday 16",2021-22/mx.1.csv
2021-22,2022-04-23,UANL Tigres,CF América,0,2,"Clausura, Matchday 16",2021-22/mx.1.csv
2021-22,2022-04-24,Club Tijuana,Gallos Blancos,2,2,"Clausura, Matchday 16",2021-22/mx.1.csv
2021-22,2022-04-24,Cruz Azul,Atlético San Luis,0,1,"Clausura, Matchday 16",2021-22/mx.1.csv
2021-22,2022-04-24,Deportivo Toluca,Atlas Guadalajara,2,4,"Clausura, Matchday 16",2021-22/mx.1.csv
2021-22,2022-04-24,Santos Laguna,Club León,1,1,"Clausura, Matchday 16",2021-22/mx.1.csv
2021-22,2022-04-29,Club Necaxa,Deportivo Guadalajara,0,1,"Clausura, Matchday 17",2021-22/mx.1.csv
2021-22,2022-04-29,Mazatlán FC,Puebla FC,2,1,"Clausura, Matchday 17",2021-22/mx.1.csv
2021-22,2022-04-30,Atlas Guadalajara,UANL Tigres,1,1,"Clausura, Matchday 17",2021-22/mx.1.csv
2021-22,2022-04-30,CF América,Cruz Azul,0,0,"Clausura, Matchday 17",2021-22/mx.1.csv
2021-22,2022-04-30,CF Monterrey,Club Tijuana,2,0,"Clausura, Matchday 17",2021-22/mx.1.csv
2021-22,2022-04-30,Gallos Blancos,FC Juárez,4,0,"Clausura, Matchday 17",2021-22/mx.1.csv
2021-22,2022-05-01,Atlético San Luis,Santos Laguna,1,3,"Clausura, Matchday 17",2021-22/mx.1.csv
2021-22,2022-05-01,Club León,Deportivo Toluca,4,4,"Clausura, Matchday 17",2021-22/mx.1.csv
2021-22,2022-05-01,Pumas UNAM,CF Pachuca,2,0,"Clausura, Matchday 17",2021-22/mx.1.csv
2022-23,2022-07-01,Mazatlán FC,Puebla FC,2,4,"Apertura, Matchday 1",2022-23/mx.1.csv
2022-23,2022-07-02,CF América,Atlas Guadalajara,0,0,"Apertura, Matchday 1",2022-23/mx.1.csv
2022-23,2022-07-02,Club Necaxa,Deportivo Toluca,1,3,"Apertura, Matchday 1",2022-23/mx.1.csv
2022-23,2022-07-02,Deportivo Guadalajara,FC Juárez,0,0,"Apertura, Matchday 1",2022-23/mx.1.csv
2022-23,2022-07-02,UANL Tigres,Cruz Azul,2,3,"Apertura, Matchday 1",2022-23/mx.1.csv
2022-23,2022-07-03,Atlético San Luis,Club León,1,2,"Apertura, Matchday 1",2022-23/mx.1.csv
2022-23,2022-07-03,Pumas UNAM,Club Tijuana,1,1,"Apertura, Matchday 1",2022-23/mx.1.csv
2022-23,2022-07-03,Santos Laguna,CF Monterrey,4,3,"Apertura, Matchday 1",2022-23/mx.1.csv
2022-23,2022-07-04,CF Pachuca,Gallos Blancos,2,0,"Apertura, Matchday 1",2022-23/mx.1.csv
2022-23,2022-07-08,Club Tijuana,FC Juárez,0,2,"Apertura, Matchday 2",2022-23/mx.1.csv
2022-23,2022-07-08,Mazatlán FC,UANL Tigres,0,1,"Apertura, Matchday 2",2022-23/mx.1.csv
2022-23,2022-07-08,Puebla FC,Santos Laguna,1,0,"Apertura, Matchday 2",2022-23/mx.1.csv
2022-23,2022-07-09,CF Monterrey,CF América,3,2,"Apertura, Matchday 2",2022-23/mx.1.csv
2022-23,2022-07-09,Club León,Pumas UNAM,3,3,"Apertura, Matchday 2",2022-23/mx.1.csv
2022-23,2022-07-09,Cruz Azul,CF Pachuca,1,2,"Apertura, Matchday 2",2022-23/mx.1.csv
2022-23,2022-07-09,Deportivo Guadalajara,Atlético San Luis,0,1,"Apertura, Matchday 2",2022-23/mx.1.csv
2022-23,2022-07-10,Deportivo Toluca,Atlas Guadalajara,3,2,"Apertura, Matchday 2",2022-23/mx.1.csv
2022-23,2022-07-10,Gallos Blancos,Club Necaxa,1,2,"Apertura, Matchday 2",2022-23/mx.1.csv
2022-23,2022-07-13,CF América,Deportivo Toluca,1,0,"Apertura, Matchday 3",2022-23/mx.1.csv
2022-23,2022-07-15,FC Juárez,Gallos Blancos,1,1,"Apertura, Matchday 3",2022-23/mx.1.csv
2022-23,2022-07-15,Puebla FC,Club León,1,1,"Apertura, Matchday 3",2022-23/mx.1.csv
2022-23,2022-07-16,Atlas Guadalajara,Cruz Azul,3,2,"Apertura, Matchday 3",2022-23/mx.1.csv
2022-23,2022-07-16,Santos Laguna,Deportivo Guadalajara,1,1,"Apertura, Matchday 3",2022-23/mx.1.csv
2022-23,2022-07-17,Atlético San Luis,CF Monterrey,0,1,"Apertura, Matchday 3",2022-23/mx.1.csv
2022-23,2022-07-17,Pumas UNAM,Club Necaxa,1,0,"Apertura, Matchday 3",2022-23/mx.1.csv
2022-23,2022-07-17,UANL Tigres,Club Tijuana,1,0,"Apertura, Matchday 3",2022-23/mx.1.csv
2022-23,2022-07-18,CF Pachuca,Mazatlán FC,1,1,"Apertura, Matchday 3",2022-23/mx.1.csv
2022-23,2022-07-20,Deportivo Guadalajara,Club León,0,0,"Apertura, Matchday 4",2022-23/mx.1.csv
2022-23,2022-07-21,Gallos Blancos,CF Monterrey,0,3,"Apertura, Matchday 4",2022-23/mx.1.csv
2022-23,2022-07-22,Club Necaxa,FC Juárez,1,0,"Apertura, Matchday 4",2022-23/mx.1.csv
2022-23,2022-07-22,Mazatlán FC,Atlético San Luis,1,1,"Apertura, Matchday 4",2022-23/mx.1.csv
2022-23,2022-07-23,Club Tijuana,CF América,2,0,"Apertura, Matchday 4",2022-23/mx.1.csv
2022-23,2022-07-23,Cruz Azul,Puebla FC,2,2,"Apertura, Matchday 4",2022-23/mx.1.csv
2022-23,2022-07-23,Deportivo Toluca,Santos Laguna,2,1,"Apertura, Matchday 4",2022-23/mx.1.csv
2022-23,2022-07-23,UANL Tigres,Atlas Guadalajara,2,0,"Apertura, Matchday 4",2022-23/mx.1.csv
2022-23,2022-07-24,CF Pachuca,Pumas UNAM,0,0,"Apertura, Matchday 4",2022-23/mx.1.csv
2022-23,2022-07-26,Atlas Guadalajara,Club Tijuana,1,2,"Apertura, Matchday 5",2022-23/mx.1.csv
2022-23,2022-07-26,Atlético San Luis,Cruz Azul,0,0,"Apertura, Matchday 5",2022-23/mx.1.csv
2022-23,2022-07-26,CF Monterrey,Puebla FC,1,0,"Apertura, Matchday 5",2022-23/mx.1.csv
2022-23,2022-07-26,Club León,Deportivo Toluca,0,1,"Apertura, Matchday 5",2022-23/mx.1.csv
2022-23,2022-07-26,FC Juárez,UANL Tigres,0,1,"Apertura, Matchday 5",2022-23/mx.1.csv
2022-23,2022-07-27,Club Necaxa,CF Pachuca,2,0,"Apertura, Matchday 5",2022-23/mx.1.csv
2022-23,2022-07-27,Gallos Blancos,Deportivo Guadalajara,2,2,"Apertura, Matchday 5",2022-23/mx.1.csv
2022-23,2022-07-27,Pumas UNAM,Mazatlán FC,1,1,"Apertura, Matchday 5",2022-23/mx.1.csv
2022-23,2022-07-29,FC Juárez,Deportivo Toluca,1,1,"Apertura, Matchday 6",2022-23/mx.1.csv
2022-23,2022-07-30,Club Tijuana,Mazatlán FC,2,0,"Apertura, Matchday 6",2022-23/mx.1.csv
2022-23,2022-07-30,Cruz Azul,Club Necaxa,1,0,"Apertura, Matchday 6",2022-23/mx.1.csv
2022-23,2022-07-30,Deportivo Guadalajara,CF Pachuca,0,0,"Apertura, Matchday 6",2022-23/mx.1.csv
2022-23,2022-07-30,Puebla FC,Atlético San Luis,0,0,"Apertura, Matchday 6",2022-23/mx.1.csv
2022-23,2022-07-30,UANL Tigres,Gallos Blancos,2,1,"Apertura, Matchday 6",2022-23/mx.1.csv
2022-23,2022-07-31,Club León,CF América,3,2,"Apertura, Matchday 6",2022-23/mx.1.csv
2022-23,2022-07-31,Pumas UNAM,CF Monterrey,1,1,"Apertura, Matchday 6",2022-23/mx.1.csv
2022-23,2022-07-31,Santos Laguna,Atlas Guadalajara,1,0,"Apertura, Matchday 6",2022-23/mx.1.csv
2022-23,2022-08-02,Deportivo Toluca,Puebla FC,1,1,"Apertura, Matchday 16",2022-23/mx.1.csv
2022-23,2022-08-03,FC Juárez,Atlético San Luis,1,1,"Apertura, Matchday 16",2022-23/mx.1.csv
2022-23,2022-08-04,Atlas Guadalajara,Gallos Blancos,3,1,"Apertura, Matchday 7",2022-23/mx.1.csv
2022-23,2022-08-05,Mazatlán FC,Deportivo Guadalajara,2,1,"Apertura, Matchday 7",2022-23/mx.1.csv
2022-23,2022-08-06,CF Monterrey,Club León,5,1,"Apertura, Matchday 7",2022-23/mx.1.csv
2022-23,2022-08-06,Santos Laguna,Cruz Azul,4,0,"Apertura, Matchday 7",2022-23/mx.1.csv
2022-23,2022-08-07,Atlético San Luis,Club Necaxa,1,2,"Apertura, Matchday 7",2022-23/mx.1.csv
2022-23,2022-08-07,CF América,FC Juárez,2,1,"Apertura, Matchday 7",2022-23/mx.1.csv
2022-23,2022-08-07,CF Pachuca,UANL Tigres,2,0,"Apertura, Matchday 7",2022-23/mx.1.csv
2022-23,2022-08-07,Deportivo Toluca,Club Tijuana,3,1,"Apertura, Matchday 7",2022-23/mx.1.csv
2022-23,2022-08-11,Gallos Blancos,Atlético San Luis,1,1,"Apertura, Matchday 8",2022-23/mx.1.csv
2022-23,2022-08-12,Club Necaxa,CF Monterrey,1,2,"Apertura, Matchday 8",2022-23/mx.1.csv
2022-23,2022-08-12,Club Tijuana,Puebla FC,3,3,"Apertura, Matchday 8",2022-23/mx.1.csv
2022-23,2022-08-13,Club León,Mazatlán FC,0,3,"Apertura, Matchday 8",2022-23/mx.1.csv
2022-23,2022-08-13,Deportivo Guadalajara,Atlas Guadalajara,1,1,"Apertura, Matchday 8",2022-23/mx.1.csv
2022-23,2022-08-13,Pumas UNAM,CF América,0,3,"Apertura, Matchday 8",2022-23/mx.1.csv
2022-23,2022-08-14,Cruz Azul,Deportivo Toluca,2,3,"Apertura, Matchday 8",2022-23/mx.1.csv
2022-23,2022-08-14,UANL Tigres,Santos Laguna,2,0,"Apertura, Matchday 8",2022-23/mx.1.csv
2022-23,2022-08-16,Atlas Guadalajara,FC Juárez,0,1,"Apertura, Matchday 9",2022-23/mx.1.csv
2022-23,2022-08-16,Mazatlán FC,Gallos Blancos,1,1,"Apertura, Matchday 9",2022-23/mx.1.csv
2022-23,2022-08-16,Puebla FC,Club Necaxa,2,2,"Apertura, Matchday 9",2022-23/mx.1.csv
2022-23,2022-08-17,CF Pachuca,CF América,0,3,"Apertura, Matchday 9",2022-23/mx.1.csv
2022-23,2022-08-17,Cruz Azul,Club Tijuana,1,2,"Apertura, Matchday 9",2022-23/mx.1.csv
2022-23,2022-08-17,Deportivo Toluca,CF Monterrey,1,1,"Apertura, Matchday 9",2022-23/mx.1.csv
2022-23,2022-08-18,Atlético San Luis,Pumas UNAM,3,2,"Apertura, Matchday 9",2022-23/mx.1.csv
2022-23,2022-08-18,Santos Laguna,Club León,2,1,"Apertura, Matchday 9",2022-23/mx.1.csv
2022-23,2022-08-19,Club Necaxa,Deportivo Guadalajara,0,4,"Apertura, Matchday 10",2022-23/mx.1.csv
2022-23,2022-08-20,Atlas Guadalajara,Puebla FC,1,1,"Apertura, Matchday 10",2022-23/mx.1.csv
2022-23,2022-08-20,CF América,Cruz Azul,7,0,"Apertura, Matchday 10",2022-23/mx.1.csv
2022-23,2022-08-20,CF Monterrey,UANL Tigres,0,0,"Apertura, Matchday 10",2022-23/mx.1.csv
2022-23,2022-08-20,FC Juárez,Mazatlán FC,1,1,"Apertura, Matchday 10",2022-23/mx.1.csv
2022-23,2022-08-20,Gallos Blancos,Club Tijuana,2,0,"Apertura, Matchday 10",2022-23/mx.1.csv
2022-23,2022-08-21,Atlético San Luis,Deportivo Toluca,1,0,"Apertura, Matchday 10",2022-23/mx.1.csv
2022-23,2022-08-21,CF Pachuca,Club León,1,0,"Apertura, Matchday 10",2022-23/mx.1.csv
2022-23,2022-08-21,Pumas UNAM,Santos Laguna,1,5,"Apertura, Matchday 10",2022-23/mx.1.csv
2022-23,2022-08-23,Deportivo Guadalajara,CF Monterrey,1,0,"Apertura, Matchday 16",2022-23/mx.1.csv
2022-23,2022-08-23,Gallos Blancos,CF América,0,1,"Apertura, Matchday 16",2022-23/mx.1.csv
2022-23,2022-08-24,Pumas UNAM,UANL Tigres,1,1,"Apertura, Matchday 16",2022-23/mx.1.csv
2022-23,2022-08-25,CF Pachuca,Atlas Guadalajara,3,1,"Apertura, Matchday 16",2022-23/mx.1.csv
2022-23,2022-08-25,Club Tijuana,Santos Laguna,0,2,"Apertura, Matchday 16",2022-23/mx.1.csv
2022-23,2022-08-26,Mazatlán FC,CF América,1,3,"Apertura, Matchday 11",2022-23/mx.1.csv
2022-23,2022-08-26,Puebla FC,FC Juárez,2,2,"Apertura, Matchday 11",2022-23/mx.1.csv
2022-23,2022-08-27,Cruz Azul,Gallos Blancos,2,1,"Apertura, Matchday 11",2022-23/mx.1.csv
2022-23,2022-08-27,Deportivo Guadalajara,Pumas UNAM,3,1,"Apertura, Matchday 11",2022-23/mx.1.csv
2022-23,2022-08-27,UANL Tigres,Club Necaxa,0,0,"Apertura, Matchday 11",2022-23/mx.1.csv
2022-23,2022-08-28,Club León,Atlas Guadalajara,4,2,"Apertura, Matchday 11",2022-23/mx.1.csv
2022-23,2022-08-28,Club Tijuana,CF Monterrey,0,3,"Apertura, Matchday 11",2022-23/mx.1.csv
2022-23,2022-08-28,Deportivo Toluca,CF Pachuca,1,4,"Apertura, Matchday 11",2022-23/mx.1.csv
2022-23,2022-08-28,Santos Laguna,Atlético San Luis,4,1,"Apertura, Matchday 11",2022-23/mx.1.csv
2022-23,2022-09-01,Atlético San Luis,Club Tijuana,0,0,"Apertura, Matchday 12",2022-23/mx.1.csv
2022-23,2022-09-01,Gallos Blancos,Puebla FC,1,1,"Apertura, Matchday 12",2022-23/mx.1.csv
2022-23,2022-09-02,Club Necaxa,Club León,3,2,"Apertura, Matchday 12",2022-23/mx.1.csv
2022-23,2022-09-02,FC Juárez,Cruz Azul,2,2,"Apertura, Matchday 12",2022-23/mx.1.csv
2022-23,2022-09-03,Atlas Guadalajara,Pumas UNAM,0,0,"Apertura, Matchday 12",2022-23/mx.1.csv
2022-23,2022-09-03,CF América,UANL Tigres,2,1,"Apertura, Matchday 12",2022-23/mx.1.csv
2022-23,2022-09-03,CF Monterrey,Mazatlán FC,0,0,"Apertura, Matchday 12",2022-23/mx.1.csv
2022-23,2022-09-03,CF Pachuca,Santos Laguna,2,0,"Apertura, Matchday 12",2022-23/mx.1.csv
2022-23,2022-09-04,Deportivo Toluca,Deportivo Guadalajara,0,0,"Apertura, Matchday 12",2022-23/mx.1.csv
2022-23,2022-09-06,CF América,Atlético San Luis,3,0,"Apertura, Matchday 13",2022-23/mx.1.csv
2022-23,2022-09-06,CF Monterrey,Cruz Azul,3,2,"Apertura, Matchday 13",2022-23/mx.1.csv
2022-23,2022-09-06,Club León,FC Juárez,1,0,"Apertura, Matchday 13",2022-23/mx.1.csv
2022-23,2022-09-06,Santos Laguna,Club Necaxa,3,1,"Apertura, Matchday 13",2022-23/mx.1.csv
2022-23,2022-09-07,Club Tijuana,Deportivo Guadalajara,1,2,"Apertura, Matchday 13",2022-23/mx.1.csv
2022-23,2022-09-07,Mazatlán FC,Atlas Guadalajara,1,0,"Apertura, Matchday 13",2022-23/mx.1.csv
2022-23,2022-09-07,Puebla FC,CF Pachuca,2,2,"Apertura, Matchday 13",2022-23/mx.1.csv
2022-23,2022-09-07,Pumas UNAM,Gallos Blancos,4,1,"Apertura, Matchday 13",2022-23/mx.1.csv
2022-23,2022-09-07,UANL Tigres,Deportivo Toluca,3,1,"Apertura, Matchday 13",2022-23/mx.1.csv
2022-23,2022-09-09,FC Juárez,CF Monterrey,0,1,"Apertura, Matchday 14",2022-23/mx.1.csv
2022-23,2022-09-10,Club Necaxa,CF América,1,2,"Apertura, Matchday 14",2022-23/mx.1.csv
2022-23,2022-09-10,Deportivo Guadalajara,Puebla FC,1,0,"Apertura, Matchday 14",2022-23/mx.1.csv
2022-23,2022-09-10,Deportivo Toluca,Pumas UNAM,2,2,"Apertura, Matchday 14",2022-23/mx.1.csv
2022-23,2022-09-10,Gallos Blancos,Santos Laguna,3,3,"Apertura, Matchday 14",2022-23/mx.1.csv
2022-23,2022-09-10,UANL Tigres,Club León,0,1,"Apertura, Matchday 14",2022-23/mx.1.csv
2022-23,2022-09-11,Atlas Guadalajara,Atlético San Luis,1,3,"Apertura, Matchday 14",2022-23/mx.1.csv
2022-23,2022-09-11,CF Pachuca,Club Tijuana,6,1,"Apertura, Matchday 14",2022-23/mx.1.csv
2022-23,2022-09-11,Cruz Azul,Mazatlán FC,2,0,"Apertura, Matchday 14",2022-23/mx.1.csv
2022-23,2022-09-13,Deportivo Guadalajara,UANL Tigres,1,4,"Apertura, Matchday 9",2022-23/mx.1.csv
2022-23,2022-09-14,CF América,Santos Laguna,3,3,"Apertura, Matchday 5",2022-23/mx.1.csv
2022-23,2022-09-14,FC Juárez,CF Pachuca,2,1,"Apertura, Matchday 8",2022-23/mx.1.csv
2022-23,2022-09-15,Cruz Azul,Club León,2,1,"Apertura, Matchday 16",2022-23/mx.1.csv
2022-23,2022-09-16,Mazatlán FC,Deportivo Toluca,1,1,"Apertura, Matchday 15",2022-23/mx.1.csv
2022-23,2022-09-16,Puebla FC,UANL Tigres,2,1,"Apertura, Matchday 15",2022-23/mx.1.csv
2022-23,2022-09-17,CF América,Deportivo Guadalajara,2,1,"Apertura, Matchday 15",2022-23/mx.1.csv
2022-23,2022-09-17,CF Monterrey,Atlas Guadalajara,2,0,"Apertura, Matchday 15",2022-23/mx.1.csv
2022-23,2022-09-18,Atlético San Luis,CF Pachuca,1,2,"Apertura, Matchday 15",2022-23/mx.1.csv
2022-23,2022-09-18,Club León,Gallos Blancos,3,1,"Apertura, Matchday 15",2022-23/mx.1.csv
2022-23,2022-09-18,Club Tijuana,Club Necaxa,1,1,"Apertura, Matchday 15",2022-23/mx.1.csv
2022-23,2022-09-18,Pumas UNAM,Cruz Azul,1,2,"Apertura, Matchday 15",2022-23/mx.1.csv
2022-23,2022-09-18,Santos Laguna,FC Juárez,2,0,"Apertura, Matchday 15",2022-23/mx.1.csv
2022-23,2022-09-23,Club Necaxa,Mazatlán FC,2,2,"Apertura, Matchday 16",2022-23/mx.1.csv
2022-23,2022-09-23,Puebla FC,Pumas UNAM,2,1,"Apertura, Matchday 7",2022-23/mx.1.csv
2022-23,2022-09-30,FC Juárez,Pumas UNAM,3,1,"Apertura, Matchday 17",2022-23/mx.1.csv
2022-23,2022-09-30,Puebla FC,CF América,1,2,"Apertura, Matchday 17",2022-23/mx.1.csv
2022-23,2022-10-01,Atlas Guadalajara,Club Necaxa,1,0,"Apertura, Matchday 17",2022-23/mx.1.csv
2022-23,2022-10-01,Atlético San Luis,UANL Tigres,0,3,"Apertura, Matchday 17",2022-23/mx.1.csv
2022-23,2022-10-01,CF Monterrey,CF Pachuca,0,0,"Apertura, Matchday 17",2022-23/mx.1.csv
2022-23,2022-10-01,Cruz Azul,Deportivo Guadalajara,2,1,"Apertura, Matchday 17",2022-23/mx.1.csv
2022-23,2022-10-02,Club León,Club Tijuana,2,2,"Apertura, Matchday 17",2022-23/mx.1.csv
2022-23,2022-10-02,Deportivo Toluca,Gallos Blancos,4,1,"Apertura, Matchday 17",2022-23/mx.1.csv
2022-23,2022-10-02,Santos Laguna,Mazatlán FC,3,0,"Apertura, Matchday 17",2022-23/mx.1.csv
2022-23,2023-01-06,Club Necaxa,Atlético San Luis,2,3,"Clausura, Matchday 1",2022-23/mx.1.csv
2022-23,2023-01-07,CF América,Gallos Blancos,0,0,"Clausura, Matchday 1",2022-23/mx.1.csv
2022-23,2023-01-07,CF Monterrey,Deportivo Guadalajara,0,1,"Clausura, Matchday 1",2022-23/mx.1.csv
2022-23,2023-01-08,Club Tijuana,Cruz Azul,1,1,"Clausura, Matchday 1",2022-23/mx.1.csv
2022-23,2023-01-08,Pumas UNAM,FC Juárez,2,1,"Clausura, Matchday 1",2022-23/mx.1.csv
2022-23,2023-01-08,Santos Laguna,UANL Tigres,0,3,"Clausura, Matchday 1",2022-23/mx.1.csv
2022-23,2023-01-09,CF Pachuca,Puebla FC,5,1,"Clausura, Matchday 1",2022-23/mx.1.csv
2022-23,2023-01-12,Atlas Guadalajara,Mazatlán FC,2,1,"Clausura, Matchday 2",2022-23/mx.1.csv
2022-23,2023-01-13,Atlético San Luis,Deportivo Guadalajara,0,0,"Clausura, Matchday 2",2022-23/mx.1.csv
2022-23,2023-01-13,Puebla FC,Gallos Blancos,2,0,"Clausura, Matchday 2",2022-23/mx.1.csv
2022-23,2023-01-14,Cruz Azul,CF Monterrey,2,3,"Clausura, Matchday 2",2022-23/mx.1.csv
2022-23,2023-01-14,Deportivo Toluca,CF América,2,2,"Clausura, Matchday 2",2022-23/mx.1.csv
2022-23,2023-01-14,FC Juárez,Club Tijuana,3,0,"Clausura, Matchday 2",2022-23/mx.1.csv
2022-23,2023-01-14,Santos Laguna,Pumas UNAM,3,0,"Clausura, Matchday 2",2022-23/mx.1.csv
2022-23,2023-01-15,UANL Tigres,CF Pachuca,4,1,"Clausura, Matchday 2",2022-23/mx.1.csv
2022-23,2023-01-16,Club León,Club Necaxa,2,1,"Clausura, Matchday 2",2022-23/mx.1.csv
2022-23,2023-01-20,Club Tijuana,UANL Tigres,1,1,"Clausura, Matchday 3",2022-23/mx.1.csv
2022-23,2023-01-20,Mazatlán FC,Santos Laguna,1,2,"Clausura, Matchday 3",2022-23/mx.1.csv
2022-23,2023-01-21,CF América,Puebla FC,2,2,"Clausura, Matchday 3",2022-23/mx.1.csv
2022-23,2023-01-21,CF Monterrey,Atlético San Luis,3,1,"Clausura, Matchday 3",2022-23/mx.1.csv
2022-23,2023-01-21,Club Necaxa,Cruz Azul,1,0,"Clausura, Matchday 3",2022-23/mx.1.csv
2022-23,2023-01-21,Deportivo Guadalajara,Deportivo Toluca,1,2,"Clausura, Matchday 3",2022-23/mx.1.csv
2022-23,2023-01-22,CF Pachuca,FC Juárez,4,1,"Clausura, Matchday 3",2022-23/mx.1.csv
2022-23,2023-01-22,Gallos Blancos,Atlas Guadalajara,3,3,"Clausura, Matchday 3",2022-23/mx.1.csv
2022-23,2023-01-22,Pumas UNAM,Club León,4,1,"Clausura, Matchday 3",2022-23/mx.1.csv
2022-23,2023-01-26,Atlas Guadalajara,Santos Laguna,2,2,"Clausura, Matchday 4",2022-23/mx.1.csv
2022-23,2023-01-27,Club Tijuana,Pumas UNAM,0,0,"Clausura, Matchday 4",2022-23/mx.1.csv
2022-23,2023-01-27,Puebla FC,CF Monterrey,1,2,"Clausura, Matchday 4",2022-23/mx.1.csv
2022-23,2023-01-28,CF América,Mazatlán FC,6,0,"Clausura, Matchday 4",2022-23/mx.1.csv
2022-23,2023-01-28,FC Juárez,Deportivo Guadalajara,1,2,"Clausura, Matchday 4",2022-23/mx.1.csv
2022-23,2023-01-28,UANL Tigres,Atlético San Luis,0,0,"Clausura, Matchday 4",2022-23/mx.1.csv
2022-23,2023-01-29,CF Pachuca,Club Necaxa,2,1,"Clausura, Matchday 4",2022-23/mx.1.csv
2022-23,2023-01-29,Deportivo Toluca,Club León,0,0,"Clausura, Matchday 4",2022-23/mx.1.csv
2022-23,2023-02-01,Atlas Guadalajara,Deportivo Toluca,0,0,"Clausura, Matchday 1",2022-23/mx.1.csv
2022-23,2023-02-02,Atlético San Luis,Puebla FC,2,0,"Clausura, Matchday 5",2022-23/mx.1.csv
2022-23,2023-02-03,Club Necaxa,Club Tijuana,1,1,"Clausura, Matchday 5",2022-23/mx.1.csv
2022-23,2023-02-03,Mazatlán FC,FC Juárez,2,3,"Clausura, Matchday 5",2022-23/mx.1.csv
2022-23,2023-02-04,Club León,CF Pachuca,0,1,"Clausura, Matchday 5",2022-23/mx.1.csv
2022-23,2023-02-04,Cruz Azul,UANL Tigres,0,1,"Clausura, Matchday 5",2022-23/mx.1.csv
2022-23,2023-02-04,Santos Laguna,CF América,2,2,"Clausura, Matchday 5",2022-23/mx.1.csv
2022-23,2023-02-05,CF Monterrey,Deportivo Toluca,2,1,"Clausura, Matchday 5",2022-23/mx.1.csv
2022-23,2023-02-05,Deportivo Guadalajara,Gallos Blancos,1,1,"Clausura, Matchday 5",2022-23/mx.1.csv
2022-23,2023-02-05,Pumas UNAM,Atlas Guadalajara,2,2,"Clausura, Matchday 5",2022-23/mx.1.csv
2022-23,2023-02-09,Atlas Guadalajara,CF Monterrey,0,2,"Clausura, Matchday 6",2022-23/mx.1.csv
2022-23,2023-02-09,Gallos Blancos,Club León,0,3,"Clausura, Matchday 6",2022-23/mx.1.csv
2022-23,2023-02-10,Club Tijuana,Atlético San Luis,1,0,"Clausura, Matchday 6",2022-23/mx.1.csv
2022-23,2023-02-10,Puebla FC,Mazatlán FC,3,1,"Clausura, Matchday 6",2022-23/mx.1.csv
2022-23,2023-02-11,CF América,Club Necaxa,2,1,"Clausura, Matchday 6",2022-23/mx.1.csv
2022-23,2023-02-11,CF Pachuca,Deportivo Guadalajara,1,1,"Clausura, Matchday 6",2022-23/mx.1.csv
2022-23,2023-02-11,FC Juárez,Santos Laguna,3,1,"Clausura, Matchday 6",2022-23/mx.1.csv
2022-23,2023-02-11,UANL Tigres,Pumas UNAM,4,2,"Clausura, Matchday 6",2022-23/mx.1.csv
2022-23,2023-02-12,Deportivo Toluca,Cruz Azul,3,1,"Clausura, Matchday 6",2022-23/mx.1.csv
2022-23,2023-02-14,Atlético San Luis,CF América,1,3,"Clausura, Matchday 7",2022-23/mx.1.csv
2022-23,2023-02-14,Club León,Puebla FC,2,0,"Clausura, Matchday 7",2022-23/mx.1.csv
2022-23,2023-02-14,UANL Tigres,FC Juárez,0,0,"Clausura, Matchday 7",2022-23/mx.1.csv
2022-23,2023-02-15,CF Monterrey,Gallos Blancos,2,0,"Clausura, Matchday 7",2022-23/mx.1.csv
2022-23,2023-02-15,Club Necaxa,Pumas UNAM,3,1,"Clausura, Matchday 7",2022-23/mx.1.csv
2022-23,2023-02-15,Deportivo Guadalajara,Club Tijuana,2,1,"Clausura, Matchday 7",2022-23/mx.1.csv
2022-23,2023-02-16,Mazatlán FC,CF Pachuca,2,3,"Clausura, Matchday 7",2022-23/mx.1.csv
2022-23,2023-02-17,FC Juárez,Club León,0,0,"Clausura, Matchday 8",2022-23/mx.1.csv
2022-23,2023-02-17,Puebla FC,Cruz Azul,1,3,"Clausura, Matchday 8",2022-23/mx.1.csv
2022-23,2023-02-18,Atlas Guadalajara,UANL Tigres,0,1,"Clausura, Matchday 8",2022-23/mx.1.csv
2022-23,2023-02-18,Atlético San Luis,Santos Laguna,1,1,"Clausura, Matchday 8",2022-23/mx.1.csv
2022-23,2023-02-18,CF Monterrey,Club Necaxa,2,1,"Clausura, Matchday 8",2022-23/mx.1.csv
2022-23,2023-02-18,Pumas UNAM,Deportivo Guadalajara,1,2,"Clausura, Matchday 8",2022-23/mx.1.csv
2022-23,2023-02-19,CF América,Club Tijuana,2,1,"Clausura, Matchday 8",2022-23/mx.1.csv
2022-23,2023-02-19,CF Pachuca,Deportivo Toluca,1,2,"Clausura, Matchday 8",2022-23/mx.1.csv
2022-23,2023-02-19,Gallos Blancos,Mazatlán FC,1,1,"Clausura, Matchday 8",2022-23/mx.1.csv
2022-23,2023-02-22,Cruz Azul,Atlas Guadalajara,1,0,"Clausura, Matchday 7",2022-23/mx.1.csv
2022-23,2023-02-23,Santos Laguna,Deportivo Toluca,0,5,"Clausura, Matchday 7",2022-23/mx.1.csv
2022-23,2023-02-24,Club Necaxa,Gallos Blancos,1,1,"Clausura, Matchday 9",2022-23/mx.1.csv
2022-23,2023-02-24,Mazatlán FC,Pumas UNAM,1,2,"Clausura, Matchday 9",2022-23/mx.1.csv
2022-23,2023-02-25,Atlas Guadalajara,CF América,2,2,"Clausura, Matchday 9",2022-23/mx.1.csv
2022-23,2023-02-25,Cruz Azul,FC Juárez,1,0,"Clausura, Matchday 9",2022-23/mx.1.csv
2022-23,2023-02-25,UANL Tigres,Deportivo Guadalajara,1,2,"Clausura, Matchday 9",2022-23/mx.1.csv
2022-23,2023-02-26,Club Tijuana,CF Pachuca,2,0,"Clausura, Matchday 9",2022-23/mx.1.csv
2022-23,2023-02-26,Deportivo Toluca,Atlético San Luis,2,0,"Clausura, Matchday 9",2022-23/mx.1.csv
2022-23,2023-02-26,Santos Laguna,Puebla FC,3,2,"Clausura, Matchday 9",2022-23/mx.1.csv
2022-23,2023-02-27,Club León,CF Monterrey,1,1,"Clausura, Matchday 9",2022-23/mx.1.csv
2022-23,2023-03-03,Club Necaxa,UANL Tigres,0,1,"Clausura, Matchday 10",2022-23/mx.1.csv
2022-23,2023-03-03,Club Tijuana,Atlas Guadalajara,1,1,"Clausura, Matchday 10",2022-23/mx.1.csv
2022-23,2023-03-03,Mazatlán FC,Cruz Azul,3,1,"Clausura, Matchday 10",2022-23/mx.1.csv
2022-23,2023-03-04,CF América,CF Pachuca,0,3,"Clausura, Matchday 10",2022-23/mx.1.csv
2022-23,2023-03-04,CF Monterrey,FC Juárez,3,0,"Clausura, Matchday 10",2022-23/mx.1.csv
2022-23,2023-03-04,Club León,Atlético San Luis,2,0,"Clausura, Matchday 10",2022-23/mx.1.csv
2022-23,2023-03-04,Deportivo Guadalajara,Santos Laguna,2,0,"Clausura, Matchday 10",2022-23/mx.1.csv
2022-23,2023-03-05,Gallos Blancos,Deportivo Toluca,1,0,"Clausura, Matchday 10",2022-23/mx.1.csv
2022-23,2023-03-05,Pumas UNAM,Puebla FC,2,4,"Clausura, Matchday 10",2022-23/mx.1.csv
2022-23,2023-03-10,Atlético San Luis,Gallos Blancos,2,0,"Clausura, Matchday 11",2022-23/mx.1.csv
2022-23,2023-03-10,Puebla FC,Deportivo Guadalajara,1,0,"Clausura, Matchday 11",2022-23/mx.1.csv
2022-23,2023-03-11,Atlas Guadalajara,Club León,0,1,"Clausura, Matchday 11",2022-23/mx.1.csv
2022-23,2023-03-11,Cruz Azul,Pumas UNAM,1,0,"Clausura, Matchday 11",2022-23/mx.1.csv
2022-23,2023-03-11,UANL Tigres,CF América,0,2,"Clausura, Matchday 11",2022-23/mx.1.csv
2022-23,2023-03-12,CF Pachuca,CF Monterrey,1,2,"Clausura, Matchday 11",2022-23/mx.1.csv
2022-23,2023-03-12,Deportivo Toluca,Mazatlán FC,4,1,"Clausura, Matchday 11",2022-23/mx.1.csv
2022-23,2023-03-12,FC Juárez,Club Necaxa,1,1,"Clausura, Matchday 11",2022-23/mx.1.csv
2022-23,2023-03-12,Santos Laguna,Club Tijuana,3,2,"Clausura, Matchday 11",2022-23/mx.1.csv
2022-23,2023-03-17,Club Tijuana,Deportivo Toluca,3,3,"Clausura, Matchday 12",2022-23/mx.1.csv
2022-23,2023-03-17,Mazatlán FC,Club Necaxa,0,1,"Clausura, Matchday 12",2022-23/mx.1.csv
2022-23,2023-03-17,Puebla FC,Atlas Guadalajara,0,4,"Clausura, Matchday 12",2022-23/mx.1.csv
2022-23,2023-03-18,Cruz Azul,Atlético San Luis,1,0,"Clausura, Matchday 12",2022-23/mx.1.csv
2022-23,2023-03-18,Deportivo Guadalajara,CF América,2,4,"Clausura, Matchday 12",2022-23/mx.1.csv
2022-23,2023-03-18,UANL Tigres,CF Monterrey,0,1,"Clausura, Matchday 12",2022-23/mx.1.csv
2022-23,2023-03-19,Club León,Santos Laguna,4,1,"Clausura, Matchday 12",2022-23/mx.1.csv
2022-23,2023-03-19,Gallos Blancos,FC Juárez,2,2,"Clausura, Matchday 12",2022-23/mx.1.csv
2022-23,2023-03-19,Pumas UNAM,CF Pachuca,0,2,"Clausura, Matchday 12",2022-23/mx.1.csv
2022-23,2023-03-24,Mazatlán FC,Club León,1,2,"Clausura, Matchday 1",2022-23/mx.1.csv
2022-23,2023-03-29,Gallos Blancos,Cruz Azul,2,2,"Clausura, Matchday 4",2022-23/mx.1.csv
2022-23,2023-03-31,Club Necaxa,Santos Laguna,0,0,"Clausura, Matchday 13",2022-23/mx.1.csv
2022-23,2023-03-31,FC Juárez,Puebla FC,0,2,"Clausura, Matchday 13",2022-23/mx.1.csv
2022-23,2023-04-01,Atlas Guadalajara,Deportivo Guadalajara,3,3,"Clausura, Matchday 13",2022-23/mx.1.csv
2022-23,2023-04-01,CF América,Club León,2,2,"Clausura, Matchday 13",2022-23/mx.1.csv
2022-23,2023-04-01,CF Monterrey,Club Tijuana,4,0,"Clausura, Matchday 13",2022-23/mx.1.csv
2022-23,2023-04-01,CF Pachuca,Cruz Azul,0,2,"Clausura, Matchday 13",2022-23/mx.1.csv
2022-23,2023-04-02,Atlético San Luis,Mazatlán FC,2,1,"Clausura, Matchday 13",2022-23/mx.1.csv
2022-23,2023-04-02,Deportivo Toluca,UANL Tigres,3,2,"Clausura, Matchday 13",2022-23/mx.1.csv
2022-23,2023-04-02,Gallos Blancos,Pumas UNAM,1,0,"Clausura, Matchday 13",2022-23/mx.1.csv
2022-23,2023-04-07,Club Tijuana,Gallos Blancos,1,2,"Clausura, Matchday 14",2022-23/mx.1.csv
2022-23,2023-04-07,Puebla FC,Deportivo Toluca,1,2,"Clausura, Matchday 14",2022-23/mx.1.csv
2022-23,2023-04-08,CF América,CF Monterrey,2,1,"Clausura, Matchday 14",2022-23/mx.1.csv
2022-23,2023-04-08,Club León,Cruz Azul,0,0,"Clausura, Matchday 14",2022-23/mx.1.csv
2022-23,2023-04-08,Deportivo Guadalajara,Club Necaxa,1,0,"Clausura, Matchday 14",2022-23/mx.1.csv
2022-23,2023-04-08,UANL Tigres,Mazatlán FC,1,2,"Clausura, Matchday 14",2022-23/mx.1.csv
2022-23,2023-04-09,FC Juárez,Atlas Guadalajara,1,1,"Clausura, Matchday 14",2022-23/mx.1.csv
2022-23,2023-04-09,Pumas UNAM,Atlético San Luis,3,1,"Clausura, Matchday 14",2022-23/mx.1.csv
2022-23,2023-04-09,Santos Laguna,CF Pachuca,1,4,"Clausura, Matchday 14",2022-23/mx.1.csv
2022-23,2023-04-13,Atlético San Luis,FC Juárez,2,0,"Clausura, Matchday 15",2022-23/mx.1.csv
2022-23,2023-04-14,Club Necaxa,Puebla FC,1,1,"Clausura, Matchday 15",2022-23/mx.1.csv
2022-23,2023-04-14,Mazatlán FC,Club Tijuana,1,2,"Clausura, Matchday 15",2022-23/mx.1.csv
2022-23,2023-04-15,Atlas Guadalajara,CF Pachuca,4,1,"Clausura, Matchday 15",2022-23/mx.1.csv
2022-23,2023-04-15,Club León,Deportivo Guadalajara,0,2,"Clausura, Matchday 15",2022-23/mx.1.csv
2022-23,2023-04-15,Cruz Azul,CF América,1,3,"Clausura, Matchday 15",2022-23/mx.1.csv
2022-23,2023-04-16,CF Monterrey,Santos Laguna,1,2,"Clausura, Matchday 15",2022-23/mx.1.csv
2022-23,2023-04-16,Gallos Blancos,UANL Tigres,0,0,"Clausura, Matchday 15",2022-23/mx.1.csv
2022-23,2023-04-16,Pumas UNAM,Deportivo Toluca,3,1,"Clausura, Matchday 15",2022-23/mx.1.csv
2022-23,2023-04-20,UANL Tigres,Puebla FC,1,0,"Clausura, Matchday 16",2022-23/mx.1.csv
2022-23,2023-04-21,Club Necaxa,Atlas Guadalajara,1,3,"Clausura, Matchday 16",2022-23/mx.1.csv
2022-23,2023-04-21,Club Tijuana,Club León,0,0,"Clausura, Matchday 16",2022-23/mx.1.csv
2022-23,2023-04-21,Mazatlán FC,CF Monterrey,0,2,"Clausura, Matchday 16",2022-23/mx.1.csv
2022-23,2023-04-22,CF América,Pumas UNAM,1,1,"Clausura, Matchday 16",2022-23/mx.1.csv
2022-23,2023-04-22,CF Pachuca,Atlético San Luis,2,1,"Clausura, Matchday 16",2022-23/mx.1.csv
2022-23,2023-04-22,Deportivo Guadalajara,Cruz Azul,2,1,"Clausura, Matchday 16",2022-23/mx.1.csv
2022-23,2023-04-23,Deportivo Toluca,FC Juárez,1,1,"Clausura, Matchday 16",2022-23/mx.1.csv
2022-23,2023-04-23,Santos Laguna,Gallos Blancos,0,2,"Clausura, Matchday 16",2022-23/mx.1.csv
2022-23,2023-04-28,FC Juárez,CF América,0,1,"Clausura, Matchday 17",2022-23/mx.1.csv
2022-23,2023-04-29,Atlético San Luis,Atlas Guadalajara,0,0,"Clausura, Matchday 17",2022-23/mx.1.csv
2022-23,2023-04-29,CF Monterrey,Pumas UNAM,4,1,"Clausura, Matchday 17",2022-23/mx.1.csv
2022-23,2023-04-29,Cruz Azul,Santos Laguna,3,2,"Clausura, Matchday 17",2022-23/mx.1.csv
2022-23,2023-04-29,Deportivo Guadalajara,Mazatlán FC,4,1,"Clausura, Matchday 17",2022-23/mx.1.csv
2022-23,2023-04-29,Puebla FC,Club Tijuana,5,2,"Clausura, Matchday 17",2022-23/mx.1.csv
2022-23,2023-04-30,Club León,UANL Tigres,3,0,"Clausura, Matchday 17",2022-23/mx.1.csv
2022-23,2023-04-30,Deportivo Toluca,Club Necaxa,3,0,"Clausura, Matchday 17",2022-23/mx.1.csv
2022-23,2023-04-30,Gallos Blancos,CF Pachuca,0,1,"Clausura, Matchday 17",2022-23/mx.1.csv
2023-24,2023-06-30,CF América,FC Juárez,1,2,"Apertura, Matchday 1",2023-24/mx.1.csv
2023-24,2023-06-30,Club Tijuana,Pumas UNAM,2,3,"Apertura, Matchday 1",2023-24/mx.1.csv
2023-24,2023-06-30,Mazatlán FC,CF Pachuca,1,1,"Apertura, Matchday 1",2023-24/mx.1.csv
2023-24,2023-07-01,Atlas Guadalajara,Cruz Azul,2,0,"Apertura, Matchday 1",2023-24/mx.1.csv
2023-24,2023-07-01,Atlético San Luis,CF Monterrey,1,1,"Apertura, Matchday 1",2023-24/mx.1.csv
2023-24,2023-07-01,UANL Tigres,Puebla FC,1,1,"Apertura, Matchday 1",2023-24/mx.1.csv
2023-24,2023-07-02,Deportivo Toluca,Club Necaxa,0,0,"Apertura, Matchday 1",2023-24/mx.1.csv
2023-24,2023-07-02,Santos Laguna,Gallos Blancos,0,2,"Apertura, Matchday 1",2023-24/mx.1.csv
2023-24,2023-07-03,Club León,Deportivo Guadalajara,1,2,"Apertura, Matchday 1",2023-24/mx.1.csv
2023-24,2023-07-07,Club Necaxa,Club Tijuana,1,1,"Apertura, Matchday 2",2023-24/mx.1.csv
2023-24,2023-07-07,Puebla FC,Santos Laguna,2,3,"Apertura, Matchday 2",2023-24/mx.1.csv
2023-24,2023-07-08,Cruz Azul,Deportivo Toluca,0,2,"Apertura, Matchday 2",2023-24/mx.1.csv
2023-24,2023-07-08,Deportivo Guadalajara,Atlético San Luis,3,1,"Apertura, Matchday 2",2023-24/mx.1.csv
2023-24,2023-07-08,FC Juárez,UANL Tigres,1,1,"Apertura, Matchday 2",2023-24/mx.1.csv
2023-24,2023-07-09,CF Monterrey,Atlas Guadalajara,1,0,"Apertura, Matchday 2",2023-24/mx.1.csv
2023-24,2023-07-09,Pumas UNAM,Mazatlán FC,0,0,"Apertura, Matchday 2",2023-24/mx.1.csv
2023-24,2023-07-10,Club León,CF Pachuca,4,0,"Apertura, Matchday 2",2023-24/mx.1.csv
2023-24,2023-07-13,Deportivo Guadalajara,Club Necaxa,2,0,"Apertura, Matchday 3",2023-24/mx.1.csv
2023-24,2023-07-13,Santos Laguna,Atlas Guadalajara,0,0,"Apertura, Matchday 3",2023-24/mx.1.csv
2023-24,2023-07-14,Club Tijuana,Cruz Azul,2,1,"Apertura, Matchday 3",2023-24/mx.1.csv
2023-24,2023-07-14,Mazatlán FC,CF Monterrey,0,3,"Apertura, Matchday 3",2023-24/mx.1.csv
2023-24,2023-07-15,Atlético San Luis,Gallos Blancos,4,1,"Apertura, Matchday 3",2023-24/mx.1.csv
2023-24,2023-07-15,CF América,Puebla FC,3,0,"Apertura, Matchday 3",2023-24/mx.1.csv
2023-24,2023-07-15,UANL Tigres,Club León,1,0,"Apertura, Matchday 3",2023-24/mx.1.csv
2023-24,2023-07-16,CF Pachuca,Pumas UNAM,1,1,"Apertura, Matchday 3",2023-24/mx.1.csv
2023-24,2023-07-16,Deportivo Toluca,FC Juárez,2,4,"Apertura, Matchday 3",2023-24/mx.1.csv
2023-24,2023-08-18,Club León,Mazatlán FC,2,1,"Apertura, Matchday 4",2023-24/mx.1.csv
2023-24,2023-08-18,FC Juárez,Deportivo Guadalajara,1,1,"Apertura, Matchday 4",2023-24/mx.1.csv
2023-24,2023-08-18,Puebla FC,Atlético San Luis,1,2,"Apertura, Matchday 4",2023-24/mx.1.csv
2023-24,2023-08-18,Pumas UNAM,Deportivo Toluca,1,1,"Apertura, Matchday 4",2023-24/mx.1.csv
2023-24,2023-08-20,CF América,Atlas Guadalajara,1,1,"Apertura, Matchday 4",2023-24/mx.1.csv
2023-24,2023-08-20,Club Necaxa,UANL Tigres,0,3,"Apertura, Matchday 4",2023-24/mx.1.csv
2023-24,2023-08-20,Cruz Azul,Santos Laguna,2,2,"Apertura, Matchday 4",2023-24/mx.1.csv
2023-24,2023-08-20,Gallos Blancos,CF Pachuca,1,1,"Apertura, Matchday 4",2023-24/mx.1.csv
2023-24,2023-08-22,Deportivo Guadalajara,Club Tijuana,1,0,"Apertura, Matchday 5",2023-24/mx.1.csv
2023-24,2023-08-22,FC Juárez,Pumas UNAM,4,1,"Apertura, Matchday 5",2023-24/mx.1.csv
2023-24,2023-08-22,Mazatlán FC,Puebla FC,1,0,"Apertura, Matchday 5",2023-24/mx.1.csv
2023-24,2023-08-23,Atlético San Luis,Club León,3,0,"Apertura, Matchday 5",2023-24/mx.1.csv
2023-24,2023-08-23,CF América,Club Necaxa,3,2,"Apertura, Matchday 5",2023-24/mx.1.csv
2023-24,2023-08-23,CF Pachuca,Cruz Azul,1,0,"Apertura, Matchday 5",2023-24/mx.1.csv
2023-24,2023-08-25,Club Tijuana,Mazatlán FC,1,1,"Apertura, Matchday 6",2023-24/mx.1.csv
2023-24,2023-08-25,Puebla FC,FC Juárez,1,0,"Apertura, Matchday 6",2023-24/mx.1.csv
2023-24,2023-08-26,Atlas Guadalajara,Deportivo Toluca,0,0,"Apertura, Matchday 6",2023-24/mx.1.csv
2023-24,2023-08-26,CF América,Club León,1,1,"Apertura, Matchday 6",2023-24/mx.1.csv
2023-24,2023-08-26,Santos Laguna,Deportivo Guadalajara,2,1,"Apertura, Matchday 6",2023-24/mx.1.csv
2023-24,2023-08-27,CF Monterrey,Cruz Azul,1,2,"Apertura, Matchday 6",2023-24/mx.1.csv
2023-24,2023-08-27,Club Necaxa,Gallos Blancos,0,1,"Apertura, Matchday 6",2023-24/mx.1.csv
2023-24,2023-08-27,Pumas UNAM,UANL Tigres,2,1,"Apertura, Matchday 6",2023-24/mx.1.csv
2023-24,2023-08-28,CF Pachuca,Atlético San Luis,0,2,"Apertura, Matchday 6",2023-24/mx.1.csv
2023-24,2023-08-30,Deportivo Toluca,CF Monterrey,1,0,"Apertura, Matchday 5",2023-24/mx.1.csv
2023-24,2023-08-30,Gallos Blancos,Atlas Guadalajara,1,2,"Apertura, Matchday 5",2023-24/mx.1.csv
2023-24,2023-08-30,UANL Tigres,Santos Laguna,3,2,"Apertura, Matchday 5",2023-24/mx.1.csv
2023-24,2023-09-01,FC Juárez,Mazatlán FC,3,1,"Apertura, Matchday 7",2023-24/mx.1.csv
2023-24,2023-09-01,Puebla FC,Club Tijuana,3,0,"Apertura, Matchday 7",2023-24/mx.1.csv
2023-24,2023-09-02,Club León,Club Necaxa,1,1,"Apertura, Matchday 7",2023-24/mx.1.csv
2023-24,2023-09-02,Cruz Azul,CF América,2,3,"Apertura, Matchday 7",2023-24/mx.1.csv
2023-24,2023-09-02,Santos Laguna,Pumas UNAM,2,1,"Apertura, Matchday 7",2023-24/mx.1.csv
2023-24,2023-09-02,UANL Tigres,Gallos Blancos,5,0,"Apertura, Matchday 7",2023-24/mx.1.csv
2023-24,2023-09-03,Atlético San Luis,Atlas Guadalajara,2,0,"Apertura, Matchday 7",2023-24/mx.1.csv
2023-24,2023-09-03,Deportivo Guadalajara,CF Monterrey,1,2,"Apertura, Matchday 7",2023-24/mx.1.csv
2023-24,2023-09-03,Deportivo Toluca,CF Pachuca,5,0,"Apertura, Matchday 7",2023-24/mx.1.csv
2023-24,2023-09-15,Club Tijuana,Deportivo Toluca,2,1,"Apertura, Matchday 8",2023-24/mx.1.csv
2023-24,2023-09-15,Mazatlán FC,Cruz Azul,2,2,"Apertura, Matchday 8",2023-24/mx.1.csv
2023-24,2023-09-16,CF América,Deportivo Guadalajara,4,0,"Apertura, Matchday 8",2023-24/mx.1.csv
2023-24,2023-09-16,CF Monterrey,Club León,3,1,"Apertura, Matchday 8",2023-24/mx.1.csv
2023-24,2023-09-16,Club Necaxa,FC Juárez,1,1,"Apertura, Matchday 8",2023-24/mx.1.csv
2023-24,2023-09-17,Atlas Guadalajara,UANL Tigres,2,0,"Apertura, Matchday 8",2023-24/mx.1.csv
2023-24,2023-09-17,Gallos Blancos,Puebla FC,1,1,"Apertura, Matchday 8",2023-24/mx.1.csv
2023-24,2023-09-17,Pumas UNAM,Atlético San Luis,3,2,"Apertura, Matchday 8",2023-24/mx.1.csv
2023-24,2023-09-18,CF Pachuca,Santos Laguna,3,2,"Apertura, Matchday 8",2023-24/mx.1.csv
2023-24,2023-09-20,Gallos Blancos,CF América,1,2,"Apertura, Matchday 2",2023-24/mx.1.csv
2023-24,2023-09-22,Atlético San Luis,Mazatlán FC,3,2,"Apertura, Matchday 9",2023-24/mx.1.csv
2023-24,2023-09-22,FC Juárez,Atlas Guadalajara,1,2,"Apertura, Matchday 9",2023-24/mx.1.csv
2023-24,2023-09-22,Puebla FC,Pumas UNAM,0,2,"Apertura, Matchday 9",2023-24/mx.1.csv
2023-24,2023-09-23,Club León,Club Tijuana,1,0,"Apertura, Matchday 9",2023-24/mx.1.csv
2023-24,2023-09-23,Deportivo Guadalajara,CF Pachuca,0,0,"Apertura, Matchday 9",2023-24/mx.1.csv
2023-24,2023-09-23,UANL Tigres,CF Monterrey,3,0,"Apertura, Matchday 9",2023-24/mx.1.csv
2023-24,2023-09-24,Cruz Azul,Gallos Blancos,1,3,"Apertura, Matchday 9",2023-24/mx.1.csv
2023-24,2023-09-24,Deportivo Toluca,CF América,1,1,"Apertura, Matchday 9",2023-24/mx.1.csv
2023-24,2023-09-24,Santos Laguna,Club Necaxa,2,5,"Apertura, Matchday 9",2023-24/mx.1.csv
2023-24,2023-09-26,Deportivo Guadalajara,Mazatlán FC,1,3,"Apertura, Matchday 11",2023-24/mx.1.csv
2023-24,2023-09-28,Atlas Guadalajara,Puebla FC,2,3,"Apertura, Matchday 10",2023-24/mx.1.csv
2023-24,2023-09-29,Atlético San Luis,Cruz Azul,1,2,"Apertura, Matchday 10",2023-24/mx.1.csv
2023-24,2023-09-29,Club Tijuana,FC Juárez,5,1,"Apertura, Matchday 10",2023-24/mx.1.csv
2023-24,2023-09-29,Gallos Blancos,Club León,1,1,"Apertura, Matchday 10",2023-24/mx.1.csv
2023-24,2023-09-30,CF América,Pumas UNAM,1,0,"Apertura, Matchday 10",2023-24/mx.1.csv
2023-24,2023-09-30,CF Pachuca,Club Necaxa,1,1,"Apertura, Matchday 10",2023-24/mx.1.csv
2023-24,2023-09-30,Mazatlán FC,UANL Tigres,2,3,"Apertura, Matchday 10",2023-24/mx.1.csv
2023-24,2023-10-01,Deportivo Toluca,Deportivo Guadalajara,1,1,"Apertura, Matchday 10",2023-24/mx.1.csv
2023-24,2023-10-03,CF América,CF Pachuca,4,0,"Apertura, Matchday 11",2023-24/mx.1.csv
2023-24,2023-10-03,Puebla FC,CF Monterrey,1,1,"Apertura, Matchday 11",2023-24/mx.1.csv
2023-24,2023-10-04,Club Necaxa,Cruz Azul,1,3,"Apertura, Matchday 11",2023-24/mx.1.csv
2023-24,2023-10-04,Pumas UNAM,Gallos Blancos,4,0,"Apertura, Matchday 11",2023-24/mx.1.csv
2023-24,2023-10-04,Santos Laguna,Club Tijuana,2,1,"Apertura, Matchday 11",2023-24/mx.1.csv
2023-24,2023-10-04,UANL Tigres,Deportivo Toluca,2,2,"Apertura, Matchday 11",2023-24/mx.1.csv
2023-24,2023-10-06,Mazatlán FC,CF América,1,2,"Apertura, Matchday 12",2023-24/mx.1.csv
2023-24,2023-10-07,CF Monterrey,FC Juárez,3,1,"Apertura, Matchday 12",2023-24/mx.1.csv
2023-24,2023-10-07,CF Pachuca,UANL Tigres,1,1,"Apertura, Matchday 12",2023-24/mx.1.csv
2023-24,2023-10-07,Cruz Azul,Pumas UNAM,1,4,"Apertura, Matchday 12",2023-24/mx.1.csv
2023-24,2023-10-07,Deportivo Guadalajara,Atlas Guadalajara,4,1,"Apertura, Matchday 12",2023-24/mx.1.csv
2023-24,2023-10-08,Club Necaxa,Puebla FC,1,2,"Apertura, Matchday 12",2023-24/mx.1.csv
2023-24,2023-10-08,Club Tijuana,Atlético San Luis,2,1,"Apertura, Matchday 12",2023-24/mx.1.csv
2023-24,2023-10-08,Deportivo Toluca,Gallos Blancos,3,1,"Apertura, Matchday 12",2023-24/mx.1.csv
2023-24,2023-10-08,Santos Laguna,Club León,0,2,"Apertura, Matchday 12",2023-24/mx.1.csv
2023-24,2023-10-20,Atlas Guadalajara,Mazatlán FC,1,3,"Apertura, Matchday 13",2023-24/mx.1.csv
2023-24,2023-10-20,FC Juárez,CF Pachuca,0,1,"Apertura, Matchday 13",2023-24/mx.1.csv
2023-24,2023-10-20,Puebla FC,Deportivo Guadalajara,0,2,"Apertura, Matchday 13",2023-24/mx.1.csv
2023-24,2023-10-21,CF América,Santos Laguna,4,3,"Apertura, Matchday 13",2023-24/mx.1.csv
2023-24,2023-10-21,Club León,Deportivo Toluca,1,0,"Apertura, Matchday 13",2023-24/mx.1.csv
2023-24,2023-10-21,Gallos Blancos,Club Tijuana,1,0,"Apertura, Matchday 13",2023-24/mx.1.csv
2023-24,2023-10-21,UANL Tigres,Cruz Azul,2,1,"Apertura, Matchday 13",2023-24/mx.1.csv
2023-24,2023-10-22,Atlético San Luis,Club Necaxa,4,0,"Apertura, Matchday 13",2023-24/mx.1.csv
2023-24,2023-10-22,Pumas UNAM,CF Monterrey,0,1,"Apertura, Matchday 13",2023-24/mx.1.csv
2023-24,2023-10-24,Club León,Atlas Guadalajara,1,1,"Apertura, Matchday 11",2023-24/mx.1.csv
2023-24,2023-10-25,CF Monterrey,Club Tijuana,3,1,"Apertura, Matchday 4",2023-24/mx.1.csv
2023-24,2023-10-25,FC Juárez,Atlético San Luis,3,2,"Apertura, Matchday 11",2023-24/mx.1.csv
2023-24,2023-10-27,Club Necaxa,Pumas UNAM,1,0,"Apertura, Matchday 14",2023-24/mx.1.csv
2023-24,2023-10-27,Mazatlán FC,Gallos Blancos,3,0,"Apertura, Matchday 14",2023-24/mx.1.csv
2023-24,2023-10-28,CF Monterrey,CF América,0,3,"Apertura, Matchday 14",2023-24/mx.1.csv
2023-24,2023-10-28,CF Pachuca,Puebla FC,1,1,"Apertura, Matchday 14",2023-24/mx.1.csv
2023-24,2023-10-28,Cruz Azul,Club León,1,0,"Apertura, Matchday 14",2023-24/mx.1.csv
2023-24,2023-10-28,Deportivo Guadalajara,UANL Tigres,0,4,"Apertura, Matchday 14",2023-24/mx.1.csv
2023-24,2023-10-29,Club Tijuana,Atlas Guadalajara,2,0,"Apertura, Matchday 14",2023-24/mx.1.csv
2023-24,2023-10-29,Deportivo Toluca,Atlético San Luis,3,1,"Apertura, Matchday 14",2023-24/mx.1.csv
2023-24,2023-10-29,Santos Laguna,FC Juárez,5,1,"Apertura, Matchday 14",2023-24/mx.1.csv
2023-24,2023-10-31,CF Monterrey,Club Necaxa,3,0,"Apertura, Matchday 15",2023-24/mx.1.csv
2023-24,2023-10-31,Club León,Pumas UNAM,1,1,"Apertura, Matchday 15",2023-24/mx.1.csv
2023-24,2023-10-31,Deportivo Toluca,Puebla FC,0,1,"Apertura, Matchday 15",2023-24/mx.1.csv
2023-24,2023-10-31,Gallos Blancos,Deportivo Guadalajara,1,2,"Apertura, Matchday 15",2023-24/mx.1.csv
2023-24,2023-11-01,Atlas Guadalajara,CF Pachuca,0,2,"Apertura, Matchday 15",2023-24/mx.1.csv
2023-24,2023-11-01,Atlético San Luis,CF América,0,1,"Apertura, Matchday 15",2023-24/mx.1.csv
2023-24,2023-11-01,Club Tijuana,UANL Tigres,2,0,"Apertura, Matchday 15",2023-24/mx.1.csv
2023-24,2023-11-01,Cruz Azul,FC Juárez,2,0,"Apertura, Matchday 15",2023-24/mx.1.csv
2023-24,2023-11-01,Mazatlán FC,Santos Laguna,3,1,"Apertura, Matchday 15",2023-24/mx.1.csv
2023-24,2023-11-03,Puebla FC,Club León,5,4,"Apertura, Matchday 16",2023-24/mx.1.csv
2023-24,2023-11-04,CF América,Club Tijuana,3,0,"Apertura, Matchday 16",2023-24/mx.1.csv
2023-24,2023-11-04,CF Pachuca,CF Monterrey,0,2,"Apertura, Matchday 16",2023-24/mx.1.csv
2023-24,2023-11-04,Deportivo Guadalajara,Cruz Azul,1,0,"Apertura, Matchday 16",2023-24/mx.1.csv
2023-24,2023-11-04,UANL Tigres,Atlético San Luis,2,2,"Apertura, Matchday 16",2023-24/mx.1.csv
2023-24,2023-11-05,Club Necaxa,Mazatlán FC,4,0,"Apertura, Matchday 16",2023-24/mx.1.csv
2023-24,2023-11-05,FC Juárez,Gallos Blancos,0,3,"Apertura, Matchday 16",2023-24/mx.1.csv
2023-24,2023-11-05,Pumas UNAM,Atlas Guadalajara,3,0,"Apertura, Matchday 16",2023-24/mx.1.csv
2023-24,2023-11-05,Santos Laguna,Deportivo Toluca,3,1,"Apertura, Matchday 16",2023-24/mx.1.csv
2023-24,2023-11-08,CF Monterrey,Santos Laguna,3,0,"Apertura, Matchday 10",2023-24/mx.1.csv
2023-24,2023-11-10,Atlas Guadalajara,Club Necaxa,0,0,"Apertura, Matchday 17",2023-24/mx.1.csv
2023-24,2023-11-10,Club Tijuana,CF Pachuca,2,3,"Apertura, Matchday 17",2023-24/mx.1.csv
2023-24,2023-11-10,Mazatlán FC,Deportivo Toluca,1,0,"Apertura, Matchday 17",2023-24/mx.1.csv
2023-24,2023-11-11,Atlético San Luis,Santos Laguna,0,2,"Apertura, Matchday 17",2023-24/mx.1.csv
2023-24,2023-11-11,Gallos Blancos,CF Monterrey,0,0,"Apertura, Matchday 17",2023-24/mx.1.csv
2023-24,2023-11-11,Pumas UNAM,Deportivo Guadalajara,1,0,"Apertura, Matchday 17",2023-24/mx.1.csv
2023-24,2023-11-11,UANL Tigres,CF América,0,0,"Apertura, Matchday 17",2023-24/mx.1.csv
2023-24,2023-11-12,Club León,FC Juárez,2,1,"Apertura, Matchday 17",2023-24/mx.1.csv
2023-24,2023-11-12,Cruz Azul,Puebla FC,1,2,"Apertura, Matchday 17",2023-24/mx.1.csv
2023-24,2024-01-12,Gallos Blancos,Deportivo Toluca,2,2,"Clausura, Matchday 1",2023-24/mx.1.csv
2023-24,2024-01-12,Mazatlán FC,Atlético San Luis,0,1,"Clausura, Matchday 1",2023-24/mx.1.csv
2023-24,2024-01-13,CF Monterrey,Puebla FC,2,0,"Clausura, Matchday 1",2023-24/mx.1.csv
2023-24,2024-01-13,Club Tijuana,CF América,0,2,"Clausura, Matchday 1",2023-24/mx.1.csv
2023-24,2024-01-13,Cruz Azul,CF Pachuca,0,1,"Clausura, Matchday 1",2023-24/mx.1.csv
2023-24,2024-01-13,Deportivo Guadalajara,Santos Laguna,1,1,"Clausura, Matchday 1",2023-24/mx.1.csv
2023-24,2024-01-14,Club Necaxa,Atlas Guadalajara,2,1,"Clausura, Matchday 1",2023-24/mx.1.csv
2023-24,2024-01-14,Pumas UNAM,FC Juárez,1,0,"Clausura, Matchday 1",2023-24/mx.1.csv
2023-24,2024-01-17,Club León,UANL Tigres,1,2,"Clausura, Matchday 1",2023-24/mx.1.csv
2023-24,2024-01-19,Atlético San Luis,Pumas UNAM,3,1,"Clausura, Matchday 2",2023-24/mx.1.csv
2023-24,2024-01-19,FC Juárez,Cruz Azul,0,0,"Clausura, Matchday 2",2023-24/mx.1.csv
2023-24,2024-01-19,Puebla FC,Club Necaxa,1,2,"Clausura, Matchday 2",2023-24/mx.1.csv
2023-24,2024-01-20,Atlas Guadalajara,Club Tijuana,0,0,"Clausura, Matchday 2",2023-24/mx.1.csv
2023-24,2024-01-20,CF América,Gallos Blancos,2,0,"Clausura, Matchday 2",2023-24/mx.1.csv
2023-24,2024-01-20,Deportivo Toluca,Mazatlán FC,4,1,"Clausura, Matchday 2",2023-24/mx.1.csv
2023-24,2024-01-21,Santos Laguna,CF Monterrey,0,2,"Clausura, Matchday 2",2023-24/mx.1.csv
2023-24,2024-01-21,UANL Tigres,Deportivo Guadalajara,1,0,"Clausura, Matchday 2",2023-24/mx.1.csv
2023-24,2024-01-24,Atlético San Luis,UANL Tigres,1,2,"Clausura, Matchday 4",2023-24/mx.1.csv
2023-24,2024-01-24,CF Monterrey,Gallos Blancos,1,1,"Clausura, Matchday 4",2023-24/mx.1.csv
2023-24,2024-01-24,FC Juárez,CF América,0,2,"Clausura, Matchday 4",2023-24/mx.1.csv
2023-24,2024-01-26,Club Tijuana,Deportivo Guadalajara,1,1,"Clausura, Matchday 3",2023-24/mx.1.csv
2023-24,2024-01-26,Puebla FC,Deportivo Toluca,1,1,"Clausura, Matchday 3",2023-24/mx.1.csv
2023-24,2024-01-27,CF Monterrey,Atlético San Luis,3,1,"Clausura, Matchday 3",2023-24/mx.1.csv
2023-24,2024-01-27,Club León,Santos Laguna,3,2,"Clausura, Matchday 3",2023-24/mx.1.csv
2023-24,2024-01-27,Club Necaxa,CF América,0,0,"Clausura, Matchday 3",2023-24/mx.1.csv
2023-24,2024-01-27,Cruz Azul,Mazatlán FC,2,1,"Clausura, Matchday 3",2023-24/mx.1.csv
2023-24,2024-01-28,Atlas Guadalajara,FC Juárez,2,1,"Clausura, Matchday 3",2023-24/mx.1.csv
2023-24,2024-01-28,Gallos Blancos,UANL Tigres,1,1,"Clausura, Matchday 3",2023-24/mx.1.csv
2023-24,2024-01-28,Pumas UNAM,CF Pachuca,3,1,"Clausura, Matchday 3",2023-24/mx.1.csv
2023-24,2024-01-30,Cruz Azul,Club Tijuana,1,0,"Clausura, Matchday 4",2023-24/mx.1.csv
2023-24,2024-01-30,Deportivo Guadalajara,Deportivo Toluca,3,2,"Clausura, Matchday 4",2023-24/mx.1.csv
2023-24,2024-01-30,Mazatlán FC,Club León,2,2,"Clausura, Matchday 4",2023-24/mx.1.csv
2023-24,2024-01-30,Santos Laguna,Puebla FC,3,0,"Clausura, Matchday 4",2023-24/mx.1.csv
2023-24,2024-01-31,CF Pachuca,Atlas Guadalajara,4,3,"Clausura, Matchday 4",2023-24/mx.1.csv
2023-24,2024-01-31,Pumas UNAM,Club Necaxa,2,2,"Clausura, Matchday 4",2023-24/mx.1.csv
2023-24,2024-02-02,Gallos Blancos,Cruz Azul,1,3,"Clausura, Matchday 5",2023-24/mx.1.csv
2023-24,2024-02-02,Puebla FC,Mazatlán FC,3,2,"Clausura, Matchday 5",2023-24/mx.1.csv
2023-24,2024-02-03,CF América,CF Monterrey,1,1,"Clausura, Matchday 5",2023-24/mx.1.csv
2023-24,2024-02-03,CF Pachuca,Club Tijuana,3,2,"Clausura, Matchday 5",2023-24/mx.1.csv
2023-24,2024-02-03,Deportivo Toluca,Club León,4,1,"Clausura, Matchday 5",2023-24/mx.1.csv
2023-24,2024-02-03,FC Juárez,Club Necaxa,2,2,"Clausura, Matchday 5",2023-24/mx.1.csv
2023-24,2024-02-03,UANL Tigres,Pumas UNAM,2,2,"Clausura, Matchday 5",2023-24/mx.1.csv
2023-24,2024-02-04,Atlas Guadalajara,Santos Laguna,3,0,"Clausura, Matchday 5",2023-24/mx.1.csv
2023-24,2024-02-04,Atlético San Luis,Deportivo Guadalajara,0,2,"Clausura, Matchday 5",2023-24/mx.1.csv
2023-24,2024-02-07,CF Pachuca,Club León,3,2,"Clausura, Matchday 2",2023-24/mx.1.csv
2023-24,2024-02-09,Club Tijuana,Gallos Blancos,1,1,"Clausura, Matchday 6",2023-24/mx.1.csv
2023-24,2024-02-09,Mazatlán FC,Atlas Guadalajara,2,0,"Clausura, Matchday 6",2023-24/mx.1.csv
2023-24,2024-02-10,CF Monterrey,CF Pachuca,3,2,"Clausura, Matchday 6",2023-24/mx.1.csv
2023-24,2024-02-10,Club León,CF América,0,1,"Clausura, Matchday 6",2023-24/mx.1.csv
2023-24,2024-02-10,Club Necaxa,Deportivo Toluca,3,3,"Clausura, Matchday 6",2023-24/mx.1.csv
2023-24,2024-02-10,Cruz Azul,Atlético San Luis,3,0,"Clausura, Matchday 6",2023-24/mx.1.csv
2023-24,2024-02-10,Deportivo Guadalajara,FC Juárez,2,1,"Clausura, Matchday 6",2023-24/mx.1.csv
2023-24,2024-02-10,Santos Laguna,UANL Tigres,0,3,"Clausura, Matchday 6",2023-24/mx.1.csv
2023-24,2024-02-11,Pumas UNAM,Puebla FC,3,0,"Clausura, Matchday 6",2023-24/mx.1.csv
2023-24,2024-02-14,Atlas Guadalajara,Pumas UNAM,0,0,"Clausura, Matchday 9",2023-24/mx.1.csv
2023-24,2024-02-16,Gallos Blancos,Club Necaxa,1,1,"Clausura, Matchday 7",2023-24/mx.1.csv
2023-24,2024-02-16,Mazatlán FC,Deportivo Guadalajara,2,2,"Clausura, Matchday 7",2023-24/mx.1.csv
2023-24,2024-02-17,Atlético San Luis,Club Tijuana,3,3,"Clausura, Matchday 7",2023-24/mx.1.csv
2023-24,2024-02-17,CF Pachuca,CF América,2,1,"Clausura, Matchday 7",2023-24/mx.1.csv
2023-24,2024-02-17,Cruz Azul,UANL Tigres,1,0,"Clausura, Matchday 7",2023-24/mx.1.csv
2023-24,2024-02-18,Atlas Guadalajara,Club León,0,1,"Clausura, Matchday 7",2023-24/mx.1.csv
2023-24,2024-02-18,CF Monterrey,Deportivo Toluca,0,0,"Clausura, Matchday 7",2023-24/mx.1.csv
2023-24,2024-02-18,Pumas UNAM,Santos Laguna,3,0,"Clausura, Matchday 7",2023-24/mx.1.csv
2023-24,2024-02-20,Club Necaxa,Deportivo Guadalajara,1,0,"Clausura, Matchday 9",2023-24/mx.1.csv
2023-24,2024-02-20,Puebla FC,CF Pachuca,1,4,"Clausura, Matchday 9",2023-24/mx.1.csv
2023-24,2024-02-21,CF América,Mazatlán FC,2,2,"Clausura, Matchday 9",2023-24/mx.1.csv
2023-24,2024-02-21,Club León,Cruz Azul,2,3,"Clausura, Matchday 9",2023-24/mx.1.csv
2023-24,2024-02-21,Deportivo Toluca,Santos Laguna,1,0,"Clausura, Matchday 9",2023-24/mx.1.csv
2023-24,2024-02-23,Club Necaxa,CF Pachuca,1,1,"Clausura, Matchday 8",2023-24/mx.1.csv
2023-24,2024-02-23,FC Juárez,CF Monterrey,0,3,"Clausura, Matchday 8",2023-24/mx.1.csv
2023-24,2024-02-23,Puebla FC,Gallos Blancos,0,2,"Clausura, Matchday 8",2023-24/mx.1.csv
2023-24,2024-02-24,CF América,Cruz Azul,1,0,"Clausura, Matchday 8",2023-24/mx.1.csv
2023-24,2024-02-24,Club León,Atlético San Luis,1,0,"Clausura, Matchday 8",2023-24/mx.1.csv
2023-24,2024-02-24,Deportivo Guadalajara,Pumas UNAM,3,1,"Clausura, Matchday 8",2023-24/mx.1.csv
2023-24,2024-02-24,UANL Tigres,Atlas Guadalajara,1,1,"Clausura, Matchday 8",2023-24/mx.1.csv
2023-24,2024-02-25,Deportivo Toluca,Club Tijuana,2,0,"Clausura, Matchday 8",2023-24/mx.1.csv
2023-24,2024-02-25,Santos Laguna,Mazatlán FC,1,0,"Clausura, Matchday 8",2023-24/mx.1.csv
2023-24,2024-02-27,Gallos Blancos,Atlético San Luis,4,1,"Clausura, Matchday 9",2023-24/mx.1.csv
2023-24,2024-02-28,Club Tijuana,CF Monterrey,1,1,"Clausura, Matchday 9",2023-24/mx.1.csv
2023-24,2024-02-28,UANL Tigres,FC Juárez,1,0,"Clausura, Matchday 9",2023-24/mx.1.csv
2023-24,2024-03-01,Atlético San Luis,Puebla FC,4,0,"Clausura, Matchday 10",2023-24/mx.1.csv
2023-24,2024-03-01,Gallos Blancos,Santos Laguna,0,1,"Clausura, Matchday 10",2023-24/mx.1.csv
2023-24,2024-03-01,Mazatlán FC,Club Necaxa,2,1,"Clausura, Matchday 10",2023-24/mx.1.csv
2023-24,2024-03-02,Atlas Guadalajara,CF América,1,5,"Clausura, Matchday 10",2023-24/mx.1.csv
2023-24,2024-03-02,CF Pachuca,FC Juárez,3,2,"Clausura, Matchday 10",2023-24/mx.1.csv
2023-24,2024-03-02,Cruz Azul,Deportivo Guadalajara,3,0,"Clausura, Matchday 10",2023-24/mx.1.csv
2023-24,2024-03-02,Deportivo Toluca,UANL Tigres,2,1,"Clausura, Matchday 10",2023-24/mx.1.csv
2023-24,2024-03-03,CF Monterrey,Pumas UNAM,3,0,"Clausura, Matchday 10",2023-24/mx.1.csv
2023-24,2024-03-03,Club Tijuana,Club León,1,1,"Clausura, Matchday 10",2023-24/mx.1.csv
2023-24,2024-03-08,Club Necaxa,Atlético San Luis,3,1,"Clausura, Matchday 11",2023-24/mx.1.csv
2023-24,2024-03-08,FC Juárez,Deportivo Toluca,1,1,"Clausura, Matchday 11",2023-24/mx.1.csv
2023-24,2024-03-08,Puebla FC,Atlas Guadalajara,2,2,"Clausura, Matchday 11",2023-24/mx.1.csv
2023-24,2024-03-09,CF América,UANL Tigres,2,0,"Clausura, Matchday 11",2023-24/mx.1.csv
2023-24,2024-03-09,CF Pachuca,Gallos Blancos,1,2,"Clausura, Matchday 11",2023-24/mx.1.csv
2023-24,2024-03-09,Deportivo Guadalajara,Club León,1,2,"Clausura, Matchday 11",2023-24/mx.1.csv
2023-24,2024-03-09,Santos Laguna,Cruz Azul,3,0,"Clausura, Matchday 11",2023-24/mx.1.csv
2023-24,2024-03-10,CF Monterrey,Mazatlán FC,2,1,"Clausura, Matchday 11",2023-24/mx.1.csv
2023-24,2024-03-10,Pumas UNAM,Club Tijuana,3,3,"Clausura, Matchday 11",2023-24/mx.1.csv
2023-24,2024-03-15,Club Tijuana,Santos Laguna,2,2,"Clausura, Matchday 12",2023-24/mx.1.csv
2023-24,2024-03-15,Gallos Blancos,FC Juárez,1,0,"Clausura, Matchday 12",2023-24/mx.1.csv
2023-24,2024-03-16,Club León,Puebla FC,2,1,"Clausura, Matchday 12",2023-24/mx.1.csv
2023-24,2024-03-16,Cruz Azul,Club Necaxa,1,2,"Clausura, Matchday 12",2023-24/mx.1.csv
2023-24,2024-03-16,Deportivo Guadalajara,CF América,0,0,"Clausura, Matchday 12",2023-24/mx.1.csv
2023-24,2024-03-16,UANL Tigres,Mazatlán FC,5,1,"Clausura, Matchday 12",2023-24/mx.1.csv
2023-24,2024-03-17,Atlas Guadalajara,CF Monterrey,1,2,"Clausura, Matchday 12",2023-24/mx.1.csv
2023-24,2024-03-17,Atlético San Luis,CF Pachuca,2,1,"Clausura, Matchday 12",2023-24/mx.1.csv
2023-24,2024-03-17,Deportivo Toluca,Pumas UNAM,3,0,"Clausura, Matchday 12",2023-24/mx.1.csv
2023-24,2024-03-23,FC Juárez,Puebla FC,4,3,"Clausura, Matchday 7",2023-24/mx.1.csv
2023-24,2024-03-29,CF América,Atlético San Luis,2,1,"Clausura, Matchday 13",2023-24/mx.1.csv
2023-24,2024-03-29,Mazatlán FC,Club Tijuana,2,0,"Clausura, Matchday 13",2023-24/mx.1.csv
2023-24,2024-03-29,Puebla FC,UANL Tigres,2,3,"Clausura, Matchday 13",2023-24/mx.1.csv
2023-24,2024-03-30,CF Monterrey,Deportivo Guadalajara,0,2,"Clausura, Matchday 13",2023-24/mx.1.csv
2023-24,2024-03-30,CF Pachuca,Deportivo Toluca,2,3,"Clausura, Matchday 13",2023-24/mx.1.csv
2023-24,2024-03-30,Pumas UNAM,Cruz Azul,0,0,"Clausura, Matchday 13",2023-24/mx.1.csv
2023-24,2024-03-31,Atlas Guadalajara,Gallos Blancos,2,3,"Clausura, Matchday 13",2023-24/mx.1.csv
2023-24,2024-03-31,Club Necaxa,Club León,1,2,"Clausura, Matchday 13",2023-24/mx.1.csv
2023-24,2024-03-31,FC Juárez,Santos Laguna,2,1,"Clausura, Matchday 13",2023-24/mx.1.csv
2023-24,2024-04-05,Club Tijuana,Club Necaxa,2,3,"Clausura, Matchday 14",2023-24/mx.1.csv
2023-24,2024-04-05,Mazatlán FC,Pumas UNAM,0,4,"Clausura, Matchday 14",2023-24/mx.1.csv
2023-24,2024-04-06,Club León,Gallos Blancos,0,2,"Clausura, Matchday 14",2023-24/mx.1.csv
2023-24,2024-04-06,Cruz Azul,CF Monterrey,2,1,"Clausura, Matchday 14",2023-24/mx.1.csv
2023-24,2024-04-06,Deportivo Guadalajara,Puebla FC,3,2,"Clausura, Matchday 14",2023-24/mx.1.csv
2023-24,2024-04-06,Santos Laguna,CF América,1,1,"Clausura, Matchday 14",2023-24/mx.1.csv
2023-24,2024-04-06,UANL Tigres,CF Pachuca,0,3,"Clausura, Matchday 14",2023-24/mx.1.csv
2023-24,2024-04-07,Deportivo Toluca,Atlas Guadalajara,4,1,"Clausura, Matchday 14",2023-24/mx.1.csv
2023-24,2024-04-08,Atlético San Luis,FC Juárez,2,3,"Clausura, Matchday 14",2023-24/mx.1.csv
2023-24,2024-04-12,Club Necaxa,Santos Laguna,2,0,"Clausura, Matchday 15",2023-24/mx.1.csv
2023-24,2024-04-12,Gallos Blancos,Mazatlán FC,0,2,"Clausura, Matchday 15",2023-24/mx.1.csv
2023-24,2024-04-12,Puebla FC,Cruz Azul,0,1,"Clausura, Matchday 15",2023-24/mx.1.csv
2023-24,2024-04-13,CF América,Deportivo Toluca,5,1,"Clausura, Matchday 15",2023-24/mx.1.csv
2023-24,2024-04-13,CF Monterrey,UANL Tigres,3,3,"Clausura, Matchday 15",2023-24/mx.1.csv
2023-24,2024-04-13,CF Pachuca,Deportivo Guadalajara,0,1,"Clausura, Matchday 15",2023-24/mx.1.csv
2023-24,2024-04-14,Atlas Guadalajara,Atlético San Luis,2,1,"Clausura, Matchday 15",2023-24/mx.1.csv
2023-24,2024-04-14,FC Juárez,Club Tijuana,0,1,"Clausura, Matchday 15",2023-24/mx.1.csv
2023-24,2024-04-14,Pumas UNAM,Club León,1,0,"Clausura, Matchday 15",2023-24/mx.1.csv
2023-24,2024-04-19,Atlético San Luis,Deportivo Toluca,1,5,"Clausura, Matchday 16",2023-24/mx.1.csv
2023-24,2024-04-19,Club Tijuana,Puebla FC,3,1,"Clausura, Matchday 16",2023-24/mx.1.csv
2023-24,2024-04-19,Mazatlán FC,FC Juárez,0,2,"Clausura, Matchday 16",2023-24/mx.1.csv
2023-24,2024-04-20,Club León,CF Monterrey,2,0,"Clausura, Matchday 16",2023-24/mx.1.csv
2023-24,2024-04-20,Deportivo Guadalajara,Gallos Blancos,2,0,"Clausura, Matchday 16",2023-24/mx.1.csv
2023-24,2024-04-20,Pumas UNAM,CF América,2,1,"Clausura, Matchday 16",2023-24/mx.1.csv
2023-24,2024-04-20,Santos Laguna,CF Pachuca,0,2,"Clausura, Matchday 16",2023-24/mx.1.csv
2023-24,2024-04-20,UANL Tigres,Club Necaxa,5,2,"Clausura, Matchday 16",2023-24/mx.1.csv
2023-24,2024-04-21,Cruz Azul,Atlas Guadalajara,2,2,"Clausura, Matchday 16",2023-24/mx.1.csv
2023-24,2024-04-26,Gallos Blancos,Pumas UNAM,1,1,"Clausura, Matchday 17",2023-24/mx.1.csv
2023-24,2024-04-26,Puebla FC,CF América,1,2,"Clausura, Matchday 17",2023-24/mx.1.csv
2023-24,2024-04-27,Atlas Guadalajara,Deportivo Guadalajara,0,1,"Clausura, Matchday 17",2023-24/mx.1.csv
2023-24,2024-04-27,CF Pachuca,Mazatlán FC,1,1,"Clausura, Matchday 17",2023-24/mx.1.csv
2023-24,2024-04-27,Deportivo Toluca,Cruz Azul,0,1,"Clausura, Matchday 17",2023-24/mx.1.csv
2023-24,2024-04-27,FC Juárez,Club León,1,1,"Clausura, Matchday 17",2023-24/mx.1.csv
2023-24,2024-04-27,UANL Tigres,Club Tijuana,4,1,"Clausura, Matchday 17",2023-24/mx.1.csv
2023-24,2024-04-28,Club Necaxa,CF Monterrey,2,5,"Clausura, Matchday 17",2023-24/mx.1.csv
2023-24,2024-04-28,Santos Laguna,Atlético San Luis,0,3,"Clausura, Matchday 17",2023-24/mx.1.csv
2024-25,2024-07-05,FC Juárez,Atlas Guadalajara,2,2,"Apertura, Matchday 1",2024-25/mx.1.json
2024-25,2024-07-05,Gallos Blancos,Club Tijuana,1,2,"Apertura, Matchday 1",2024-25/mx.1.json
2024-25,2024-07-05,Puebla FC,Santos Laguna,1,0,"Apertura, Matchday 1",2024-25/mx.1.json
2024-25,2024-07-06,Atlético San Luis,CF América,2,1,"Apertura, Matchday 1",2024-25/mx.1.json
2024-25,2024-07-06,Cruz Azul,Mazatlán FC,1,0,"Apertura, Matchday 1",2024-25/mx.1.json
2024-25,2024-07-06,Deportivo Guadalajara,Deportivo Toluca,0,0,"Apertura, Matchday 1",2024-25/mx.1.json
2024-25,2024-07-06,UANL Tigres,Club Necaxa,1,0,"Apertura, Matchday 1",2024-25/mx.1.json
2024-25,2024-07-07,CF Pachuca,CF Monterrey,0,1,"Apertura, Matchday 1",2024-25/mx.1.json
2024-25,2024-07-07,Pumas UNAM,Club León,4,1,"Apertura, Matchday 1",2024-25/mx.1.json
2024-25,2024-07-12,Atlas Guadalajara,UANL Tigres,1,1,"Apertura, Matchday 2",2024-25/mx.1.json
2024-25,2024-07-12,CF América,Gallos Blancos,3,1,"Apertura, Matchday 2",2024-25/mx.1.json
2024-25,2024-07-12,Club Tijuana,Deportivo Guadalajara,4,2,"Apertura, Matchday 2",2024-25/mx.1.json
2024-25,2024-07-12,Mazatlán FC,Atlético San Luis,2,2,"Apertura, Matchday 2",2024-25/mx.1.json
2024-25,2024-07-13,CF Monterrey,Cruz Azul,0,4,"Apertura, Matchday 2",2024-25/mx.1.json
2024-25,2024-07-13,Club León,CF Pachuca,0,0,"Apertura, Matchday 2",2024-25/mx.1.json
2024-25,2024-07-13,Club Necaxa,Puebla FC,4,1,"Apertura, Matchday 2",2024-25/mx.1.json
2024-25,2024-07-13,Deportivo Toluca,FC Juárez,3,2,"Apertura, Matchday 2",2024-25/mx.1.json
2024-25,2024-07-13,Santos Laguna,Pumas UNAM,1,1,"Apertura, Matchday 2",2024-25/mx.1.json
2024-25,2024-07-16,Atlas Guadalajara,Santos Laguna,1,0,"Apertura, Matchday 3",2024-25/mx.1.json
2024-25,2024-07-16,CF Pachuca,Atlético San Luis,2,0,"Apertura, Matchday 3",2024-25/mx.1.json
2024-25,2024-07-16,Cruz Azul,Club Tijuana,3,0,"Apertura, Matchday 3",2024-25/mx.1.json
2024-25,2024-07-16,Gallos Blancos,Deportivo Guadalajara,0,2,"Apertura, Matchday 3",2024-25/mx.1.json
2024-25,2024-07-16,Puebla FC,Club León,2,2,"Apertura, Matchday 3",2024-25/mx.1.json
2024-25,2024-07-17,Club Necaxa,CF Monterrey,0,1,"Apertura, Matchday 3",2024-25/mx.1.json
2024-25,2024-07-17,Deportivo Toluca,Mazatlán FC,3,0,"Apertura, Matchday 3",2024-25/mx.1.json
2024-25,2024-07-17,FC Juárez,Pumas UNAM,1,2,"Apertura, Matchday 3",2024-25/mx.1.json
2024-25,2024-07-17,UANL Tigres,CF América,1,0,"Apertura, Matchday 3",2024-25/mx.1.json
2024-25,2024-07-19,Atlético San Luis,Club Tijuana,1,1,"Apertura, Matchday 4",2024-25/mx.1.json
2024-25,2024-07-19,Puebla FC,Atlas Guadalajara,1,2,"Apertura, Matchday 4",2024-25/mx.1.json
2024-25,2024-07-20,CF Monterrey,Gallos Blancos,2,1,"Apertura, Matchday 4",2024-25/mx.1.json
2024-25,2024-07-20,Cruz Azul,Deportivo Toluca,1,1,"Apertura, Matchday 4",2024-25/mx.1.json
2024-25,2024-07-20,Deportivo Guadalajara,Mazatlán FC,2,0,"Apertura, Matchday 4",2024-25/mx.1.json
2024-25,2024-07-20,FC Juárez,CF América,1,2,"Apertura, Matchday 4",2024-25/mx.1.json
2024-25,2024-07-20,Santos Laguna,UANL Tigres,0,3,"Apertura, Matchday 4",2024-25/mx.1.json
2024-25,2024-07-21,Club León,Club Necaxa,1,1,"Apertura, Matchday 4",2024-25/mx.1.json
2024-25,2024-07-21,Pumas UNAM,CF Pachuca,2,0,"Apertura, Matchday 4",2024-25/mx.1.json
2024-25,2024-08-16,Puebla FC,CF Monterrey,1,2,"Apertura, Matchday 16",2024-25/mx.1.json
2024-25,2024-08-18,Atlético San Luis,Gallos Blancos,4,0,"Apertura, Matchday 13",2024-25/mx.1.json
2024-25,2024-08-18,Club Tijuana,Santos Laguna,3,1,"Apertura, Matchday 8",2024-25/mx.1.json
2024-25,2024-08-23,Club Tijuana,CF Monterrey,2,2,"Apertura, Matchday 5",2024-25/mx.1.json
2024-25,2024-08-23,Gallos Blancos,Cruz Azul,0,2,"Apertura, Matchday 5",2024-25/mx.1.json
2024-25,2024-08-23,Mazatlán FC,CF Pachuca,3,0,"Apertura, Matchday 5",2024-25/mx.1.json
2024-25,2024-08-24,Atlas Guadalajara,Pumas UNAM,2,1,"Apertura, Matchday 5",2024-25/mx.1.json
2024-25,2024-08-24,CF América,Puebla FC,0,1,"Apertura, Matchday 5",2024-25/mx.1.json
2024-25,2024-08-24,Club León,Santos Laguna,1,1,"Apertura, Matchday 5",2024-25/mx.1.json
2024-25,2024-08-24,Club Necaxa,FC Juárez,3,0,"Apertura, Matchday 5",2024-25/mx.1.json
2024-25,2024-08-24,UANL Tigres,Deportivo Guadalajara,1,1,"Apertura, Matchday 5",2024-25/mx.1.json
2024-25,2024-08-25,Deportivo Toluca,Atlético San Luis,2,1,"Apertura, Matchday 5",2024-25/mx.1.json
2024-25,2024-08-30,Atlético San Luis,Atlas Guadalajara,2,1,"Apertura, Matchday 6",2024-25/mx.1.json
2024-25,2024-08-30,Club Tijuana,Club León,2,1,"Apertura, Matchday 6",2024-25/mx.1.json
2024-25,2024-08-30,Mazatlán FC,Puebla FC,1,1,"Apertura, Matchday 6",2024-25/mx.1.json
2024-25,2024-08-31,CF Monterrey,Deportivo Toluca,1,2,"Apertura, Matchday 6",2024-25/mx.1.json
2024-25,2024-08-31,CF Pachuca,Gallos Blancos,1,1,"Apertura, Matchday 6",2024-25/mx.1.json
2024-25,2024-08-31,Cruz Azul,CF América,4,1,"Apertura, Matchday 6",2024-25/mx.1.json
2024-25,2024-08-31,Deportivo Guadalajara,FC Juárez,5,0,"Apertura, Matchday 6",2024-25/mx.1.json
2024-25,2024-09-01,Pumas UNAM,UANL Tigres,1,3,"Apertura, Matchday 6",2024-25/mx.1.json
2024-25,2024-09-01,Santos Laguna,Club Necaxa,3,2,"Apertura, Matchday 6",2024-25/mx.1.json
2024-25,2024-09-13,Atlas Guadalajara,CF Pachuca,2,0,"Apertura, Matchday 7",2024-25/mx.1.json
2024-25,2024-09-13,Club Necaxa,Pumas UNAM,2,0,"Apertura, Matchday 7",2024-25/mx.1.json
2024-25,2024-09-13,FC Juárez,Mazatlán FC,1,0,"Apertura, Matchday 7",2024-25/mx.1.json
2024-25,2024-09-13,Puebla FC,Gallos Blancos,2,1,"Apertura, Matchday 7",2024-25/mx.1.json
2024-25,2024-09-13,UANL Tigres,Atlético San Luis,1,0,"Apertura, Matchday 7",2024-25/mx.1.json
2024-25,2024-09-14,CF América,Deportivo Guadalajara,1,0,"Apertura, Matchday 7",2024-25/mx.1.json
2024-25,2024-09-14,Club León,Cruz Azul,1,2,"Apertura, Matchday 7",2024-25/mx.1.json
2024-25,2024-09-14,Deportivo Toluca,Club Tijuana,4,0,"Apertura, Matchday 7",2024-25/mx.1.json
2024-25,2024-09-14,Santos Laguna,CF Monterrey,0,2,"Apertura, Matchday 7",2024-25/mx.1.json
2024-25,2024-09-17,Atlético San Luis,Cruz Azul,3,1,"Apertura, Matchday 8",2024-25/mx.1.json
2024-25,2024-09-17,CF América,Atlas Guadalajara,3,0,"Apertura, Matchday 8",2024-25/mx.1.json
2024-25,2024-09-17,CF Pachuca,Deportivo Toluca,2,2,"Apertura, Matchday 8",2024-25/mx.1.json
2024-25,2024-09-17,Gallos Blancos,UANL Tigres,1,0,"Apertura, Matchday 8",2024-25/mx.1.json
2024-25,2024-09-17,Pumas UNAM,Puebla FC,1,0,"Apertura, Matchday 8",2024-25/mx.1.json
2024-25,2024-09-18,CF Monterrey,FC Juárez,3,2,"Apertura, Matchday 8",2024-25/mx.1.json
2024-25,2024-09-18,Deportivo Guadalajara,Club León,2,0,"Apertura, Matchday 8",2024-25/mx.1.json
2024-25,2024-09-18,Mazatlán FC,Club Necaxa,0,0,"Apertura, Matchday 8",2024-25/mx.1.json
2024-25,2024-09-20,Atlas Guadalajara,Gallos Blancos,0,1,"Apertura, Matchday 9",2024-25/mx.1.json
2024-25,2024-09-20,Puebla FC,CF Pachuca,2,3,"Apertura, Matchday 9",2024-25/mx.1.json
2024-25,2024-09-21,CF Monterrey,Mazatlán FC,0,0,"Apertura, Matchday 9",2024-25/mx.1.json
2024-25,2024-09-21,Club León,Atlético San Luis,1,0,"Apertura, Matchday 9",2024-25/mx.1.json
2024-25,2024-09-21,Club Necaxa,CF América,1,1,"Apertura, Matchday 9",2024-25/mx.1.json
2024-25,2024-09-21,Cruz Azul,Deportivo Guadalajara,1,0,"Apertura, Matchday 9",2024-25/mx.1.json
2024-25,2024-09-22,FC Juárez,UANL Tigres,0,1,"Apertura, Matchday 9",2024-25/mx.1.json
2024-25,2024-09-22,Pumas UNAM,Club Tijuana,1,0,"Apertura, Matchday 9",2024-25/mx.1.json
2024-25,2024-09-22,Santos Laguna,Deportivo Toluca,2,0,"Apertura, Matchday 9",2024-25/mx.1.json
2024-25,2024-09-27,Club Tijuana,Mazatlán FC,1,0,"Apertura, Matchday 10",2024-25/mx.1.json
2024-25,2024-09-27,Gallos Blancos,Club Necaxa,0,0,"Apertura, Matchday 10",2024-25/mx.1.json
2024-25,2024-09-27,Puebla FC,FC Juárez,2,3,"Apertura, Matchday 10",2024-25/mx.1.json
2024-25,2024-09-27,UANL Tigres,Club León,2,2,"Apertura, Matchday 10",2024-25/mx.1.json
2024-25,2024-09-28,Atlético San Luis,Santos Laguna,3,1,"Apertura, Matchday 10",2024-25/mx.1.json
2024-25,2024-09-28,CF Pachuca,Cruz Azul,2,4,"Apertura, Matchday 10",2024-25/mx.1.json
2024-25,2024-09-28,Deportivo Guadalajara,CF Monterrey,1,1,"Apertura, Matchday 10",2024-25/mx.1.json
2024-25,2024-09-28,Deportivo Toluca,Atlas Guadalajara,4,1,"Apertura, Matchday 10",2024-25/mx.1.json
2024-25,2024-09-29,CF América,Pumas UNAM,0,1,"Apertura, Matchday 10",2024-25/mx.1.json
2024-25,2024-10-04,Club Tijuana,CF Pachuca,2,1,"Apertura, Matchday 11",2024-25/mx.1.json
2024-25,2024-10-04,Mazatlán FC,Gallos Blancos,2,2,"Apertura, Matchday 11",2024-25/mx.1.json
2024-25,2024-10-05,Atlético San Luis,CF Monterrey,1,0,"Apertura, Matchday 11",2024-25/mx.1.json
2024-25,2024-10-05,Club León,CF América,1,1,"Apertura, Matchday 11",2024-25/mx.1.json
2024-25,2024-10-05,Cruz Azul,Club Necaxa,3,0,"Apertura, Matchday 11",2024-25/mx.1.json
2024-25,2024-10-05,Deportivo Guadalajara,Atlas Guadalajara,2,3,"Apertura, Matchday 11",2024-25/mx.1.json
2024-25,2024-10-05,Deportivo Toluca,Pumas UNAM,1,1,"Apertura, Matchday 11",2024-25/mx.1.json
2024-25,2024-10-05,UANL Tigres,Puebla FC,1,0,"Apertura, Matchday 11",2024-25/mx.1.json
2024-25,2024-10-06,Santos Laguna,FC Juárez,0,2,"Apertura, Matchday 11",2024-25/mx.1.json
2024-25,2024-10-18,Atlas Guadalajara,Mazatlán FC,0,0,"Apertura, Matchday 12",2024-25/mx.1.json
2024-25,2024-10-18,Club Necaxa,Club Tijuana,1,2,"Apertura, Matchday 12",2024-25/mx.1.json
2024-25,2024-10-18,Gallos Blancos,Deportivo Toluca,0,1,"Apertura, Matchday 12",2024-25/mx.1.json
2024-25,2024-10-18,Puebla FC,Cruz Azul,1,2,"Apertura, Matchday 12",2024-25/mx.1.json
2024-25,2024-10-19,CF América,Santos Laguna,3,0,"Apertura, Matchday 12",2024-25/mx.1.json
2024-25,2024-10-19,CF Monterrey,UANL Tigres,4,2,"Apertura, Matchday 12",2024-25/mx.1.json
2024-25,2024-10-19,CF Pachuca,Deportivo Guadalajara,0,2,"Apertura, Matchday 12",2024-25/mx.1.json
2024-25,2024-10-19,FC Juárez,Club León,2,3,"Apertura, Matchday 12",2024-25/mx.1.json
2024-25,2024-10-20,Pumas UNAM,Atlético San Luis,3,0,"Apertura, Matchday 12",2024-25/mx.1.json
2024-25,2024-10-22,Deportivo Guadalajara,Club Necaxa,3,2,"Apertura, Matchday 13",2024-25/mx.1.json
2024-25,2024-10-22,Deportivo Toluca,Puebla FC,5,0,"Apertura, Matchday 13",2024-25/mx.1.json
2024-25,2024-10-22,Mazatlán FC,UANL Tigres,2,0,"Apertura, Matchday 13",2024-25/mx.1.json
2024-25,2024-10-22,Santos Laguna,CF Pachuca,1,1,"Apertura, Matchday 13",2024-25/mx.1.json
2024-25,2024-10-23,CF Monterrey,Pumas UNAM,0,0,"Apertura, Matchday 13",2024-25/mx.1.json
2024-25,2024-10-23,Club León,Atlas Guadalajara,0,0,"Apertura, Matchday 13",2024-25/mx.1.json
2024-25,2024-10-23,Club Tijuana,CF América,2,2,"Apertura, Matchday 13",2024-25/mx.1.json
2024-25,2024-10-23,Cruz Azul,FC Juárez,4,0,"Apertura, Matchday 13",2024-25/mx.1.json
2024-25,2024-10-25,Puebla FC,Deportivo Guadalajara,1,0,"Apertura, Matchday 14",2024-25/mx.1.json
2024-25,2024-10-25,Santos Laguna,Mazatlán FC,0,0,"Apertura, Matchday 14",2024-25/mx.1.json
2024-25,2024-10-26,Atlas Guadalajara,Club Tijuana,0,0,"Apertura, Matchday 14",2024-25/mx.1.json
2024-25,2024-10-26,Club León,Gallos Blancos,4,0,"Apertura, Matchday 14",2024-25/mx.1.json
2024-25,2024-10-26,Pumas UNAM,Cruz Azul,0,2,"Apertura, Matchday 14",2024-25/mx.1.json
2024-25,2024-10-26,UANL Tigres,CF Pachuca,2,1,"Apertura, Matchday 14",2024-25/mx.1.json
2024-25,2024-10-27,CF América,CF Monterrey,2,1,"Apertura, Matchday 14",2024-25/mx.1.json
2024-25,2024-10-27,Club Necaxa,Deportivo Toluca,1,3,"Apertura, Matchday 14",2024-25/mx.1.json
2024-25,2024-10-27,FC Juárez,Atlético San Luis,2,4,"Apertura, Matchday 14",2024-25/mx.1.json
2024-25,2024-11-01,Club Tijuana,UANL Tigres,0,3,"Apertura, Matchday 15",2024-25/mx.1.json
2024-25,2024-11-01,Gallos Blancos,FC Juárez,1,2,"Apertura, Matchday 15",2024-25/mx.1.json
2024-25,2024-11-01,Mazatlán FC,CF América,0,5,"Apertura, Matchday 15",2024-25/mx.1.json
2024-25,2024-11-02,Atlético San Luis,Puebla FC,2,0,"Apertura, Matchday 15",2024-25/mx.1.json
2024-25,2024-11-02,CF Monterrey,Atlas Guadalajara,4,0,"Apertura, Matchday 15",2024-25/mx.1.json
2024-25,2024-11-02,CF Pachuca,Club Necaxa,6,2,"Apertura, Matchday 15",2024-25/mx.1.json
2024-25,2024-11-02,Cruz Azul,Santos Laguna,2,0,"Apertura, Matchday 15",2024-25/mx.1.json
2024-25,2024-11-02,Deportivo Guadalajara,Pumas UNAM,0,0,"Apertura, Matchday 15",2024-25/mx.1.json
2024-25,2024-11-02,Deportivo Toluca,Club León,2,2,"Apertura, Matchday 15",2024-25/mx.1.json
2024-25,2024-11-05,Club León,Mazatlán FC,0,0,"Apertura, Matchday 16",2024-25/mx.1.json
2024-25,2024-11-05,Pumas UNAM,Gallos Blancos,2,0,"Apertura, Matchday 16",2024-25/mx.1.json
2024-25,2024-11-05,Santos Laguna,Deportivo Guadalajara,0,2,"Apertura, Matchday 16",2024-25/mx.1.json
2024-25,2024-11-06,Atlas Guadalajara,Cruz Azul,2,2,"Apertura, Matchday 16",2024-25/mx.1.json
2024-25,2024-11-06,CF América,CF Pachuca,2,1,"Apertura, Matchday 16",2024-25/mx.1.json
2024-25,2024-11-06,Club Necaxa,Atlético San Luis,1,1,"Apertura, Matchday 16",2024-25/mx.1.json
2024-25,2024-11-06,FC Juárez,Club Tijuana,1,1,"Apertura, Matchday 16",2024-25/mx.1.json
2024-25,2024-11-06,UANL Tigres,Deportivo Toluca,2,1,"Apertura, Matchday 16",2024-25/mx.1.json
2024-25,2024-11-08,Gallos Blancos,Santos Laguna,3,2,"Apertura, Matchday 17",2024-25/mx.1.json
2024-25,2024-11-08,Mazatlán FC,Pumas UNAM,0,1,"Apertura, Matchday 17",2024-25/mx.1.json
2024-25,2024-11-09,CF Pachuca,FC Juárez,0,1,"Apertura, Matchday 17",2024-25/mx.1.json
2024-25,2024-11-09,Cruz Azul,UANL Tigres,1,1,"Apertura, Matchday 17",2024-25/mx.1.json
2024-25,2024-11-09,Deportivo Guadalajara,Atlético San Luis,0,1,"Apertura, Matchday 17",2024-25/mx.1.json
2024-25,2024-11-09,Deportivo Toluca,CF América,4,0,"Apertura, Matchday 17",2024-25/mx.1.json
2024-25,2024-11-10,CF Monterrey,Club León,2,1,"Apertura, Matchday 17",2024-25/mx.1.json
2024-25,2024-11-10,Club Necaxa,Atlas Guadalajara,0,0,"Apertura, Matchday 17",2024-25/mx.1.json
2024-25,2024-11-10,Club Tijuana,Puebla FC,2,1,"Apertura, Matchday 17",2024-25/mx.1.json
2024-25,2025-01-10,Club Tijuana,Deportivo Toluca,2,4,"Clausura, Matchday 1",2024-25/mx.1.json
2024-25,2025-01-10,Gallos Blancos,CF América,0,1,"Clausura, Matchday 1",2024-25/mx.1.json
2024-25,2025-01-10,Mazatlán FC,FC Juárez,1,1,"Clausura, Matchday 1",2024-25/mx.1.json
2024-25,2025-01-11,Atlético San Luis,UANL Tigres,1,3,"Clausura, Matchday 1",2024-25/mx.1.json
2024-25,2025-01-11,Cruz Azul,Atlas Guadalajara,1,1,"Clausura, Matchday 1",2024-25/mx.1.json
2024-25,2025-01-11,Deportivo Guadalajara,Santos Laguna,1,0,"Clausura, Matchday 1",2024-25/mx.1.json
2024-25,2025-01-12,CF Monterrey,Puebla FC,1,1,"Clausura, Matchday 1",2024-25/mx.1.json
2024-25,2025-01-12,Pumas UNAM,Club Necaxa,2,1,"Clausura, Matchday 1",2024-25/mx.1.json
2024-25,2025-01-16,CF América,Club Tijuana,1,1,"Clausura, Matchday 2",2024-25/mx.1.json
2024-25,2025-01-17,Club Necaxa,Deportivo Guadalajara,3,2,"Clausura, Matchday 2",2024-25/mx.1.json
2024-25,2025-01-17,Puebla FC,Atlético San Luis,1,2,"Clausura, Matchday 2",2024-25/mx.1.json
2024-25,2025-01-17,UANL Tigres,Mazatlán FC,2,1,"Clausura, Matchday 2",2024-25/mx.1.json
2024-25,2025-01-18,Atlas Guadalajara,Club León,1,2,"Clausura, Matchday 2",2024-25/mx.1.json
2024-25,2025-01-18,Deportivo Toluca,CF Monterrey,1,1,"Clausura, Matchday 2",2024-25/mx.1.json
2024-25,2025-01-18,FC Juárez,Cruz Azul,1,0,"Clausura, Matchday 2",2024-25/mx.1.json
2024-25,2025-01-19,Gallos Blancos,Pumas UNAM,3,2,"Clausura, Matchday 2",2024-25/mx.1.json
2024-25,2025-01-20,CF Pachuca,Santos Laguna,2,1,"Clausura, Matchday 2",2024-25/mx.1.json
2024-25,2025-01-24,Atlético San Luis,Club Necaxa,0,3,"Clausura, Matchday 3",2024-25/mx.1.json
2024-25,2025-01-24,Club Tijuana,Gallos Blancos,2,1,"Clausura, Matchday 3",2024-25/mx.1.json
2024-25,2025-01-24,Mazatlán FC,Deportivo Toluca,2,1,"Clausura, Matchday 3",2024-25/mx.1.json
2024-25,2025-01-25,CF Monterrey,CF Pachuca,2,3,"Clausura, Matchday 3",2024-25/mx.1.json
2024-25,2025-01-25,Club León,FC Juárez,1,0,"Clausura, Matchday 3",2024-25/mx.1.json
2024-25,2025-01-25,Cruz Azul,Puebla FC,1,1,"Clausura, Matchday 3",2024-25/mx.1.json
2024-25,2025-01-25,Deportivo Guadalajara,UANL Tigres,1,1,"Clausura, Matchday 3",2024-25/mx.1.json
2024-25,2025-01-25,Santos Laguna,CF América,1,4,"Clausura, Matchday 3",2024-25/mx.1.json
2024-25,2025-01-26,Pumas UNAM,Atlas Guadalajara,0,0,"Clausura, Matchday 3",2024-25/mx.1.json
2024-25,2025-01-28,CF América,Atlético San Luis,3,0,"Clausura, Matchday 4",2024-25/mx.1.json
2024-25,2025-01-28,Club León,Deportivo Guadalajara,2,1,"Clausura, Matchday 4",2024-25/mx.1.json
2024-25,2025-01-28,Club Necaxa,Cruz Azul,1,3,"Clausura, Matchday 4",2024-25/mx.1.json
2024-25,2025-01-28,Puebla FC,Mazatlán FC,0,1,"Clausura, Matchday 4",2024-25/mx.1.json
2024-25,2025-01-28,UANL Tigres,Club Tijuana,4,0,"Clausura, Matchday 4",2024-25/mx.1.json
2024-25,2025-01-29,Atlas Guadalajara,CF Monterrey,3,3,"Clausura, Matchday 4",2024-25/mx.1.json
2024-25,2025-01-29,FC Juárez,Santos Laguna,1,0,"Clausura, Matchday 4",2024-25/mx.1.json
2024-25,2025-01-29,Gallos Blancos,CF Pachuca,0,1,"Clausura, Matchday 4",2024-25/mx.1.json
2024-25,2025-01-29,Pumas UNAM,Deportivo Toluca,1,1,"Clausura, Matchday 4",2024-25/mx.1.json
2024-25,2025-01-31,Club Tijuana,Cruz Azul,2,3,"Clausura, Matchday 5",2024-25/mx.1.json
2024-25,2025-01-31,Mazatlán FC,Club León,1,2,"Clausura, Matchday 5",2024-25/mx.1.json
2024-25,2025-02-01,CF América,FC Juárez,4,0,"Clausura, Matchday 5",2024-25/mx.1.json
2024-25,2025-02-01,CF Monterrey,Club Necaxa,1,0,"Clausura, Matchday 5",2024-25/mx.1.json
2024-25,2025-02-01,CF Pachuca,Atlas Guadalajara,0,0,"Clausura, Matchday 5",2024-25/mx.1.json
2024-25,2025-02-01,Deportivo Guadalajara,Gallos Blancos,1,1,"Clausura, Matchday 5",2024-25/mx.1.json
2024-25,2025-02-01,Deportivo Toluca,UANL Tigres,1,0,"Clausura, Matchday 5",2024-25/mx.1.json
2024-25,2025-02-02,Atlético San Luis,Pumas UNAM,2,3,"Clausura, Matchday 5",2024-25/mx.1.json
2024-25,2025-02-02,Santos Laguna,Puebla FC,0,2,"Clausura, Matchday 5",2024-25/mx.1.json
2024-25,2025-02-05,CF Pachuca,Club León,1,2,"Clausura, Matchday 1",2024-25/mx.1.json
2024-25,2025-02-07,Club Necaxa,Santos Laguna,3,2,"Clausura, Matchday 6",2024-25/mx.1.json
2024-25,2025-02-07,Gallos Blancos,Atlético San Luis,1,0,"Clausura, Matchday 6",2024-25/mx.1.json
2024-25,2025-02-07,Puebla FC,CF América,1,2,"Clausura, Matchday 6",2024-25/mx.1.json
2024-25,2025-02-08,Club León,Deportivo Toluca,3,3,"Clausura, Matchday 6",2024-25/mx.1.json
2024-25,2025-02-08,Cruz Azul,CF Pachuca,2,1,"Clausura, Matchday 6",2024-25/mx.1.json
2024-25,2025-02-08,FC Juárez,CF Monterrey,2,1,"Clausura, Matchday 6",2024-25/mx.1.json
2024-25,2025-02-08,UANL Tigres,Atlas Guadalajara,2,1,"Clausura, Matchday 6",2024-25/mx.1.json
2024-25,2025-02-09,Deportivo Guadalajara,Club Tijuana,2,1,"Clausura, Matchday 6",2024-25/mx.1.json
2024-25,2025-02-09,Pumas UNAM,Mazatlán FC,1,0,"Clausura, Matchday 6",2024-25/mx.1.json
2024-25,2025-02-14,CF América,Club Necaxa,2,3,"Clausura, Matchday 7",2024-25/mx.1.json
2024-25,2025-02-14,Club Tijuana,FC Juárez,1,2,"Clausura, Matchday 7",2024-25/mx.1.json
2024-25,2025-02-14,Mazatlán FC,Santos Laguna,1,1,"Clausura, Matchday 7",2024-25/mx.1.json
2024-25,2025-02-15,Atlas Guadalajara,Puebla FC,3,2,"Clausura, Matchday 7",2024-25/mx.1.json
2024-25,2025-02-15,Deportivo Toluca,Deportivo Guadalajara,2,1,"Clausura, Matchday 7",2024-25/mx.1.json
2024-25,2025-02-15,UANL Tigres,Cruz Azul,2,1,"Clausura, Matchday 7",2024-25/mx.1.json
2024-25,2025-02-16,Atlético San Luis,Club León,1,2,"Clausura, Matchday 7",2024-25/mx.1.json
2024-25,2025-02-16,CF Pachuca,Pumas UNAM,2,1,"Clausura, Matchday 7",2024-25/mx.1.json
2024-25,2025-02-16,Gallos Blancos,CF Monterrey,2,4,"Clausura, Matchday 7",2024-25/mx.1.json
2024-25,2025-02-18,Atlas Guadalajara,Club Necaxa,0,4,"Clausura, Matchday 9",2024-25/mx.1.json
2024-25,2025-02-19,CF América,Club León,1,1,"Clausura, Matchday 9",2024-25/mx.1.json
2024-25,2025-02-19,Santos Laguna,Cruz Azul,0,1,"Clausura, Matchday 9",2024-25/mx.1.json
2024-25,2025-02-21,Club Necaxa,Mazatlán FC,3,1,"Clausura, Matchday 8",2024-25/mx.1.json
2024-25,2025-02-21,Puebla FC,Club Tijuana,2,0,"Clausura, Matchday 8",2024-25/mx.1.json
2024-25,2025-02-22,CF Monterrey,Atlético San Luis,3,1,"Clausura, Matchday 8",2024-25/mx.1.json
2024-25,2025-02-22,Club León,UANL Tigres,1,0,"Clausura, Matchday 8",2024-25/mx.1.json
2024-25,2025-02-22,Deportivo Guadalajara,CF Pachuca,2,1,"Clausura, Matchday 8",2024-25/mx.1.json
2024-25,2025-02-22,FC Juárez,Deportivo Toluca,0,4,"Clausura, Matchday 8",2024-25/mx.1.json
2024-25,2025-02-22,Pumas UNAM,CF América,0,2,"Clausura, Matchday 8",2024-25/mx.1.json
2024-25,2025-02-23,Cruz Azul,Gallos Blancos,1,0,"Clausura, Matchday 8",2024-25/mx.1.json
2024-25,2025-02-23,Santos Laguna,Atlas Guadalajara,2,0,"Clausura, Matchday 8",2024-25/mx.1.json
2024-25,2025-02-25,Club Tijuana,Pumas UNAM,4,2,"Clausura, Matchday 9",2024-25/mx.1.json
2024-25,2025-02-25,Mazatlán FC,CF Monterrey,1,0,"Clausura, Matchday 9",2024-25/mx.1.json
2024-25,2025-02-25,UANL Tigres,FC Juárez,0,1,"Clausura, Matchday 9",2024-25/mx.1.json
2024-25,2025-02-26,Atlético San Luis,Deportivo Guadalajara,3,1,"Clausura, Matchday 9",2024-25/mx.1.json
2024-25,2025-02-26,CF Pachuca,Puebla FC,2,1,"Clausura, Matchday 9",2024-25/mx.1.json
2024-25,2025-02-26,Deportivo Toluca,Gallos Blancos,5,0,"Clausura, Matchday 9",2024-25/mx.1.json
2024-25,2025-02-28,Mazatlán FC,Cruz Azul,1,1,"Clausura, Matchday 10",2024-25/mx.1.json
2024-25,2025-03-01,CF América,Deportivo Toluca,3,0,"Clausura, Matchday 10",2024-25/mx.1.json
2024-25,2025-03-01,Club León,Club Tijuana,2,1,"Clausura, Matchday 10",2024-25/mx.1.json
2024-25,2025-03-01,Club Necaxa,UANL Tigres,1,2,"Clausura, Matchday 10",2024-25/mx.1.json
2024-25,2025-03-01,FC Juárez,CF Pachuca,2,2,"Clausura, Matchday 10",2024-25/mx.1.json
2024-25,2025-03-01,Pumas UNAM,Deportivo Guadalajara,0,1,"Clausura, Matchday 10",2024-25/mx.1.json
2024-25,2025-03-02,Atlas Guadalajara,Atlético San Luis,3,1,"Clausura, Matchday 10",2024-25/mx.1.json
2024-25,2025-03-02,CF Monterrey,Santos Laguna,4,2,"Clausura, Matchday 10",2024-25/mx.1.json
2024-25,2025-03-02,Gallos Blancos,Puebla FC,2,0,"Clausura, Matchday 10",2024-25/mx.1.json
2024-25,2025-03-07,Atlético San Luis,FC Juárez,1,0,"Clausura, Matchday 11",2024-25/mx.1.json
2024-25,2025-03-07,Puebla FC,Pumas UNAM,1,3,"Clausura, Matchday 11",2024-25/mx.1.json
2024-25,2025-03-07,UANL Tigres,Gallos Blancos,1,0,"Clausura, Matchday 11",2024-25/mx.1.json
2024-25,2025-03-08,CF Pachuca,Mazatlán FC,1,1,"Clausura, Matchday 11",2024-25/mx.1.json
2024-25,2025-03-08,Cruz Azul,CF Monterrey,1,1,"Clausura, Matchday 11",2024-25/mx.1.json
2024-25,2025-03-08,Deportivo Guadalajara,CF América,0,0,"Clausura, Matchday 11",2024-25/mx.1.json
2024-25,2025-03-08,Deportivo Toluca,Club Necaxa,5,2,"Clausura, Matchday 11",2024-25/mx.1.json
2024-25,2025-03-09,Club Tijuana,Atlas Guadalajara,3,4,"Clausura, Matchday 11",2024-25/mx.1.json
2024-25,2025-03-09,Santos Laguna,Club León,2,1,"Clausura, Matchday 11",2024-25/mx.1.json
2024-25,2025-03-14,Club Necaxa,Club León,2,1,"Clausura, Matchday 12",2024-25/mx.1.json
2024-25,2025-03-14,Gallos Blancos,Mazatlán FC,1,0,"Clausura, Matchday 12",2024-25/mx.1.json
2024-25,2025-03-14,Puebla FC,Deportivo Toluca,0,3,"Clausura, Matchday 12",2024-25/mx.1.json
2024-25,2025-03-15,Atlas Guadalajara,CF América,1,3,"Clausura, Matchday 12",2024-25/mx.1.json
2024-25,2025-03-15,Cruz Azul,Atlético San Luis,3,0,"Clausura, Matchday 12",2024-25/mx.1.json
2024-25,2025-03-15,FC Juárez,Deportivo Guadalajara,1,1,"Clausura, Matchday 12",2024-25/mx.1.json
2024-25,2025-03-15,UANL Tigres,Santos Laguna,3,0,"Clausura, Matchday 12",2024-25/mx.1.json
2024-25,2025-03-16,CF Pachuca,Club Tijuana,4,1,"Clausura, Matchday 12",2024-25/mx.1.json
2024-25,2025-03-16,Pumas UNAM,CF Monterrey,1,3,"Clausura, Matchday 12",2024-25/mx.1.json
2024-25,2025-03-28,Club Necaxa,Gallos Blancos,2,0,"Clausura, Matchday 13",2024-25/mx.1.json
2024-25,2025-03-28,Mazatlán FC,Atlas Guadalajara,3,2,"Clausura, Matchday 13",2024-25/mx.1.json
2024-25,2025-03-29,CF América,UANL Tigres,3,0,"Clausura, Matchday 13",2024-25/mx.1.json
2024-25,2025-03-29,CF Monterrey,Club Tijuana,1,2,"Clausura, Matchday 13",2024-25/mx.1.json
2024-25,2025-03-29,Deportivo Guadalajara,Cruz Azul,0,1,"Clausura, Matchday 13",2024-25/mx.1.json
2024-25,2025-03-29,Deportivo Toluca,CF Pachuca,3,2,"Clausura, Matchday 13",2024-25/mx.1.json
2024-25,2025-03-29,FC Juárez,Puebla FC,2,0,"Clausura, Matchday 13",2024-25/mx.1.json
2024-25,2025-03-30,Club León,Pumas UNAM,1,2,"Clausura, Matchday 13",2024-25/mx.1.json
2024-25,2025-03-30,Santos Laguna,Atlético San Luis,2,3,"Clausura, Matchday 13",2024-25/mx.1.json
2024-25,2025-04-04,Club Tijuana,Club Necaxa,1,2,"Clausura, Matchday 14",2024-25/mx.1.json
2024-25,2025-04-04,Gallos Blancos,Club León,1,1,"Clausura, Matchday 14",2024-25/mx.1.json
2024-25,2025-04-04,Puebla FC,UANL Tigres,0,0,"Clausura, Matchday 14",2024-25/mx.1.json
2024-25,2025-04-05,Atlas Guadalajara,FC Juárez,1,1,"Clausura, Matchday 14",2024-25/mx.1.json
2024-25,2025-04-05,Atlético San Luis,Mazatlán FC,2,1,"Clausura, Matchday 14",2024-25/mx.1.json
2024-25,2025-04-05,CF Monterrey,Deportivo Guadalajara,3,1,"Clausura, Matchday 14",2024-25/mx.1.json
2024-25,2025-04-05,CF Pachuca,CF América,1,0,"Clausura, Matchday 14",2024-25/mx.1.json
2024-25,2025-04-05,Cruz Azul,Pumas UNAM,3,2,"Clausura, Matchday 14",2024-25/mx.1.json
2024-25,2025-04-06,Deportivo Toluca,Santos Laguna,2,1,"Clausura, Matchday 14",2024-25/mx.1.json
2024-25,2025-04-10,Club Tijuana,Atlético San Luis,2,1,"Clausura, Matchday 15",2024-25/mx.1.json
2024-25,2025-04-11,Club Necaxa,CF Pachuca,3,5,"Clausura, Matchday 15",2024-25/mx.1.json
2024-25,2025-04-11,Mazatlán FC,Deportivo Guadalajara,1,1,"Clausura, Matchday 15",2024-25/mx.1.json
2024-25,2025-04-12,Atlas Guadalajara,Deportivo Toluca,2,3,"Clausura, Matchday 15",2024-25/mx.1.json
2024-25,2025-04-12,CF América,Cruz Azul,0,0,"Clausura, Matchday 15",2024-25/mx.1.json
2024-25,2025-04-12,Club León,Puebla FC,1,0,"Clausura, Matchday 15",2024-25/mx.1.json
2024-25,2025-04-12,Pumas UNAM,FC Juárez,0,0,"Clausura, Matchday 15",2024-25/mx.1.json
2024-25,2025-04-12,UANL Tigres,CF Monterrey,2,1,"Clausura, Matchday 15",2024-25/mx.1.json
2024-25,2025-04-13,Santos Laguna,Gallos Blancos,1,2,"Clausura, Matchday 15",2024-25/mx.1.json
2024-25,2025-04-15,CF Pachuca,UANL Tigres,0,0,"Clausura, Matchday 16",2024-25/mx.1.json
2024-25,2025-04-15,Cruz Azul,Club León,2,1,"Clausura, Matchday 16",2024-25/mx.1.json
2024-25,2025-04-15,Deportivo Guadalajara,Puebla FC,1,0,"Clausura, Matchday 16",2024-25/mx.1.json
2024-25,2025-04-15,FC Juárez,Club Necaxa,2,2,"Clausura, Matchday 16",2024-25/mx.1.json
2024-25,2025-04-16,Atlético San Luis,Deportivo Toluca,0,1,"Clausura, Matchday 16",2024-25/mx.1.json
2024-25,2025-04-16,CF Monterrey,CF América,1,0,"Clausura, Matchday 16",2024-25/mx.1.json
2024-25,2025-04-16,Gallos Blancos,Atlas Guadalajara,1,2,"Clausura, Matchday 16",2024-25/mx.1.json
2024-25,2025-04-16,Mazatlán FC,Club Tijuana,0,2,"Clausura, Matchday 16",2024-25/mx.1.json
2024-25,2025-04-16,Pumas UNAM,Santos Laguna,2,0,"Clausura, Matchday 16",2024-25/mx.1.json
2024-25,2025-04-18,Puebla FC,Club Necaxa,0,1,"Clausura, Matchday 17",2024-25/mx.1.json
2024-25,2025-04-19,Atlas Guadalajara,Deportivo Guadalajara,1,1,"Clausura, Matchday 17",2024-25/mx.1.json
2024-25,2025-04-19,CF América,Mazatlán FC,5,0,"Clausura, Matchday 17",2024-25/mx.1.json
2024-25,2025-04-19,Deportivo Toluca,Cruz Azul,2,2,"Clausura, Matchday 17",2024-25/mx.1.json
2024-25,2025-04-19,UANL Tigres,Pumas UNAM,2,1,"Clausura, Matchday 17",2024-25/mx.1.json
2024-25,2025-04-20,Atlético San Luis,CF Pachuca,2,1,"Clausura, Matchday 17",2024-25/mx.1.json
2024-25,2025-04-20,Club León,CF Monterrey,0,2,"Clausura, Matchday 17",2024-25/mx.1.json
2024-25,2025-04-20,FC Juárez,Gallos Blancos,0,2,"Clausura, Matchday 17",2024-25/mx.1.json
2024-25,2025-04-20,Santos Laguna,Club Tijuana,0,4,"Clausura, Matchday 17",2024-25/mx.1.json
