game_id,season,week,gameday,away_team,home_team,total_points,total_line,over_odds,under_odds,modelo,pred_total,error,error_absoluto,over_result,push_total,edge,edge_absoluto,prob_over,prob_under,pick,prob_pick,pick_correcto,odds_pick,decimal_pick,prob_break_even,edge_probabilidad,ev,profit
2024_01_BAL_KC,2024,1,2024-09-05,BAL,KC,47.0,46.0,-110.0,-110.0,total_con_mercado,40.844616680319874,-6.155383319680126,6.155383319680126,1,0.0,-5.155383319680126,5.155383319680126,0.5055138783146469,0.4944861216853531,UNDER,0.4944861216853531,False,-110.0,1.9090909090909092,0.5238095238095238,-0.029323402124170728,-0.05598104041887131,-1.0
2024_01_GB_PHI,2024,1,2024-09-06,GB,PHI,63.0,49.5,-108.0,-112.0,total_con_mercado,51.59373677800094,-11.406263221999062,11.406263221999062,1,0.0,2.093736778000938,2.093736778000938,0.5493121372354376,0.4506878627645624,OVER,0.5493121372354376,True,-108.0,1.925925925925926,0.5192307692307692,0.03008136800466843,0.05793448652750954,0.925925925925926
2024_01_ARI_BUF,2024,1,2024-09-08,ARI,BUF,62.0,46.0,-108.0,-112.0,total_con_mercado,44.847340379327264,-17.152659620672736,17.152659620672736,1,0.0,-1.1526596206727362,1.1526596206727362,0.5297515372034229,0.47024846279657706,UNDER,0.47024846279657706,False,-112.0,1.8928571428571428,0.5283018867924528,-0.058053423995875764,-0.10988683827790768,-1.0
2024_01_CAR_NO,2024,1,2024-09-08,CAR,NO,57.0,41.5,-108.0,-112.0,total_con_mercado,45.860224075518886,-11.139775924481114,11.139775924481114,1,0.0,4.360224075518886,4.360224075518886,0.5628822855073481,0.4371177144926519,OVER,0.5628822855073481,True,-108.0,1.925925925925926,0.5192307692307692,0.04365151627657893,0.08406958690304078,0.925925925925926
2024_01_DAL_CLE,2024,1,2024-09-08,DAL,CLE,50.0,42.0,-112.0,-108.0,total_con_mercado,36.42870285142736,-13.57129714857264,13.57129714857264,1,0.0,-5.57129714857264,5.57129714857264,0.5029919536063356,0.49700804639366436,UNDER,0.49700804639366436,False,-108.0,1.925925925925926,0.5192307692307692,-0.022222722837104802,-0.042799318056646385,-1.0
2024_01_DEN_SEA,2024,1,2024-09-08,DEN,SEA,46.0,42.0,-112.0,-108.0,total_con_mercado,43.52619992235644,-2.47380007764356,2.47380007764356,1,0.0,1.5261999223564402,1.5261999223564402,0.5459017925779105,0.4540982074220895,OVER,0.5459017925779105,True,-112.0,1.8928571428571428,0.5283018867924528,0.01759990578545767,0.033314107379616154,0.8928571428571428
2024_01_HOU_IND,2024,1,2024-09-08,HOU,IND,56.0,49.0,-108.0,-112.0,total_con_mercado,51.273722488517485,-4.726277511482515,4.726277511482515,1,0.0,2.2737224885174854,2.2737224885174854,0.5503927248816488,0.4496072751183512,OVER,0.5503927248816488,True,-108.0,1.925925925925926,0.5192307692307692,0.031161955650879647,0.060015618290582884,0.925925925925926
2024_01_JAX_MIA,2024,1,2024-09-08,JAX,MIA,37.0,49.5,-108.0,-112.0,total_con_mercado,51.77228658598134,14.77228658598134,14.77228658598134,0,0.0,2.272286585981341,2.272286585981341,0.5503841059620421,0.4496158940379579,OVER,0.5503841059620421,False,-108.0,1.925925925925926,0.5192307692307692,0.031153336731272963,0.059999018889858924,-1.0
2024_01_LA_DET,2024,1,2024-09-08,LA,DET,46.0,54.0,-108.0,-112.0,total_con_mercado,55.53502135392114,9.535021353921138,9.535021353921138,0,0.0,1.5350213539211381,1.5350213539211381,0.5459548346156702,0.4540451653843298,OVER,0.5459548346156702,False,-108.0,1.925925925925926,0.5192307692307692,0.02672406538490102,0.05146857037092034,-1.0
2024_01_LV_LAC,2024,1,2024-09-08,LV,LAC,32.0,41.0,-112.0,-108.0,total_con_mercado,38.66604749892248,6.666047498922474,6.666047498922474,0,0.0,-2.333952501077519,2.333952501077519,0.5226079074459529,0.47739209255404713,UNDER,0.47739209255404713,True,-108.0,1.925925925925926,0.5192307692307692,-0.04183867667672203,-0.08057819211813144,0.925925925925926
2024_01_MIN_NYG,2024,1,2024-09-08,MIN,NYG,34.0,42.5,-112.0,-108.0,total_con_mercado,39.52008077125394,5.520080771253937,5.520080771253937,0,0.0,-2.9799192287460627,2.9799192287460627,0.5186974513112677,0.48130254868873235,UNDER,0.48130254868873235,True,-108.0,1.925925925925926,0.5192307692307692,-0.03792822054203682,-0.07304694326614503,0.925925925925926
2024_01_NE_CIN,2024,1,2024-09-08,NE,CIN,26.0,40.5,-108.0,-112.0,total_con_mercado,44.685380720077816,18.685380720077816,18.685380720077816,0,0.0,4.185380720077816,4.185380720077816,0.5618385237151232,0.4381614762848768,OVER,0.5618385237151232,False,-108.0,1.925925925925926,0.5192307692307692,0.042607754484354055,0.08205937900690397,-1.0
2024_01_PIT_ATL,2024,1,2024-09-08,PIT,ATL,28.0,43.0,-105.0,-115.0,total_con_mercado,42.39078748751791,14.390787487517912,14.390787487517912,0,0.0,-0.6092125124820882,0.6092125124820882,0.5330340120539787,0.4669659879460213,UNDER,0.4669659879460213,True,-115.0,1.8695652173913042,0.5348837209302326,-0.06791773298421133,-0.1269766312313516,0.8695652173913042
2024_01_TEN_CHI,2024,1,2024-09-08,TEN,CHI,41.0,43.0,-110.0,-110.0,total_con_mercado,40.83661562312149,-0.1633843768785112,0.1633843768785112,0,0.0,-2.1633843768785113,2.1633843768785113,0.5236400244231223,0.4763599755768777,UNDER,0.4763599755768777,True,-110.0,1.9090909090909092,0.5238095238095238,-0.04744954823264613,-0.09058550117141528,0.9090909090909092
2024_01_WAS_TB,2024,1,2024-09-08,WAS,TB,57.0,42.0,-110.0,-110.0,total_con_mercado,42.33134395588831,-14.668656044111692,14.668656044111692,1,0.0,0.33134395588830756,0.33134395588830756,0.5387081531687001,0.46129184683129987,OVER,0.5387081531687001,True,-110.0,1.9090909090909092,0.5238095238095238,0.014898629359176296,0.028442837867518556,0.9090909090909092
2024_01_NYJ_SF,2024,1,2024-09-09,NYJ,SF,51.0,43.0,-112.0,-108.0,total_con_mercado,39.27278947446607,-11.727210525533929,11.727210525533929,1,0.0,-3.727210525533927,3.727210525533927,0.514170783657286,0.48582921634271403,UNDER,0.48582921634271403,False,-108.0,1.925925925925926,0.5192307692307692,-0.03340155288805513,-0.06432891667329144,-1.0
2024_02_BUF_MIA,2024,2,2024-09-12,BUF,MIA,41.0,48.5,-115.0,-105.0,total_con_mercado,48.766514244237314,7.766514244237314,7.766514244237314,0,0.0,0.26651424423731385,0.26651424423731385,0.5383173564991158,0.46168264350088417,OVER,0.5383173564991158,False,-115.0,1.8695652173913042,0.5348837209302326,0.0034336355688832088,0.006419405628781627,-1.0
2024_02_CHI_HOU,2024,2,2024-09-15,CHI,HOU,32.0,45.5,-115.0,-105.0,total_con_mercado,47.06835613928347,15.068356139283472,15.068356139283472,0,0.0,1.5683561392834733,1.5683561392834733,0.5461552626026341,0.45384473739736586,OVER,0.5461552626026341,False,-115.0,1.8695652173913042,0.5348837209302326,0.01127154167240152,0.02107288225709847,-1.0
2024_02_CIN_KC,2024,2,2024-09-15,CIN,KC,51.0,47.5,-112.0,-108.0,total_con_mercado,51.240744498002094,0.240744498002094,0.240744498002094,1,0.0,3.740744498002094,3.740744498002094,0.5591817340908423,0.44081826590915774,OVER,0.5591817340908423,True,-112.0,1.8928571428571428,0.5283018867924528,0.03087984729838944,0.05845113952909431,0.8928571428571428
2024_02_CLE_JAX,2024,2,2024-09-15,CLE,JAX,31.0,41.5,-112.0,-108.0,total_con_mercado,41.44255393152812,10.442553931528115,10.442553931528115,0,0.0,-0.05744606847188294,0.05744606847188294,0.5363638116770129,0.46363618832298714,UNDER,0.46363618832298714,True,-108.0,1.925925925925926,0.5192307692307692,-0.05559458090778202,-0.10707104471128392,0.925925925925926
2024_02_IND_GB,2024,2,2024-09-15,IND,GB,26.0,41.5,-110.0,-110.0,total_con_mercado,39.67355707850822,13.673557078508216,13.673557078508216,0,0.0,-1.8264429214917826,1.8264429214917826,0.5256782738029218,0.47432172619707824,UNDER,0.47432172619707824,True,-110.0,1.9090909090909092,0.5238095238095238,-0.049487797612445594,-0.09447670453285062,0.9090909090909092
2024_02_LAC_CAR,2024,2,2024-09-15,LAC,CAR,29.0,39.0,-108.0,-112.0,total_con_mercado,36.87850740889197,7.87850740889197,7.87850740889197,0,0.0,-2.12149259110803,2.12149259110803,0.5238934833509891,0.47610651664901094,UNDER,0.47610651664901094,True,-112.0,1.8928571428571428,0.5283018867924528,-0.05219537014344189,-0.0987983792000865,0.8928571428571428
2024_02_LA_ARI,2024,2,2024-09-15,LA,ARI,51.0,47.5,-102.0,-118.0,total_con_mercado,49.44650802528486,-1.5534919747151434,1.5534919747151434,1,0.0,1.9465080252848566,1.9465080252848566,0.548427867408016,0.45157213259198403,OVER,0.548427867408016,True,-102.0,1.9803921568627452,0.504950495049505,0.04347737235851101,0.08610224721979631,0.9803921568627452
2024_02_LV_BAL,2024,2,2024-09-15,LV,BAL,49.0,41.0,-112.0,-108.0,total_con_mercado,43.81487006751263,-5.185129932487371,5.185129932487371,1,0.0,2.8148700675126292,2.8148700675126292,0.5536387316370677,0.44636126836293233,OVER,0.5536387316370677,True,-112.0,1.8928571428571428,0.5283018867924528,0.025336844844614848,0.04795902774159244,0.8928571428571428
2024_02_NO_DAL,2024,2,2024-09-15,NO,DAL,63.0,47.0,-112.0,-108.0,total_con_mercado,51.58311614540509,-11.416883854594907,11.416883854594907,1,0.0,4.583116145405093,4.583116145405093,0.5642120753614304,0.43578792463856963,OVER,0.5642120753614304,True,-112.0,1.8928571428571428,0.5283018867924528,0.03591018856897754,0.06797285693413602,0.8928571428571428
2024_02_NYG_WAS,2024,2,2024-09-15,NYG,WAS,39.0,42.5,-115.0,-105.0,total_con_mercado,48.26262772262279,9.262627722622788,9.262627722622788,0,0.0,5.762627722622788,5.762627722622788,0.5712333211251832,0.4287666788748168,OVER,0.5712333211251832,False,-115.0,1.8695652173913042,0.5348837209302326,0.03634960019495059,0.06795794819055989,-1.0
2024_02_NYJ_TEN,2024,2,2024-09-15,NYJ,TEN,41.0,41.5,-108.0,-112.0,total_con_mercado,41.46872238492806,0.468722384928057,0.468722384928057,0,0.0,-0.03127761507194293,0.03127761507194293,0.5365216548863623,0.4634783451136377,UNDER,0.4634783451136377,True,-112.0,1.8928571428571428,0.5283018867924528,-0.0648235416788151,-0.12270170389204293,0.8928571428571428
2024_02_PIT_DEN,2024,2,2024-09-15,PIT,DEN,19.0,36.5,-108.0,-112.0,total_con_mercado,33.46934327002142,14.46934327002142,14.46934327002142,0,0.0,-3.030656729978581,3.030656729978581,0.5183902009660671,0.48160979903393286,UNDER,0.48160979903393286,True,-112.0,1.8928571428571428,0.5283018867924528,-0.04669208775851996,-0.08838145182862711,0.8928571428571428
2024_02_SEA_NE,2024,2,2024-09-15,SEA,NE,43.0,39.0,-110.0,-110.0,total_con_mercado,42.61985868261246,-0.3801413173875403,0.3801413173875403,1,0.0,3.6198586826124597,3.6198586826124597,0.5584588243893898,0.44154117561061024,OVER,0.5584588243893898,True,-110.0,1.9090909090909092,0.5238095238095238,0.03464930057986593,0.06614866474338044,0.9090909090909092
2024_02_SF_MIN,2024,2,2024-09-15,SF,MIN,40.0,46.5,-112.0,-108.0,total_con_mercado,49.68321939843687,9.683219398436869,9.683219398436869,0,0.0,3.1832193984368686,3.1832193984368686,0.5558456332469504,0.44415436675304965,OVER,0.5558456332469504,False,-112.0,1.8928571428571428,0.5283018867924528,0.02754374645449753,0.05213637721744169,-1.0
2024_02_TB_DET,2024,2,2024-09-15,TB,DET,36.0,51.5,-108.0,-112.0,total_con_mercado,55.399297384727376,19.399297384727376,19.399297384727376,0,0.0,3.899297384727376,3.899297384727376,0.5601295160340929,0.4398704839659071,OVER,0.5601295160340929,False,-108.0,1.925925925925926,0.5192307692307692,0.04089874680332373,0.07876795680640125,-1.0
2024_02_ATL_PHI,2024,2,2024-09-16,ATL,PHI,43.0,46.5,-110.0,-110.0,total_con_mercado,56.144336880747495,13.144336880747495,13.144336880747495,0,0.0,9.644336880747495,9.644336880747495,0.5941239129079613,0.4058760870920387,OVER,0.5941239129079613,False,-110.0,1.9090909090909092,0.5238095238095238,0.07031438909843746,0.13423656100610803,-1.0
2024_03_NE_NYJ,2024,3,2024-09-19,NE,NYJ,27.0,39.0,-112.0,-108.0,total_con_mercado,45.05320887238345,18.05320887238345,18.05320887238345,0,0.0,6.0532088723834505,6.0532088723834505,0.5729587747686419,0.4270412252313581,OVER,0.5729587747686419,False,-112.0,1.8928571428571428,0.5283018867924528,0.04465688797618905,0.08452910938350056,-1.0
2024_03_BAL_DAL,2024,3,2024-09-22,BAL,DAL,53.0,47.5,-108.0,-112.0,total_con_mercado,53.33087986963356,0.3308798696335628,0.3308798696335628,1,0.0,5.830879869633563,5.830879869633563,0.5716387555823412,0.42836124441765877,OVER,0.5716387555823412,True,-108.0,1.925925925925926,0.5192307692307692,0.05240798635157207,0.1009338996400646,0.925925925925926
2024_03_CAR_LV,2024,3,2024-09-22,CAR,LV,58.0,40.0,-112.0,-108.0,total_con_mercado,45.95757824678118,-12.042421753218818,12.042421753218818,1,0.0,5.957578246781182,5.957578246781182,0.5723911196283399,0.4276088803716601,OVER,0.5723911196283399,True,-112.0,1.8928571428571428,0.5283018867924528,0.04408923283588706,0.08345461929650044,0.8928571428571428
2024_03_CHI_IND,2024,3,2024-09-22,CHI,IND,37.0,43.0,-115.0,-105.0,total_con_mercado,40.19369530360141,3.193695303601409,3.193695303601409,0,0.0,-2.806304696398591,2.806304696398591,0.5197486979116835,0.48025130208831646,UNDER,0.48025130208831646,True,-105.0,1.9523809523809523,0.5121951219512195,-0.03194381986290307,-0.06236650544662026,0.9523809523809523
2024_03_DEN_TB,2024,3,2024-09-22,DEN,TB,33.0,40.5,-112.0,-108.0,total_con_mercado,42.64260363760623,9.642603637606229,9.642603637606229,0,0.0,2.1426036376062285,2.1426036376062285,0.5496055676608322,0.45039443233916776,OVER,0.5496055676608322,False,-112.0,1.8928571428571428,0.5283018867924528,0.021303680868379415,0.040324824500860945,-1.0
2024_03_DET_ARI,2024,3,2024-09-22,DET,ARI,33.0,51.5,-108.0,-112.0,total_con_mercado,51.88434740711888,18.88434740711888,18.88434740711888,0,0.0,0.3843474071188808,0.3843474071188808,0.5390276252376192,0.46097237476238084,OVER,0.5390276252376192,False,-108.0,1.925925925925926,0.5192307692307692,0.019796856006849994,0.03812727823541473,-1.0
2024_03_GB_TEN,2024,3,2024-09-22,GB,TEN,44.0,37.0,-112.0,-108.0,total_con_mercado,32.47126119419274,-11.528738805807258,11.528738805807258,1,0.0,-4.528738805807258,4.528738805807258,0.5093130136518164,0.49068698634818364,UNDER,0.49068698634818364,False,-108.0,1.925925925925926,0.5192307692307692,-0.028543782882585522,-0.05497321147757217,-1.0
2024_03_HOU_MIN,2024,3,2024-09-22,HOU,MIN,41.0,46.0,-112.0,-108.0,total_con_mercado,46.35887119774987,5.35887119774987,5.35887119774987,0,0.0,0.3588711977498704,0.3588711977498704,0.5388740743670306,0.4611259256329694,OVER,0.5388740743670306,False,-112.0,1.8928571428571428,0.5283018867924528,0.010572187574577785,0.020011640766165018,-1.0
2024_03_KC_ATL,2024,3,2024-09-22,KC,ATL,39.0,46.0,-112.0,-108.0,total_con_mercado,43.81634933575192,4.816349335751916,4.816349335751916,0,0.0,-2.183650664248077,2.183650664248077,0.5235174024150638,0.47648259758493616,UNDER,0.47648259758493616,True,-108.0,1.925925925925926,0.5192307692307692,-0.042748171645833,-0.08232981205864143,0.925925925925926
2024_03_LAC_PIT,2024,3,2024-09-22,LAC,PIT,30.0,36.0,-105.0,-115.0,total_con_mercado,39.74616725981839,9.746167259818383,9.746167259818383,0,0.0,3.7461672598183924,3.7461672598183924,0.5592141569116973,0.4407858430883027,OVER,0.5592141569116973,False,-105.0,1.9523809523809523,0.5121951219512195,0.04701903496047777,0.0917990682561709,-1.0
2024_03_MIA_SEA,2024,3,2024-09-22,MIA,SEA,27.0,41.5,-110.0,-110.0,total_con_mercado,49.02273814668256,22.02273814668256,22.02273814668256,0,0.0,7.522738146682563,7.522738146682563,0.5816567602872853,0.4183432397127147,OVER,0.5816567602872853,False,-110.0,1.9090909090909092,0.5238095238095238,0.057847236477761466,0.11043563327572659,-1.0
2024_03_NYG_CLE,2024,3,2024-09-22,NYG,CLE,36.0,38.0,-112.0,-108.0,total_con_mercado,40.51474562146857,4.51474562146857,4.51474562146857,0,0.0,2.5147456214685704,2.5147456214685704,0.551839019156613,0.44816098084338696,OVER,0.551839019156613,False,-112.0,1.8928571428571428,0.5283018867924528,0.023537132364160218,0.044552429117874714,-1.0
2024_03_PHI_NO,2024,3,2024-09-22,PHI,NO,27.0,49.0,-110.0,-110.0,total_con_mercado,49.079026591191806,22.07902659119181,22.07902659119181,0,0.0,0.07902659119180555,0.07902659119180555,0.5371869083938395,0.46281309160616046,OVER,0.5371869083938395,False,-110.0,1.9090909090909092,0.5238095238095238,0.013377384584315699,0.025538643297330132,-1.0
2024_03_SF_LA,2024,3,2024-09-22,SF,LA,51.0,44.5,-110.0,-110.0,total_con_mercado,41.9764377547438,-9.0235622452562,9.0235622452562,1,0.0,-2.523562245256201,2.523562245256201,0.5214603423396822,0.4785396576603178,UNDER,0.4785396576603178,False,-110.0,1.9090909090909092,0.5238095238095238,-0.04526986614920603,-0.08642428992121143,-1.0
2024_03_JAX_BUF,2024,3,2024-09-23,JAX,BUF,57.0,46.5,-110.0,-110.0,total_con_mercado,48.21664511833504,-8.783354881664962,8.783354881664962,1,0.0,1.7166451183350375,1.7166451183350375,0.5470466794338803,0.4529533205661197,OVER,0.5470466794338803,True,-110.0,1.9090909090909092,0.5238095238095238,0.023237155624356465,0.044361842555589615,0.9090909090909092
2024_03_WAS_CIN,2024,3,2024-09-23,WAS,CIN,71.0,46.0,-108.0,-112.0,total_con_mercado,48.01825214492327,-22.981747855076733,22.981747855076733,1,0.0,2.0182521449232667,2.0182521449232667,0.5488588079366843,0.4511411920633157,OVER,0.5488588079366843,True,-108.0,1.925925925925926,0.5192307692307692,0.029628038705915127,0.05706140787805869,0.925925925925926
2024_04_DAL_NYG,2024,4,2024-09-26,DAL,NYG,35.0,45.0,-108.0,-112.0,total_con_mercado,46.00454425695701,11.004544256957004,11.004544256957004,0,0.0,1.0045442569570113,1.0045442569570113,0.54276333801841,0.45723666198158996,OVER,0.54276333801841,False,-108.0,1.925925925925926,0.5192307692307692,0.023532568787640873,0.04532198433175272,-1.0
2024_04_BUF_BAL,2024,4,2024-09-29,BUF,BAL,45.0,46.5,-110.0,-110.0,total_con_mercado,45.715707513196925,0.715707513196925,0.715707513196925,0,0.0,-0.784292486803075,0.784292486803075,0.531976809963946,0.46802319003605397,UNDER,0.46802319003605397,True,-110.0,1.9090909090909092,0.5238095238095238,-0.055786333773469865,-0.10650118265844233,0.9090909090909092
2024_04_CIN_CAR,2024,4,2024-09-29,CIN,CAR,58.0,47.0,-112.0,-108.0,total_con_mercado,47.71682457755905,-10.283175422440948,10.283175422440948,1,0.0,0.716824577559052,0.716824577559052,0.5410308506499786,0.4589691493500214,OVER,0.5410308506499786,True,-112.0,1.8928571428571428,0.5283018867924528,0.012728963857525755,0.02409411015888807,0.8928571428571428
2024_04_CLE_LV,2024,4,2024-09-29,CLE,LV,36.0,36.5,-112.0,-108.0,total_con_mercado,38.479204855843776,2.479204855843776,2.479204855843776,0,0.0,1.9792048558437756,1.9792048558437756,0.5486242742857442,0.45137572571425577,OVER,0.5486242742857442,False,-112.0,1.8928571428571428,0.5283018867924528,0.020322387493291405,0.038467376326587255,-1.0
2024_04_DEN_NYJ,2024,4,2024-09-29,DEN,NYJ,19.0,39.5,-108.0,-112.0,total_con_mercado,40.37252420930923,21.372524209309237,21.372524209309237,0,0.0,0.8725242093092334,0.8725242093092334,0.5419685128123793,0.45803148718762066,OVER,0.5419685128123793,False,-108.0,1.925925925925926,0.5192307692307692,0.02273774358161018,0.04379120986087881,-1.0
2024_04_JAX_HOU,2024,4,2024-09-29,JAX,HOU,44.0,44.5,-112.0,-108.0,total_con_mercado,40.89357647205471,-3.1064235279452888,3.1064235279452888,0,0.0,-3.6064235279452888,3.6064235279452888,0.5149026199772376,0.48509738002276237,UNDER,0.48509738002276237,True,-108.0,1.925925925925926,0.5192307692307692,-0.03413338920800679,-0.06573837921542058,0.925925925925926
2024_04_KC_LAC,2024,4,2024-09-29,KC,LAC,27.0,41.5,-112.0,-108.0,total_con_mercado,41.896392185231385,14.896392185231385,14.896392185231385,0,0.0,0.39639218523138453,0.39639218523138453,0.5391002192602212,0.4608997807397788,OVER,0.5391002192602212,False,-112.0,1.8928571428571428,0.5283018867924528,0.010798332467768401,0.02043970074256163,-1.0
2024_04_LA_CHI,2024,4,2024-09-29,LA,CHI,42.0,40.0,-115.0,-105.0,total_con_mercado,41.32485526848632,-0.6751447315136758,0.6751447315136758,1,0.0,1.324855268486317,1.324855268486317,0.5446908543008944,0.45530914569910563,OVER,0.5446908543008944,True,-115.0,1.8695652173913042,0.5348837209302326,0.009807133370661747,0.018335075432106773,0.8695652173913042
2024_04_MIN_GB,2024,4,2024-09-29,MIN,GB,60.0,44.0,-108.0,-112.0,total_con_mercado,41.61479444918948,-18.385205550810525,18.385205550810525,1,0.0,-2.385205550810518,2.385205550810518,0.522297734331209,0.47770226566879104,UNDER,0.47770226566879104,False,-112.0,1.8928571428571428,0.5283018867924528,-0.05059962112366179,-0.09577785426978846,-1.0
2024_04_NE_SF,2024,4,2024-09-29,NE,SF,43.0,41.5,-110.0,-110.0,total_con_mercado,50.23449298500916,7.234492985009155,7.234492985009155,1,0.0,8.734492985009162,8.734492985009162,0.5887912530267112,0.4112087469732888,OVER,0.5887912530267112,True,-110.0,1.9090909090909092,0.5238095238095238,0.06498172921718737,0.12405602850553965,0.9090909090909092
2024_04_NO_ATL,2024,4,2024-09-29,NO,ATL,50.0,41.5,-108.0,-112.0,total_con_mercado,43.500170078838,-6.4998299211619965,6.4998299211619965,1,0.0,2.0001700788380035,2.0001700788380035,0.5487502025007537,0.4512497974992463,OVER,0.5487502025007537,True,-108.0,1.925925925925926,0.5192307692307692,0.02951943326998452,0.05685224185330351,0.925925925925926
2024_04_PHI_TB,2024,4,2024-09-29,PHI,TB,49.0,42.0,-112.0,-108.0,total_con_mercado,43.71369305798988,-5.286306942010121,5.286306942010121,1,0.0,1.7136930579898788,1.7136930579898788,0.5470289364924806,0.45297106350751937,OVER,0.5470289364924806,True,-112.0,1.8928571428571428,0.5283018867924528,0.01872704970002781,0.03544762978933824,0.8928571428571428
2024_04_PIT_IND,2024,4,2024-09-29,PIT,IND,51.0,40.0,-110.0,-110.0,total_con_mercado,44.60182373222193,-6.398176267778069,6.398176267778069,1,0.0,4.601823732221931,4.601823732221931,0.5643236444196058,0.4356763555803942,OVER,0.5643236444196058,True,-110.0,1.9090909090909092,0.5238095238095238,0.04051412061008197,0.07734513934652032,0.9090909090909092
2024_04_WAS_ARI,2024,4,2024-09-29,WAS,ARI,56.0,49.0,-108.0,-112.0,total_con_mercado,50.315661845970425,-5.684338154029575,5.684338154029575,1,0.0,1.3156618459704248,1.3156618459704248,0.5446355499761482,0.45536445002385184,OVER,0.5446355499761482,True,-108.0,1.925925925925926,0.5192307692307692,0.025404780745378996,0.04892772587998917,0.925925925925926
2024_04_SEA_DET,2024,4,2024-09-30,SEA,DET,71.0,46.5,-112.0,-108.0,total_con_mercado,46.88927428905347,-24.11072571094653,24.11072571094653,1,0.0,0.3892742890534677,0.3892742890534677,0.5390573198145793,0.46094268018542073,OVER,0.5390573198145793,True,-112.0,1.8928571428571428,0.5283018867924528,0.010755433022126448,0.020358498220453658,0.8928571428571428
2024_04_TEN_MIA,2024,4,2024-09-30,TEN,MIA,43.0,37.0,-110.0,-110.0,total_con_mercado,34.954471460077215,-8.045528539922785,8.045528539922785,1,0.0,-2.0455285399227847,2.0455285399227847,0.5243530590830181,0.4756469409169819,UNDER,0.4756469409169819,False,-110.0,1.9090909090909092,0.5238095238095238,-0.04816258289254194,-0.0919467491584891,-1.0
2024_05_TB_ATL,2024,5,2024-10-03,TB,ATL,66.0,44.0,-110.0,-110.0,total_con_mercado,48.59262526692358,-17.407374733076423,17.407374733076423,1,0.0,4.5926252669235765,4.5926252669235765,0.5642687870557465,0.43573121294425354,OVER,0.5642687870557465,True,-110.0,1.9090909090909092,0.5238095238095238,0.04045926324622262,0.07724041165187967,0.9090909090909092
2024_05_ARI_SF,2024,5,2024-10-06,ARI,SF,47.0,48.5,-112.0,-108.0,total_con_mercado,50.01166068937805,3.011660689378054,3.011660689378054,0,0.0,1.511660689378047,1.511660689378047,0.5458143679243591,0.4541856320756409,OVER,0.5458143679243591,False,-112.0,1.8928571428571428,0.5283018867924528,0.017512481131906288,0.03314862499967974,-1.0
2024_05_BAL_CIN,2024,5,2024-10-06,BAL,CIN,79.0,48.5,-108.0,-112.0,total_con_mercado,45.59613630254992,-33.40386369745008,33.40386369745008,1,0.0,-2.9038636974500776,2.9038636974500776,0.5191579931252162,0.48084200687478384,UNDER,0.48084200687478384,False,-112.0,1.8928571428571428,0.5283018867924528,-0.04745987991766898,-0.08983477270130202,-1.0
2024_05_BUF_HOU,2024,5,2024-10-06,BUF,HOU,43.0,48.0,-110.0,-110.0,total_con_mercado,48.47635970880764,5.476359708807635,5.476359708807635,0,0.0,0.47635970880764233,0.47635970880764233,0.539582142283197,0.460417857716803,OVER,0.539582142283197,False,-110.0,1.9090909090909092,0.5238095238095238,0.015772618473673172,0.030111362540648834,-1.0
2024_05_CAR_CHI,2024,5,2024-10-06,CAR,CHI,46.0,40.0,-112.0,-108.0,total_con_mercado,42.02733090562539,-3.972669094374609,3.972669094374609,1,0.0,2.0273309056253908,2.0273309056253908,0.5489133355018903,0.45108666449810975,OVER,0.5489133355018903,True,-112.0,1.8928571428571428,0.5283018867924528,0.02061144870943743,0.03901452791429216,0.8928571428571428
2024_05_CLE_WAS,2024,5,2024-10-06,CLE,WAS,47.0,44.0,-108.0,-112.0,total_con_mercado,46.44556014090916,-0.5544398590908415,0.5544398590908415,1,0.0,2.4455601409091585,2.4455601409091585,0.5514239502697342,0.44857604973026577,OVER,0.5514239502697342,True,-108.0,1.925925925925926,0.5192307692307692,0.03219318103896507,0.06200168200096967,0.925925925925926
2024_05_DAL_PIT,2024,5,2024-10-06,DAL,PIT,37.0,43.5,-112.0,-108.0,total_con_mercado,44.14269763049969,7.14269763049969,7.14269763049969,0,0.0,0.6426976304996899,0.6426976304996899,0.5405843370892986,0.45941566291070135,OVER,0.5405843370892986,False,-112.0,1.8928571428571428,0.5283018867924528,0.012282450296845826,0.02324892377617238,-1.0
2024_05_GB_LA,2024,5,2024-10-06,GB,LA,43.0,49.5,-108.0,-112.0,total_con_mercado,51.73477269503483,8.734772695034827,8.734772695034827,0,0.0,2.2347726950348274,2.2347726950348274,0.5501589203582706,0.44984107964172937,OVER,0.5501589203582706,False,-108.0,1.925925925925926,0.5192307692307692,0.03092815112750147,0.05956532809741022,-1.0
2024_05_IND_JAX,2024,5,2024-10-06,IND,JAX,71.0,45.0,-110.0,-110.0,total_con_mercado,44.70604941278692,-26.29395058721308,26.29395058721308,1,0.0,-0.2939505872130823,0.2939505872130823,0.5349369339997178,0.46506306600028224,UNDER,0.46506306600028224,False,-110.0,1.9090909090909092,0.5238095238095238,-0.05874645780924159,-0.11215232854491564,-1.0
2024_05_LV_DEN,2024,5,2024-10-06,LV,DEN,52.0,36.0,-112.0,-108.0,total_con_mercado,39.800649755907365,-12.199350244092637,12.199350244092637,1,0.0,3.800649755907365,3.800649755907365,0.5595398809682076,0.4404601190317924,OVER,0.5595398809682076,True,-112.0,1.8928571428571428,0.5283018867924528,0.03123799417575479,0.05912906040410726,0.8928571428571428
2024_05_MIA_NE,2024,5,2024-10-06,MIA,NE,25.0,37.0,-112.0,-108.0,total_con_mercado,42.74165729749196,17.74165729749196,17.74165729749196,0,0.0,5.741657297491962,5.741657297491962,0.5711087324372268,0.4288912675627732,OVER,0.5711087324372268,False,-112.0,1.8928571428571428,0.5283018867924528,0.042806845644773994,0.0810272435418935,-1.0
2024_05_NYG_SEA,2024,5,2024-10-06,NYG,SEA,49.0,42.5,-110.0,-110.0,total_con_mercado,51.5195319452006,2.519531945200597,2.519531945200597,1,0.0,9.019531945200598,9.019531945200598,0.5904641945082958,0.4095358054917042,OVER,0.5904641945082958,True,-110.0,1.9090909090909092,0.5238095238095238,0.06665467069877196,0.12724982587947387,0.9090909090909092
2024_05_NYJ_MIN,2024,5,2024-10-06,NYJ,MIN,40.0,42.0,-108.0,-112.0,total_con_mercado,39.49449829966812,-0.5055017003318767,0.5055017003318767,0,0.0,-2.5055017003318767,2.5055017003318767,0.5215696591799563,0.47843034082004365,UNDER,0.47843034082004365,True,-112.0,1.8928571428571428,0.5283018867924528,-0.04987154597240917,-0.09439971201920316,0.8928571428571428
2024_05_NO_KC,2024,5,2024-10-07,NO,KC,39.0,43.0,-110.0,-110.0,total_con_mercado,43.87816301722587,4.878163017225873,4.878163017225873,0,0.0,0.878163017225873,0.878163017225873,0.5420024655883329,0.45799753441166713,OVER,0.5420024655883329,False,-110.0,1.9090909090909092,0.5238095238095238,0.018192941778809035,0.03473197975954467,-1.0
2024_06_SF_SEA,2024,6,2024-10-10,SF,SEA,60.0,49.0,-110.0,-110.0,total_con_mercado,48.3157142133187,-11.6842857866813,11.6842857866813,1,0.0,-0.6842857866813006,0.6842857866813006,0.5325807257218024,0.4674192742781976,UNDER,0.4674192742781976,False,-110.0,1.9090909090909092,0.5238095238095238,-0.05639024953132621,-0.10765411274162262,-1.0
2024_06_ATL_CAR,2024,6,2024-10-13,ATL,CAR,58.0,45.5,-110.0,-110.0,total_con_mercado,42.824879025803945,-15.175120974196057,15.175120974196057,1,0.0,-2.675120974196055,2.675120974196055,0.5205429078987384,0.47945709210126164,UNDER,0.47945709210126164,False,-110.0,1.9090909090909092,0.5238095238095238,-0.0443524317082622,-0.08467282417031863,-1.0
2024_06_CIN_NYG,2024,6,2024-10-13,CIN,NYG,24.0,46.0,-118.0,-102.0,total_con_mercado,42.89330829100221,18.893308291002214,18.893308291002214,0,0.0,-3.1066917089977935,3.1066917089977935,0.5179297310875266,0.4820702689124734,UNDER,0.4820702689124734,True,-102.0,1.9803921568627452,0.504950495049505,-0.022880226137031556,-0.04531182038902326,0.9803921568627452
2024_06_CLE_PHI,2024,6,2024-10-13,CLE,PHI,36.0,42.0,-110.0,-110.0,total_con_mercado,42.70404292286442,6.704042922864417,6.704042922864417,0,0.0,0.7040429228644172,0.7040429228644172,0.5409538633273161,0.4590461366726839,OVER,0.5409538633273161,False,-110.0,1.9090909090909092,0.5238095238095238,0.017144339517792262,0.03273010271578536,-1.0
2024_06_DET_DAL,2024,6,2024-10-13,DET,DAL,56.0,52.5,-110.0,-110.0,total_con_mercado,50.562105003553256,-5.437894996446744,5.437894996446744,1,0.0,-1.9378949964467438,1.9378949964467438,0.5250041616149985,0.4749958383850015,UNDER,0.4749958383850015,False,-110.0,1.9090909090909092,0.5238095238095238,-0.04881368542452236,-0.09318976308317894,-1.0
2024_06_HOU_NE,2024,6,2024-10-13,HOU,NE,62.0,38.5,-108.0,-112.0,total_con_mercado,37.81924202107138,-24.180757978928614,24.180757978928614,1,0.0,-0.680757978928618,0.680757978928618,0.5326020275487143,0.46739797245128567,UNDER,0.46739797245128567,False,-112.0,1.8928571428571428,0.5283018867924528,-0.060903914341167154,-0.11528240928863787,-1.0
2024_06_IND_TEN,2024,6,2024-10-13,IND,TEN,37.0,42.0,-108.0,-112.0,total_con_mercado,44.47818525154763,7.478185251547629,7.478185251547629,0,0.0,2.478185251547629,2.478185251547629,0.5516196891478856,0.4483803108521144,OVER,0.5516196891478856,False,-108.0,1.925925925925926,0.5192307692307692,0.032388919917116454,0.06237866058111319,-1.0
2024_06_JAX_CHI,2024,6,2024-10-13,JAX,CHI,51.0,44.5,-112.0,-108.0,total_con_mercado,45.44406905957547,-5.555930940424531,5.555930940424531,1,0.0,0.9440690595754688,0.9440690595754688,0.542399274550989,0.457600725449011,OVER,0.542399274550989,True,-112.0,1.8928571428571428,0.5283018867924528,0.014097387758536195,0.026684341114372012,0.8928571428571428
2024_06_LAC_DEN,2024,6,2024-10-13,LAC,DEN,39.0,37.0,-112.0,-108.0,total_con_mercado,34.7544237825404,-4.2455762174596,4.2455762174596,1,0.0,-2.2455762174596003,2.2455762174596003,0.5231427017949335,0.4768572982050665,UNDER,0.4768572982050665,False,-108.0,1.925925925925926,0.5192307692307692,-0.04237347102570266,-0.0816081664198719,-1.0
2024_06_PIT_LV,2024,6,2024-10-13,PIT,LV,45.0,36.5,-112.0,-108.0,total_con_mercado,30.715995857268325,-14.284004142731677,14.284004142731677,1,0.0,-5.784004142731675,5.784004142731675,0.5017021218683171,0.4982978781316829,UNDER,0.4982978781316829,False,-108.0,1.925925925925926,0.5192307692307692,-0.020932891099086248,-0.040315197672314285,-1.0
2024_06_TB_NO,2024,6,2024-10-13,TB,NO,78.0,42.5,-110.0,-110.0,total_con_mercado,44.50378046571119,-33.49621953428881,33.49621953428881,1,0.0,2.0037804657111877,2.0037804657111877,0.5487718877636206,0.4512281122363794,OVER,0.5487718877636206,True,-110.0,1.9090909090909092,0.5238095238095238,0.02496236395409679,0.04765542209418494,0.9090909090909092
2024_06_WAS_BAL,2024,6,2024-10-13,WAS,BAL,53.0,51.5,-110.0,-110.0,total_con_mercado,55.94683537844829,2.9468353784482844,2.9468353784482844,1,0.0,4.4468353784482915,4.4468353784482915,0.5633991231314402,0.43660087686855975,OVER,0.5633991231314402,True,-110.0,1.9090909090909092,0.5238095238095238,0.03958959932191641,0.07558014416002234,0.9090909090909092
2024_06_BUF_NYJ,2024,6,2024-10-14,BUF,NYJ,43.0,42.0,-110.0,-110.0,total_con_mercado,40.03531767159475,-2.964682328405253,2.964682328405253,1,0.0,-1.964682328405253,1.964682328405253,0.524842126127072,0.47515787387292796,UNDER,0.47515787387292796,False,-110.0,1.9090909090909092,0.5238095238095238,-0.048651649936595875,-0.09288042260622842,-1.0
2024_07_DEN_NO,2024,7,2024-10-17,DEN,NO,43.0,37.0,-110.0,-110.0,total_con_mercado,36.41224079590717,-6.587759204092833,6.587759204092833,1,0.0,-0.5877592040928334,0.5877592040928334,0.5331635354019533,0.46683646459804673,UNDER,0.46683646459804673,False,-110.0,1.9090909090909092,0.5238095238095238,-0.056973059211477106,-0.10876674940372888,-1.0
2024_07_CAR_WAS,2024,7,2024-10-20,CAR,WAS,47.0,51.0,-110.0,-110.0,total_con_mercado,51.426003171322506,4.426003171322506,4.426003171322506,0,0.0,0.4260031713225061,0.4260031713225061,0.539278677972787,0.46072132202721305,OVER,0.539278677972787,False,-110.0,1.9090909090909092,0.5238095238095238,0.01546915416326311,0.029532021584411483,-1.0
2024_07_CIN_CLE,2024,7,2024-10-20,CIN,CLE,35.0,42.0,-108.0,-112.0,total_con_mercado,40.77580257208474,5.775802572084743,5.775802572084743,0,0.0,-1.2241974279152572,1.2241974279152572,0.5293192437715912,0.47068075622840877,UNDER,0.47068075622840877,True,-112.0,1.8928571428571428,0.5283018867924528,-0.057621130564044054,-0.1090685685676549,0.8928571428571428
2024_07_DET_MIN,2024,7,2024-10-20,DET,MIN,60.0,50.5,-108.0,-112.0,total_con_mercado,47.20385194942537,-12.79614805057463,12.79614805057463,1,0.0,-3.2961480505746295,3.2961480505746295,0.516782247591824,0.483217752408176,UNDER,0.483217752408176,False,-112.0,1.8928571428571428,0.5283018867924528,-0.04508413438427683,-0.08533782579880977,-1.0
2024_07_HOU_GB,2024,7,2024-10-20,HOU,GB,46.0,48.0,-112.0,-108.0,total_con_mercado,50.94280397937135,4.942803979371348,4.942803979371348,0,0.0,2.942803979371348,2.942803979371348,0.554405469847644,0.44559453015235595,OVER,0.554405469847644,False,-112.0,1.8928571428571428,0.5283018867924528,0.026103583055191226,0.04941035364018331,-1.0
2024_07_KC_SF,2024,7,2024-10-20,KC,SF,46.0,47.5,-110.0,-110.0,total_con_mercado,46.29452355288105,0.2945235528810528,0.2945235528810528,0,0.0,-1.2054764471189472,1.2054764471189472,0.5294323764383733,0.47056762356162674,UNDER,0.47056762356162674,True,-110.0,1.9090909090909092,0.5238095238095238,-0.0532419002478971,-0.10164362774598523,0.9090909090909092
2024_07_LV_LA,2024,7,2024-10-20,LV,LA,35.0,43.0,-115.0,-105.0,total_con_mercado,46.60093278968163,11.600932789681629,11.600932789681629,0,0.0,3.6009327896816288,3.6009327896816288,0.5583456230711987,0.4416543769288013,OVER,0.5583456230711987,False,-115.0,1.8695652173913042,0.5348837209302326,0.023461902140966107,0.04386355617658877,-1.0
2024_07_MIA_IND,2024,7,2024-10-20,MIA,IND,26.0,44.0,-112.0,-108.0,total_con_mercado,44.90983073391857,18.909830733918568,18.909830733918568,0,0.0,0.9098307339185681,0.9098307339185681,0.5421931381540346,0.4578068618459654,OVER,0.5421931381540346,False,-112.0,1.8928571428571428,0.5283018867924528,0.013891251361581758,0.026294154362993982,-1.0
2024_07_NE_JAX,2024,7,2024-10-20,NE,JAX,48.0,42.0,-112.0,-108.0,total_con_mercado,42.44366569628223,-5.556334303717769,5.556334303717769,1,0.0,0.4436656962822312,0.4436656962822312,0.5393851212225423,0.46061487877745766,OVER,0.5393851212225423,True,-112.0,1.8928571428571428,0.5283018867924528,0.011083234430089517,0.020978979456955038,0.8928571428571428
2024_07_NYJ_PIT,2024,7,2024-10-20,NYJ,PIT,52.0,40.0,-110.0,-110.0,total_con_mercado,41.83291177770446,-10.16708822229554,10.16708822229554,1,0.0,1.8329117777044601,1.8329117777044601,0.5477453882329375,0.4522546117670625,OVER,0.5477453882329375,True,-110.0,1.9090909090909092,0.5238095238095238,0.023935864423413666,0.045695741171971616,0.9090909090909092
2024_07_PHI_NYG,2024,7,2024-10-20,PHI,NYG,31.0,42.0,-110.0,-110.0,total_con_mercado,45.48454888221013,14.484548882210134,14.484548882210134,0,0.0,3.4845488822101274,3.4845488822101274,0.5576493638985466,0.4423506361014534,OVER,0.5576493638985466,False,-110.0,1.9090909090909092,0.5238095238095238,0.033839840089022744,0.06460333107904348,-1.0
2024_07_SEA_ATL,2024,7,2024-10-20,SEA,ATL,48.0,51.5,-110.0,-110.0,total_con_mercado,53.22524047504792,5.225240475047919,5.225240475047919,0,0.0,1.7252404750479187,1.7252404750479187,0.5470983399294324,0.45290166007056765,OVER,0.5470983399294324,False,-110.0,1.9090909090909092,0.5238095238095238,0.023288816119908518,0.04446046713800733,-1.0
2024_07_TEN_BUF,2024,7,2024-10-20,TEN,BUF,44.0,41.0,-112.0,-108.0,total_con_mercado,44.456560478525645,0.4565604785256454,0.4565604785256454,1,0.0,3.4565604785256454,3.4565604785256454,0.5574818911809417,0.4425181088190583,OVER,0.5574818911809417,True,-112.0,1.8928571428571428,0.5283018867924528,0.02918000438848889,0.05523357973535403,0.8928571428571428
2024_07_BAL_TB,2024,7,2024-10-21,BAL,TB,72.0,51.0,-110.0,-110.0,total_con_mercado,52.78955259016576,-19.210447409834245,19.210447409834245,1,0.0,1.789552590165762,1.789552590165762,0.5474848414418892,0.45251515855811075,OVER,0.5474848414418892,True,-110.0,1.9090909090909092,0.5238095238095238,0.02367531763236541,0.045198333661788714,0.9090909090909092
2024_07_LAC_ARI,2024,7,2024-10-21,LAC,ARI,32.0,44.0,-112.0,-108.0,total_con_mercado,43.18703615187024,11.187036151870238,11.187036151870238,0,0.0,-0.8129638481297619,0.8129638481297619,0.5318036533366354,0.4681963466633646,UNDER,0.4681963466633646,True,-108.0,1.925925925925926,0.5192307692307692,-0.051034422567404536,-0.09828851753722367,0.925925925925926
2024_08_MIN_LA,2024,8,2024-10-24,MIN,LA,50.0,47.5,-110.0,-110.0,total_con_mercado,53.03941401442377,3.0394140144237696,3.0394140144237696,1,0.0,5.53941401442377,5.53941401442377,0.5699067119959087,0.4300932880040913,OVER,0.5699067119959087,True,-110.0,1.9090909090909092,0.5238095238095238,0.04609718818638486,0.08800372290128022,0.9090909090909092
2024_08_ARI_MIA,2024,8,2024-10-27,ARI,MIA,55.0,46.5,-110.0,-110.0,total_con_mercado,46.910520880131415,-8.089479119868585,8.089479119868585,1,0.0,0.41052088013141486,0.41052088013141486,0.5391853709603662,0.46081462903963377,OVER,0.5391853709603662,True,-110.0,1.9090909090909092,0.5238095238095238,0.015375847150842392,0.029353890015244577,0.9090909090909092
2024_08_ATL_TB,2024,8,2024-10-27,ATL,TB,57.0,47.0,-112.0,-108.0,total_con_mercado,44.66335329221351,-12.336646707786493,12.336646707786493,1,0.0,-2.3366467077864925,2.3366467077864925,0.52259160308269,0.47740839691730996,UNDER,0.47740839691730996,False,-108.0,1.925925925925926,0.5192307692307692,-0.0418223723134592,-0.08054679112221774,-1.0
2024_08_BAL_CLE,2024,8,2024-10-27,BAL,CLE,53.0,44.5,-115.0,-105.0,total_con_mercado,40.319918170018525,-12.680081829981477,12.680081829981477,1,0.0,-4.180081829981475,4.180081829981475,0.5114263662893548,0.4885736337106452,UNDER,0.4885736337106452,False,-105.0,1.9523809523809523,0.5121951219512195,-0.023621488240574307,-0.046118143707787884,-1.0
2024_08_BUF_SEA,2024,8,2024-10-27,BUF,SEA,41.0,45.5,-115.0,-105.0,total_con_mercado,44.5415779434548,3.5415779434548043,3.5415779434548043,0,0.0,-0.9584220565452028,0.9584220565452028,0.5309250619396277,0.46907493806037226,UNDER,0.46907493806037226,True,-105.0,1.9523809523809523,0.5121951219512195,-0.04312018389084726,-0.08418702569165415,0.9523809523809523
2024_08_CAR_DEN,2024,8,2024-10-27,CAR,DEN,42.0,40.5,-108.0,-112.0,total_con_mercado,39.40480048731133,-2.5951995126886658,2.5951995126886658,1,0.0,-1.0951995126886729,1.0951995126886729,0.530098728683901,0.46990127131609905,UNDER,0.46990127131609905,False,-112.0,1.8928571428571428,0.5283018867924528,-0.05840061547635378,-0.1105440221516697,-1.0
2024_08_CHI_WAS,2024,8,2024-10-27,CHI,WAS,33.0,46.5,-112.0,-108.0,total_con_mercado,48.91782782848306,15.917827828483064,15.917827828483064,0,0.0,2.4178278284830625,2.4178278284830625,0.5512575538840518,0.44874244611594816,OVER,0.5512575538840518,False,-112.0,1.8928571428571428,0.5283018867924528,0.02295566709159902,0.04345179842338376,-1.0
2024_08_DAL_SF,2024,8,2024-10-27,DAL,SF,54.0,48.0,-110.0,-110.0,total_con_mercado,49.82889354124036,-4.171106458759638,4.171106458759638,1,0.0,1.8288935412403617,1.8288935412403617,0.5477212436151241,0.4522787563848759,OVER,0.5477212436151241,True,-110.0,1.9090909090909092,0.5238095238095238,0.02391171980560025,0.04564964690160056,0.9090909090909092
2024_08_GB_JAX,2024,8,2024-10-27,GB,JAX,57.0,49.0,-108.0,-112.0,total_con_mercado,49.07335087108357,-7.926649128916431,7.926649128916431,1,0.0,0.0733508710835693,0.0733508710835693,0.5371526808812344,0.46284731911876564,OVER,0.5371526808812344,True,-108.0,1.925925925925926,0.5192307692307692,0.017921911650465194,0.034516274289784654,0.925925925925926
2024_08_IND_HOU,2024,8,2024-10-27,IND,HOU,43.0,45.0,-112.0,-108.0,total_con_mercado,48.46674100398699,5.466741003986989,5.466741003986989,0,0.0,3.4667410039869893,3.4667410039869893,0.5575428093624161,0.44245719063758393,OVER,0.5575428093624161,False,-112.0,1.8928571428571428,0.5283018867924528,0.029240922569963246,0.05534888915028757,-1.0
2024_08_KC_LV,2024,8,2024-10-27,KC,LV,47.0,42.0,-112.0,-108.0,total_con_mercado,40.00858406580694,-6.991415934193057,6.991415934193057,1,0.0,-1.991415934193057,1.991415934193057,0.5246804104112635,0.47531958958873655,UNDER,0.47531958958873655,False,-108.0,1.925925925925926,0.5192307692307692,-0.043911179642032616,-0.08456967931058146,-1.0
2024_08_NO_LAC,2024,8,2024-10-27,NO,LAC,34.0,41.5,-112.0,-108.0,total_con_mercado,43.73302139447714,9.733021394477142,9.733021394477142,0,0.0,2.2330213944771415,2.2330213944771415,0.5501484072781663,0.4498515927218337,OVER,0.5501484072781663,False,-112.0,1.8928571428571428,0.5283018867924528,0.02184652048571345,0.041352342347957594,-1.0
2024_08_NYJ_NE,2024,8,2024-10-27,NYJ,NE,47.0,41.0,-110.0,-110.0,total_con_mercado,37.03981999739233,-9.960180002607672,9.960180002607672,1,0.0,-3.9601800026076717,3.9601800026076717,0.5127590760266691,0.48724092397333085,UNDER,0.48724092397333085,False,-110.0,1.9090909090909092,0.5238095238095238,-0.03656859983619298,-0.06981278150545922,-1.0
2024_08_PHI_CIN,2024,8,2024-10-27,PHI,CIN,54.0,47.5,-112.0,-108.0,total_con_mercado,48.94829667047191,-5.051703329528095,5.051703329528095,1,0.0,1.4482966704719118,1.4482966704719118,0.545433326092058,0.45456667390794203,OVER,0.545433326092058,True,-112.0,1.8928571428571428,0.5283018867924528,0.017131439299605145,0.03242736724568118,0.8928571428571428
2024_08_TEN_DET,2024,8,2024-10-27,TEN,DET,66.0,45.0,-112.0,-108.0,total_con_mercado,45.71877212618804,-20.281227873811964,20.281227873811964,1,0.0,0.7187721261880426,0.7187721261880426,0.5410425810840662,0.4589574189159338,OVER,0.5410425810840662,True,-112.0,1.8928571428571428,0.5283018867924528,0.012740694291613397,0.024116314194839505,0.8928571428571428
2024_08_NYG_PIT,2024,8,2024-10-28,NYG,PIT,44.0,37.5,-110.0,-110.0,total_con_mercado,38.97251593456789,-5.0274840654321125,5.0274840654321125,1,0.0,1.4725159345678875,1.4725159345678875,0.5455789758247891,0.4544210241752109,OVER,0.5455789758247891,True,-110.0,1.9090909090909092,0.5238095238095238,0.021769452015265256,0.04155986293823366,0.9090909090909092
2024_09_HOU_NYJ,2024,9,2024-10-31,HOU,NYJ,34.0,43.5,-115.0,-105.0,total_con_mercado,42.81033476860068,8.810334768600683,8.810334768600683,0,0.0,-0.6896652313993172,0.6896652313993172,0.532548242997445,0.46745175700255504,UNDER,0.46745175700255504,True,-105.0,1.9523809523809523,0.5121951219512195,-0.04474336494866449,-0.0873560934712021,0.9523809523809523
2024_09_CHI_ARI,2024,9,2024-11-03,CHI,ARI,38.0,44.5,-110.0,-110.0,total_con_mercado,43.43107986644572,5.431079866445721,5.431079866445721,0,0.0,-1.068920133554279,1.068920133554279,0.5302575070127257,0.46974249298727433,UNDER,0.46974249298727433,True,-110.0,1.9090909090909092,0.5238095238095238,-0.05406703082224951,-0.10321887702429444,0.9090909090909092
2024_09_DAL_ATL,2024,9,2024-11-03,DAL,ATL,48.0,52.0,-108.0,-112.0,total_con_mercado,53.64721488479235,5.647214884792348,5.647214884792348,0,0.0,1.6472148847923478,1.6472148847923478,0.5466293472682121,0.4533706527317879,OVER,0.5466293472682121,False,-108.0,1.925925925925926,0.5192307692307692,0.027398578037442944,0.05276763177581589,-1.0
2024_09_DEN_BAL,2024,9,2024-11-03,DEN,BAL,51.0,46.5,-110.0,-110.0,total_con_mercado,50.6358522453089,-0.3641477546910963,0.3641477546910963,1,0.0,4.135852245308897,4.135852245308897,0.5615427538230053,0.43845724617699466,OVER,0.5615427538230053,True,-110.0,1.9090909090909092,0.5238095238095238,0.0377332300134815,0.07203616638937382,0.9090909090909092
2024_09_DET_GB,2024,9,2024-11-03,DET,GB,38.0,47.5,-112.0,-108.0,total_con_mercado,48.65419917445784,10.654199174457837,10.654199174457837,0,0.0,1.1541991744578368,1.1541991744578368,0.5436640703338487,0.45633592966615133,OVER,0.5436640703338487,False,-112.0,1.8928571428571428,0.5283018867924528,0.015362183541395846,0.029078418846213427,-1.0
2024_09_IND_MIN,2024,9,2024-11-03,IND,MIN,34.0,47.0,-110.0,-110.0,total_con_mercado,51.943457023618016,17.943457023618016,17.943457023618016,0,0.0,4.943457023618016,4.943457023618016,0.5663599342826446,0.43364006571735536,OVER,0.5663599342826446,False,-110.0,1.9090909090909092,0.5238095238095238,0.0425504104731208,0.08123260181232173,-1.0
2024_09_JAX_PHI,2024,9,2024-11-03,JAX,PHI,51.0,46.0,-110.0,-110.0,total_con_mercado,45.59421919372908,-5.405780806270919,5.405780806270919,1,0.0,-0.4057808062709185,0.4057808062709185,0.5342620399583446,0.46573796004165535,UNDER,0.46573796004165535,False,-110.0,1.9090909090909092,0.5238095238095238,-0.058071563767868484,-0.1108638944659307,-1.0
2024_09_LAC_CLE,2024,9,2024-11-03,LAC,CLE,37.0,42.5,-112.0,-108.0,total_con_mercado,40.794051979678684,3.794051979678685,3.794051979678685,0,0.0,-1.7059480203213155,1.7059480203213155,0.5264069757064939,0.47359302429350614,UNDER,0.47359302429350614,True,-108.0,1.925925925925926,0.5192307692307692,-0.045637744937263025,-0.08789491617546963,0.925925925925926
2024_09_LA_SEA,2024,9,2024-11-03,LA,SEA,46.0,48.5,-110.0,-110.0,total_con_mercado,46.41714997255727,0.4171499725572687,0.4171499725572687,0,0.0,-2.0828500274427313,2.0828500274427313,0.5241272725191063,0.4758727274808937,UNDER,0.4758727274808937,True,-110.0,1.9090909090909092,0.5238095238095238,-0.04793679632863013,-0.09151570208193016,0.9090909090909092
2024_09_LV_CIN,2024,9,2024-11-03,LV,CIN,65.0,45.0,-112.0,-108.0,total_con_mercado,43.713982313414114,-21.28601768658589,21.28601768658589,1,0.0,-1.286017686585886,1.286017686585886,0.5289456367353002,0.47105436326469985,UNDER,0.47105436326469985,False,-108.0,1.925925925925926,0.5192307692307692,-0.04817640596606931,-0.09278418926798537,-1.0
2024_09_MIA_BUF,2024,9,2024-11-03,MIA,BUF,57.0,49.0,-112.0,-108.0,total_con_mercado,51.3976578385488,-5.602342161451205,5.602342161451205,1,0.0,2.3976578385488025,2.3976578385488025,0.5511365249080133,0.44886347509198665,OVER,0.5511365249080133,True,-112.0,1.8928571428571428,0.5283018867924528,0.022834638115560524,0.043222707861596765,0.8928571428571428
2024_09_NE_TEN,2024,9,2024-11-03,NE,TEN,37.0,38.5,-110.0,-110.0,total_con_mercado,40.917370748435125,3.917370748435125,3.917370748435125,0,0.0,2.4173707484351254,2.4173707484351254,0.5512548112661524,0.4487451887338476,OVER,0.5512548112661524,False,-110.0,1.9090909090909092,0.5238095238095238,0.027445287456628553,0.05239554878083652,-1.0
2024_09_NO_CAR,2024,9,2024-11-03,NO,CAR,45.0,43.5,-112.0,-108.0,total_con_mercado,43.87300991868519,-1.1269900813148157,1.1269900813148157,1,0.0,0.3730099186851916,0.3730099186851916,0.5389592925458377,0.46104070745416226,OVER,0.5389592925458377,True,-112.0,1.8928571428571428,0.5283018867924528,0.010657405753384919,0.020172946604621433,0.8928571428571428
2024_09_WAS_NYG,2024,9,2024-11-03,WAS,NYG,49.0,44.5,-110.0,-110.0,total_con_mercado,54.8347494766973,5.834749476697304,5.834749476697304,1,0.0,10.334749476697297,10.334749476697297,0.5981557793283963,0.40184422067160375,OVER,0.5981557793283963,True,-110.0,1.9090909090909092,0.5238095238095238,0.07434625551887242,0.14193376053602935,0.9090909090909092
2024_09_TB_KC,2024,9,2024-11-04,TB,KC,54.0,45.5,-112.0,-108.0,total_con_mercado,45.6632064051365,-8.3367935948635,8.3367935948635,1,0.0,0.1632064051364992,0.1632064051364992,0.5376945146677831,0.46230548533221694,OVER,0.5376945146677831,True,-112.0,1.8928571428571428,0.5283018867924528,0.00939262787533024,0.017778902764017834,0.8928571428571428
2024_10_CIN_BAL,2024,10,2024-11-07,CIN,BAL,69.0,53.0,-112.0,-108.0,total_con_mercado,52.95950691235688,-16.04049308764312,16.04049308764312,1,0.0,-0.04049308764312087,0.04049308764312087,0.5364660697151172,0.46353393028488277,UNDER,0.46353393028488277,False,-108.0,1.925925925925926,0.5192307692307692,-0.055696838945886395,-0.10726798611800348,-1.0
2024_10_ATL_NO,2024,10,2024-11-10,ATL,NO,37.0,46.5,-108.0,-112.0,total_con_mercado,46.36012017759382,9.36012017759382,9.36012017759382,0,0.0,-0.13987982240617924,0.13987982240617924,0.535866539229146,0.46413346077085404,UNDER,0.46413346077085404,True,-112.0,1.8928571428571428,0.5283018867924528,-0.06416842602159878,-0.12146166354088339,0.8928571428571428
2024_10_BUF_IND,2024,10,2024-11-10,BUF,IND,50.0,46.5,-112.0,-108.0,total_con_mercado,46.17490667364466,-3.825093326355344,3.825093326355344,1,0.0,-0.3250933263553435,0.3250933263553435,0.5347490006848314,0.46525099931516856,UNDER,0.46525099931516856,False,-108.0,1.925925925925926,0.5192307692307692,-0.053979769915600606,-0.10396103835597159,-1.0
2024_10_DEN_KC,2024,10,2024-11-10,DEN,KC,30.0,42.5,-110.0,-110.0,total_con_mercado,44.2435356865488,14.243535686548803,14.243535686548803,0,0.0,1.7435356865488032,1.7435356865488032,0.5472082958832574,0.45279170411674263,OVER,0.5472082958832574,False,-110.0,1.9090909090909092,0.5238095238095238,0.02339877207373353,0.044670383049854934,-1.0
2024_10_MIN_JAX,2024,10,2024-11-10,MIN,JAX,19.0,42.5,-112.0,-108.0,total_con_mercado,37.018737606521256,18.018737606521256,18.018737606521256,0,0.0,-5.481262393478744,5.481262393478744,0.503537903423836,0.496462096576164,UNDER,0.496462096576164,True,-108.0,1.925925925925926,0.5192307692307692,-0.022768672654605138,-0.04385077696442474,0.925925925925926
2024_10_NE_CHI,2024,10,2024-11-10,NE,CHI,22.0,37.5,-108.0,-112.0,total_con_mercado,39.5415430176818,17.541543017681803,17.541543017681803,0,0.0,2.0415430176818035,2.0415430176818035,0.5489986919149041,0.45100130808509586,OVER,0.5489986919149041,False,-108.0,1.925925925925926,0.5192307692307692,0.029767922684134973,0.057330814058333956,-1.0
2024_10_NYG_CAR,2024,10,2024-11-10,NYG,CAR,37.0,40.5,-105.0,-115.0,total_con_mercado,39.23591320793648,2.235913207936484,2.235913207936484,0,0.0,-1.264086792063523,1.264086792063523,0.5290781785184311,0.4709218214815689,UNDER,0.4709218214815689,True,-115.0,1.8695652173913042,0.5348837209302326,-0.0639618994486637,-0.11958094244750161,0.8695652173913042
2024_10_NYJ_ARI,2024,10,2024-11-10,NYJ,ARI,37.0,45.5,-112.0,-108.0,total_con_mercado,41.30223421339136,4.302234213391358,4.302234213391358,0,0.0,-4.197765786608642,4.197765786608642,0.511319185785674,0.48868081421432596,UNDER,0.48868081421432596,True,-108.0,1.925925925925926,0.5192307692307692,-0.030549955016443198,-0.058836950402038846,0.925925925925926
2024_10_PHI_DAL,2024,10,2024-11-10,PHI,DAL,40.0,44.5,-110.0,-110.0,total_con_mercado,41.21924748178361,1.2192474817836114,1.2192474817836114,0,0.0,-3.2807525182163886,3.2807525182163886,0.5168755007484933,0.4831244992515067,UNDER,0.4831244992515067,True,-110.0,1.9090909090909092,0.5238095238095238,-0.04068502455801715,-0.07767141051985083,0.9090909090909092
2024_10_PIT_WAS,2024,10,2024-11-10,PIT,WAS,55.0,45.0,-112.0,-108.0,total_con_mercado,46.94970687319963,-8.05029312680037,8.05029312680037,1,0.0,1.9497068731996308,1.9497068731996308,0.5484470832623692,0.45155291673763076,OVER,0.5484470832623692,True,-112.0,1.8928571428571428,0.5283018867924528,0.020145196469916415,0.03813197903234178,0.8928571428571428
2024_10_SF_TB,2024,10,2024-11-10,SF,TB,43.0,50.5,-108.0,-112.0,total_con_mercado,45.56615638068932,2.5661563806893213,2.5661563806893213,0,0.0,-4.933843619310679,4.933843619310679,0.5068570945476981,0.4931429054523019,UNDER,0.4931429054523019,True,-112.0,1.8928571428571428,0.5283018867924528,-0.03515898134015094,-0.0665509289652858,0.8928571428571428
2024_10_TEN_LAC,2024,10,2024-11-10,TEN,LAC,44.0,40.0,-110.0,-110.0,total_con_mercado,46.07157277258887,2.0715727725888726,2.0715727725888726,1,0.0,6.071572772588873,6.071572772588873,0.5730677593526771,0.42693224064732294,OVER,0.5730677593526771,True,-110.0,1.9090909090909092,0.5238095238095238,0.04925823554315323,0.09403844967329267,0.9090909090909092
2024_10_MIA_LA,2024,10,2024-11-11,MIA,LA,38.0,49.5,-112.0,-108.0,total_con_mercado,48.23932312545752,10.239323125457515,10.239323125457515,0,0.0,-1.260676874542483,1.260676874542483,0.5290987863637016,0.47090121363629844,UNDER,0.47090121363629844,True,-108.0,1.925925925925926,0.5192307692307692,-0.04832955559447072,-0.09307914410786966,0.925925925925926
2024_11_WAS_PHI,2024,11,2024-11-14,WAS,PHI,44.0,49.5,-110.0,-110.0,total_con_mercado,47.88816160261613,3.8881616026161296,3.8881616026161296,0,0.0,-1.6118383973838704,1.6118383973838704,0.5269760326006908,0.4730239673993092,UNDER,0.4730239673993092,True,-110.0,1.9090909090909092,0.5238095238095238,-0.05078555641021465,-0.09695424405586428,0.9090909090909092
2024_11_ATL_DEN,2024,11,2024-11-17,ATL,DEN,44.0,44.5,-108.0,-112.0,total_con_mercado,44.350382375215126,0.3503823752151263,0.3503823752151263,0,0.0,-0.14961762478487373,0.14961762478487373,0.5358077922901237,0.46419220770987635,UNDER,0.46419220770987635,True,-112.0,1.8928571428571428,0.5283018867924528,-0.06410967908257648,-0.12135046397773408,0.8928571428571428
2024_11_BAL_PIT,2024,11,2024-11-17,BAL,PIT,34.0,48.0,-112.0,-108.0,total_con_mercado,51.875495232551735,17.875495232551735,17.875495232551735,0,0.0,3.875495232551735,3.875495232551735,0.5599872616491237,0.4400127383508763,OVER,0.5599872616491237,False,-112.0,1.8928571428571428,0.5283018867924528,0.03168537485667089,0.05997588812155552,-1.0
2024_11_CIN_LAC,2024,11,2024-11-17,CIN,LAC,61.0,48.0,-115.0,-105.0,total_con_mercado,54.46148751935931,-6.538512480640691,6.538512480640691,1,0.0,6.461487519359309,6.461487519359309,0.5753801032512873,0.4246198967487127,OVER,0.5753801032512873,True,-115.0,1.8695652173913042,0.5348837209302326,0.04049638232105468,0.07571062781762405,0.8695652173913042
2024_11_CLE_NO,2024,11,2024-11-17,CLE,NO,49.0,44.0,-110.0,-110.0,total_con_mercado,45.81524797269265,-3.184752027307347,3.184752027307347,1,0.0,1.815247972692653,1.815247972692653,0.5476392489953067,0.4523607510046933,OVER,0.5476392489953067,True,-110.0,1.9090909090909092,0.5238095238095238,0.023829725185782857,0.04549311171831283,0.9090909090909092
2024_11_GB_CHI,2024,11,2024-11-17,GB,CHI,39.0,41.0,-112.0,-108.0,total_con_mercado,45.25275675173735,6.252756751737351,6.252756751737351,0,0.0,4.252756751737351,4.252756751737351,0.5622408035276547,0.4377591964723453,OVER,0.5622408035276547,False,-112.0,1.8928571428571428,0.5283018867924528,0.033938916735201885,0.06424152096306068,-1.0
2024_11_IND_NYJ,2024,11,2024-11-17,IND,NYJ,55.0,43.0,-110.0,-110.0,total_con_mercado,46.90640011433883,-8.09359988566117,8.09359988566117,1,0.0,3.9064001143388296,3.9064001143388296,0.5601719638307256,0.43982803616927435,OVER,0.5601719638307256,True,-110.0,1.9090909090909092,0.5238095238095238,0.036362440021201814,0.06941920367683996,0.9090909090909092
2024_11_JAX_DET,2024,11,2024-11-17,JAX,DET,58.0,47.5,-110.0,-110.0,total_con_mercado,45.56939346090681,-12.43060653909319,12.43060653909319,1,0.0,-1.9306065390931906,1.9306065390931906,0.5250482482891147,0.47495175171088533,UNDER,0.47495175171088533,False,-110.0,1.9090909090909092,0.5238095238095238,-0.04885777209863851,-0.09327392855194616,-1.0
2024_11_KC_BUF,2024,11,2024-11-17,KC,BUF,51.0,46.5,-112.0,-108.0,total_con_mercado,47.85264796313654,-3.1473520368634595,3.1473520368634595,1,0.0,1.3526479631365405,1.3526479631365405,0.5448580384514399,0.4551419615485601,OVER,0.5448580384514399,True,-112.0,1.8928571428571428,0.5283018867924528,0.01655615165898705,0.031338429925939826,0.8928571428571428
2024_11_LA_NE,2024,11,2024-11-17,LA,NE,50.0,42.5,-108.0,-112.0,total_con_mercado,41.02682333392407,-8.97317666607593,8.97317666607593,1,0.0,-1.4731766660759291,1.4731766660759291,0.527814356615177,0.47218564338482305,UNDER,0.47218564338482305,False,-112.0,1.8928571428571428,0.5283018867924528,-0.05611624340762977,-0.10622003216444209,-1.0
2024_11_LV_MIA,2024,11,2024-11-17,LV,MIA,53.0,43.5,-108.0,-112.0,total_con_mercado,46.14910644745214,-6.850893552547859,6.850893552547859,1,0.0,2.649106447452141,2.649106447452141,0.5526448918711202,0.4473551081288798,OVER,0.5526448918711202,True,-108.0,1.925925925925926,0.5192307692307692,0.03341412264035104,0.06435312508512037,0.925925925925926
2024_11_MIN_TEN,2024,11,2024-11-17,MIN,TEN,36.0,40.0,-110.0,-110.0,total_con_mercado,39.90461248534775,3.904612485347748,3.904612485347748,0,0.0,-0.09538751465225204,0.09538751465225204,0.5361349430471416,0.4638650569528584,UNDER,0.4638650569528584,True,-110.0,1.9090909090909092,0.5238095238095238,-0.059944466856665435,-0.11443943672636114,0.9090909090909092
2024_11_SEA_SF,2024,11,2024-11-17,SEA,SF,37.0,49.0,-108.0,-112.0,total_con_mercado,49.43715577841184,12.437155778411835,12.437155778411835,0,0.0,0.4371557784118423,0.4371557784118423,0.5393458896040948,0.4606541103959052,OVER,0.5393458896040948,False,-108.0,1.925925925925926,0.5192307692307692,0.020115120373325635,0.03874023183010866,-1.0
2024_11_HOU_DAL,2024,11,2024-11-18,HOU,DAL,44.0,41.5,-115.0,-105.0,total_con_mercado,38.787801354230766,-5.212198645769234,5.212198645769234,1,0.0,-2.7121986457692344,2.7121986457692344,0.5203184433192409,0.47968155668075907,UNDER,0.47968155668075907,False,-105.0,1.9523809523809523,0.5121951219512195,-0.032513565270460454,-0.06347886552804183,-1.0
2024_12_PIT_CLE,2024,12,2024-11-21,PIT,CLE,43.0,36.5,-112.0,-108.0,total_con_mercado,34.82900885830768,-8.170991141692319,8.170991141692319,1,0.0,-1.670991141692319,1.670991141692319,0.5266183591261637,0.4733816408738363,UNDER,0.4733816408738363,False,-108.0,1.925925925925926,0.5192307692307692,-0.04584912835693289,-0.08830202498372264,-1.0
2024_12_ARI_SEA,2024,12,2024-11-24,ARI,SEA,22.0,46.5,-112.0,-108.0,total_con_mercado,42.209102130268086,20.20910213026809,20.20910213026809,0,0.0,-4.290897869731914,4.290897869731914,0.510754705595493,0.48924529440450704,UNDER,0.48924529440450704,True,-108.0,1.925925925925926,0.5192307692307692,-0.029985474826262126,-0.05774980336909752,0.925925925925926
2024_12_DAL_WAS,2024,12,2024-11-24,DAL,WAS,60.0,45.0,-110.0,-110.0,total_con_mercado,43.57658052257776,-16.423419477422243,16.423419477422243,1,0.0,-1.423419477422243,1.423419477422243,0.5281151416815714,0.47188485831842863,UNDER,0.47188485831842863,False,-110.0,1.9090909090909092,0.5238095238095238,-0.0519246654910952,-0.09912890684663622,-1.0
2024_12_DEN_LV,2024,12,2024-11-24,DEN,LV,48.0,41.5,-112.0,-108.0,total_con_mercado,36.49159555195437,-11.508404448045631,11.508404448045631,1,0.0,-5.008404448045631,5.008404448045631,0.5064050352523671,0.49359496474763287,UNDER,0.49359496474763287,False,-108.0,1.925925925925926,0.5192307692307692,-0.025635804483136293,-0.04937266048604039,-1.0
2024_12_DET_IND,2024,12,2024-11-24,DET,IND,30.0,50.5,-110.0,-110.0,total_con_mercado,50.76299588843445,20.762995888434453,20.762995888434453,0,0.0,0.2629958884344532,0.2629958884344532,0.5382961463267733,0.46170385367322675,OVER,0.5382961463267733,False,-110.0,1.9090909090909092,0.5238095238095238,0.014486622517249415,0.02765627935111259,-1.0
2024_12_KC_CAR,2024,12,2024-11-24,KC,CAR,57.0,43.0,-110.0,-110.0,total_con_mercado,40.05734636523987,-16.942653634760127,16.942653634760127,1,0.0,-2.942653634760127,2.942653634760127,0.518923111030933,0.481076888969067,UNDER,0.481076888969067,False,-110.0,1.9090909090909092,0.5238095238095238,-0.04273263484045686,-0.08158048469541757,-1.0
2024_12_MIN_CHI,2024,12,2024-11-24,MIN,CHI,57.0,39.5,-112.0,-108.0,total_con_mercado,40.5679059394173,-16.4320940605827,16.4320940605827,1,0.0,1.067905939417301,1.067905939417301,0.5431447292582338,0.45685527074176624,OVER,0.5431447292582338,True,-112.0,1.8928571428571428,0.5283018867924528,0.014842842465780937,0.02809538038165682,0.8928571428571428
2024_12_NE_MIA,2024,12,2024-11-24,NE,MIA,49.0,46.0,-112.0,-108.0,total_con_mercado,49.3721188568073,0.3721188568072975,0.3721188568072975,1,0.0,3.3721188568072975,3.3721188568072975,0.5569765432972166,0.4430234567027834,OVER,0.5569765432972166,True,-112.0,1.8928571428571428,0.5283018867924528,0.02867465650476375,0.054277028384017045,0.8928571428571428
2024_12_PHI_LA,2024,12,2024-11-24,PHI,LA,57.0,49.0,-112.0,-108.0,total_con_mercado,53.07941660329214,-3.920583396707862,3.920583396707862,1,0.0,4.079416603292138,4.079416603292138,0.5612056830002385,0.43879431699976146,OVER,0.5612056830002385,True,-112.0,1.8928571428571428,0.5283018867924528,0.03290379620778572,0.062282185679022994,0.8928571428571428
2024_12_SF_GB,2024,12,2024-11-24,SF,GB,48.0,44.5,-112.0,-108.0,total_con_mercado,44.24850466216452,-3.751495337835479,3.751495337835479,1,0.0,-0.25149533783547895,0.25149533783547895,0.5351931175606809,0.4648068824393191,UNDER,0.4648068824393191,False,-108.0,1.925925925925926,0.5192307692307692,-0.05442388679145005,-0.10481637456131132,-1.0
2024_12_TB_NYG,2024,12,2024-11-24,TB,NYG,37.0,40.5,-110.0,-110.0,total_con_mercado,34.4091477059124,-2.590852294087597,2.590852294087597,0,0.0,-6.090852294087597,6.090852294087597,0.4998413930911069,0.500158606908893,UNDER,0.500158606908893,True,-110.0,1.9090909090909092,0.5238095238095238,-0.023650916900630814,-0.045151750446658756,0.9090909090909092
2024_12_TEN_HOU,2024,12,2024-11-24,TEN,HOU,59.0,40.5,-108.0,-112.0,total_con_mercado,39.98859000949328,-19.01140999050672,19.01140999050672,1,0.0,-0.5114099905067206,0.5114099905067206,0.5336244538307344,0.4663755461692656,UNDER,0.4663755461692656,False,-112.0,1.8928571428571428,0.5283018867924528,-0.06192634062318725,-0.11721771617960453,-1.0
2024_12_BAL_LAC,2024,12,2024-11-25,BAL,LAC,53.0,51.0,-108.0,-112.0,total_con_mercado,53.51437718402366,0.5143771840236582,0.5143771840236582,1,0.0,2.514377184023658,2.514377184023658,0.55183680895699,0.44816319104300995,OVER,0.55183680895699,True,-108.0,1.925925925925926,0.5192307692307692,0.03260603972622089,0.06279681725049935,0.925925925925926
2024_13_CHI_DET,2024,13,2024-11-28,CHI,DET,43.0,47.5,-120.0,100.0,total_con_mercado,45.73678073005741,2.7367807300574114,2.7367807300574114,0,0.0,-1.7632192699425886,1.7632192699425886,0.5260606373878157,0.4739393626121843,UNDER,0.4739393626121843,True,100.0,2.0,0.5,-0.02606063738781572,-0.05212127477563144,1.0
2024_13_MIA_GB,2024,13,2024-11-28,MIA,GB,47.0,47.5,-110.0,-110.0,total_con_mercado,48.365463939755,1.3654639397549957,1.3654639397549957,0,0.0,0.8654639397550028,0.8654639397550028,0.5419260004848373,0.4580739995151627,OVER,0.5419260004848373,False,-110.0,1.9090909090909092,0.5238095238095238,0.018116476675313464,0.03458600092559849,-1.0
2024_13_NYG_DAL,2024,13,2024-11-28,NYG,DAL,47.0,39.0,-110.0,-110.0,total_con_mercado,45.00984728895241,-1.9901527110475925,1.9901527110475925,1,0.0,6.0098472889524075,6.0098472889524075,0.5727014078705042,0.42729859212949584,OVER,0.5727014078705042,True,-110.0,1.9090909090909092,0.5238095238095238,0.04889188406098033,0.09333905138914433,0.9090909090909092
2024_13_LV_KC,2024,13,2024-11-29,LV,KC,36.0,42.0,-112.0,-108.0,total_con_mercado,41.48487238427533,5.484872384275334,5.484872384275334,0,0.0,-0.5151276157246727,0.5151276157246727,0.5336020119367569,0.46639798806324306,UNDER,0.46639798806324306,True,-108.0,1.925925925925926,0.5192307692307692,-0.0528327811675261,-0.10175202298930963,0.925925925925926
2024_13_ARI_MIN,2024,13,2024-12-01,ARI,MIN,45.0,45.5,-108.0,-112.0,total_con_mercado,52.898987951092174,7.898987951092174,7.898987951092174,0,0.0,7.398987951092174,7.398987951092174,0.5809261720829356,0.4190738279170644,OVER,0.5809261720829356,False,-108.0,1.925925925925926,0.5192307692307692,0.06169540285216646,0.11882077586343165,-1.0
2024_13_HOU_JAX,2024,13,2024-12-01,HOU,JAX,43.0,44.5,-112.0,-108.0,total_con_mercado,44.36080583297597,1.36080583297597,1.36080583297597,0,0.0,-0.13919416702402998,0.13919416702402998,0.5358706756644808,0.46412932433551923,UNDER,0.46412932433551923,True,-108.0,1.925925925925926,0.5192307692307692,-0.05510144489524993,-0.10612130127974073,0.925925925925926
2024_13_IND_NE,2024,13,2024-12-01,IND,NE,49.0,41.5,-110.0,-110.0,total_con_mercado,42.139167635965975,-6.8608323640340245,6.8608323640340245,1,0.0,0.6391676359659755,0.6391676359659755,0.5405630720647709,0.45943692793522906,OVER,0.5405630720647709,True,-110.0,1.9090909090909092,0.5238095238095238,0.016753548255247108,0.031984046669108146,0.9090909090909092
2024_13_LAC_ATL,2024,13,2024-12-01,LAC,ATL,30.0,47.0,-110.0,-110.0,total_con_mercado,47.0327649128798,17.0327649128798,17.0327649128798,0,0.0,0.03276491287979866,0.03276491287979866,0.5369079164855879,0.4630920835144121,OVER,0.5369079164855879,False,-110.0,1.9090909090909092,0.5238095238095238,0.013098392676064052,0.025006022381576898,-1.0
2024_13_LA_NO,2024,13,2024-12-01,LA,NO,35.0,48.5,-112.0,-108.0,total_con_mercado,52.22308408424319,17.22308408424319,17.22308408424319,0,0.0,3.7230840842431903,3.7230840842431903,0.5590761385627051,0.4409238614372949,OVER,0.5590761385627051,False,-112.0,1.8928571428571428,0.5283018867924528,0.03077425177025228,0.058251262279406024,-1.0
2024_13_PHI_BAL,2024,13,2024-12-01,PHI,BAL,43.0,50.0,-110.0,-110.0,total_con_mercado,47.72215656527525,4.722156565275249,4.722156565275249,0,0.0,-2.277843434724751,2.277843434724751,0.5229474481936207,0.4770525518063793,UNDER,0.4770525518063793,True,-110.0,1.9090909090909092,0.5238095238095238,-0.04675697200314455,-0.0892633101878213,0.9090909090909092
2024_13_PIT_CIN,2024,13,2024-12-01,PIT,CIN,82.0,46.0,-112.0,-108.0,total_con_mercado,43.2193384604116,-38.7806615395884,38.7806615395884,1,0.0,-2.780661539588401,2.780661539588401,0.519903954196929,0.48009604580307097,UNDER,0.48009604580307097,False,-108.0,1.925925925925926,0.5192307692307692,-0.03913472342769819,-0.07537057845334472,-1.0
2024_13_SEA_NYJ,2024,13,2024-12-01,SEA,NYJ,47.0,41.5,-110.0,-110.0,total_con_mercado,43.31579372524894,-3.6842062747510624,3.6842062747510624,1,0.0,1.8157937252489376,1.8157937252489376,0.5476425284080331,0.45235747159196693,OVER,0.5476425284080331,True,-110.0,1.9090909090909092,0.5238095238095238,0.023833004598509233,0.04549937241533586,0.9090909090909092
2024_13_TB_CAR,2024,13,2024-12-01,TB,CAR,49.0,46.0,-110.0,-110.0,total_con_mercado,41.16413210654349,-7.835867893456509,7.835867893456509,1,0.0,-4.835867893456509,4.835867893456509,0.5074511002549545,0.49254889974504545,UNDER,0.49254889974504545,False,-110.0,1.9090909090909092,0.5238095238095238,-0.03126062406447838,-0.05967937321400407,-1.0
2024_13_TEN_WAS,2024,13,2024-12-01,TEN,WAS,61.0,45.0,-112.0,-108.0,total_con_mercado,47.55820237650684,-13.44179762349316,13.44179762349316,1,0.0,2.5582023765068413,2.5582023765068413,0.5520996951640615,0.44790030483593846,OVER,0.5520996951640615,True,-112.0,1.8928571428571428,0.5283018867924528,0.02379780837160872,0.04504585156054497,0.8928571428571428
2024_13_CLE_DEN,2024,13,2024-12-02,CLE,DEN,73.0,41.5,-110.0,-110.0,total_con_mercado,46.84548367384073,-26.154516326159268,26.154516326159268,1,0.0,5.345483673840732,5.345483673840732,0.5687533242749319,0.43124667572506814,OVER,0.5687533242749319,True,-110.0,1.9090909090909092,0.5238095238095238,0.044943800465408024,0.08580180088850642,0.9090909090909092
2024_14_GB_DET,2024,14,2024-12-05,GB,DET,65.0,53.0,-110.0,-110.0,total_con_mercado,56.01191701931967,-8.988082980680332,8.988082980680332,1,0.0,3.011917019319668,3.011917019319668,0.554819573187847,0.445180426812153,OVER,0.554819573187847,True,-110.0,1.9090909090909092,0.5238095238095238,0.03101004937832319,0.059201003358617,0.9090909090909092
2024_14_ATL_MIN,2024,14,2024-12-08,ATL,MIN,63.0,46.5,-112.0,-108.0,total_con_mercado,50.73499604903026,-12.265003950969742,12.265003950969742,1,0.0,4.234996049030258,4.234996049030258,0.5621347682171136,0.4378652317828864,OVER,0.5621347682171136,True,-112.0,1.8928571428571428,0.5283018867924528,0.03383288142466079,0.0640408112681079,0.8928571428571428
2024_14_BUF_LA,2024,14,2024-12-08,BUF,LA,86.0,49.5,-112.0,-108.0,total_con_mercado,45.804151474148505,-40.195848525851495,40.195848525851495,1,0.0,-3.6958485258514955,3.6958485258514955,0.5143608088395211,0.48563919116047893,UNDER,0.48563919116047893,False,-108.0,1.925925925925926,0.5192307692307692,-0.03359157807029023,-0.06469489109833682,-1.0
2024_14_CAR_PHI,2024,14,2024-12-08,CAR,PHI,38.0,44.5,-108.0,-112.0,total_con_mercado,41.090412285576,3.090412285576001,3.090412285576001,0,0.0,-3.409587714423999,3.409587714423999,0.5160950901249804,0.48390490987501955,UNDER,0.48390490987501955,True,-112.0,1.8928571428571428,0.5283018867924528,-0.04439697691743327,-0.08403713487942732,0.8928571428571428
2024_14_CHI_SF,2024,14,2024-12-08,CHI,SF,51.0,43.5,-112.0,-108.0,total_con_mercado,42.09139362040513,-8.908606379594872,8.908606379594872,1,0.0,-1.4086063795948718,1.4086063795948718,0.5282046837764969,0.4717953162235031,UNDER,0.4717953162235031,False,-108.0,1.925925925925926,0.5192307692307692,-0.04743545300726604,-0.09135716875473465,-1.0
2024_14_CLE_PIT,2024,14,2024-12-08,CLE,PIT,41.0,43.0,-110.0,-110.0,total_con_mercado,43.67810765279464,2.678107652794644,2.678107652794644,0,0.0,0.6781076527946368,0.6781076527946368,0.5407976422590005,0.4592023577409995,OVER,0.5407976422590005,False,-110.0,1.9090909090909092,0.5238095238095238,0.016988118449476675,0.03243186249445551,-1.0
2024_14_JAX_TEN,2024,14,2024-12-08,JAX,TEN,16.0,40.0,-112.0,-108.0,total_con_mercado,35.42910120522131,19.429101205221308,19.429101205221308,0,0.0,-4.570898794778692,4.570898794778692,0.5090574406402727,0.4909425593597273,UNDER,0.4909425593597273,True,-108.0,1.925925925925926,0.5192307692307692,-0.02828820987104186,-0.05448099678867324,0.925925925925926
2024_14_LAC_KC,2024,14,2024-12-08,LAC,KC,36.0,43.5,-110.0,-110.0,total_con_mercado,43.678646604881095,7.678646604881095,7.678646604881095,0,0.0,0.17864660488109507,0.17864660488109507,0.5377876109892727,0.46221238901072725,OVER,0.5377876109892727,False,-110.0,1.9090909090909092,0.5238095238095238,0.01397808717974891,0.02668543916133892,-1.0
2024_14_LV_TB,2024,14,2024-12-08,LV,TB,41.0,47.0,-108.0,-112.0,total_con_mercado,46.61123044336266,5.611230443362658,5.611230443362658,0,0.0,-0.38876955663734236,0.38876955663734236,0.5343647107987297,0.4656352892012703,UNDER,0.4656352892012703,True,-112.0,1.8928571428571428,0.5283018867924528,-0.06266659759118254,-0.11861891686902415,0.8928571428571428
2024_14_NO_NYG,2024,14,2024-12-08,NO,NYG,25.0,41.0,-110.0,-110.0,total_con_mercado,42.44299335607096,17.442993356070957,17.442993356070957,0,0.0,1.4429933560709571,1.4429933560709571,0.5454014319984075,0.4545985680015925,OVER,0.5454014319984075,False,-110.0,1.9090909090909092,0.5238095238095238,0.02159190818888368,0.04122091563332342,-1.0
2024_14_NYJ_MIA,2024,14,2024-12-08,NYJ,MIA,58.0,45.0,-108.0,-112.0,total_con_mercado,43.958679955458834,-14.041320044541166,14.041320044541166,1,0.0,-1.0413200445411661,1.0413200445411661,0.5304242583915327,0.46957574160846727,UNDER,0.46957574160846727,False,-112.0,1.8928571428571428,0.5283018867924528,-0.058726145183985556,-0.1111602033839727,-1.0
2024_14_SEA_ARI,2024,14,2024-12-08,SEA,ARI,48.0,45.5,-110.0,-110.0,total_con_mercado,43.411842458763765,-4.588157541236235,4.588157541236235,1,0.0,-2.088157541236235,2.088157541236235,0.5240951624570752,0.4759048375429248,UNDER,0.4759048375429248,False,-110.0,1.9090909090909092,0.5238095238095238,-0.04790468626659905,-0.09145440105441627,-1.0
2024_14_CIN_DAL,2024,14,2024-12-09,CIN,DAL,47.0,51.0,-108.0,-112.0,total_con_mercado,47.988011550749725,0.9880115507497252,0.9880115507497252,0,0.0,-3.011988449250275,3.011988449250275,0.5185032518305492,0.48149674816945076,UNDER,0.48149674816945076,True,-112.0,1.8928571428571428,0.5283018867924528,-0.04680513862300206,-0.08859544096496819,0.8928571428571428
2024_15_LA_SF,2024,15,2024-12-12,LA,SF,18.0,48.5,-110.0,-110.0,total_con_mercado,49.38826451075383,31.388264510753828,31.388264510753828,0,0.0,0.8882645107538281,0.8882645107538281,0.542063288416563,0.45793671158343696,OVER,0.542063288416563,False,-110.0,1.9090909090909092,0.5238095238095238,0.018253764607039202,0.034848096067984,-1.0
2024_15_BAL_NYG,2024,15,2024-12-15,BAL,NYG,49.0,43.5,-108.0,-112.0,total_con_mercado,45.537280728257386,-3.462719271742614,3.462719271742614,1,0.0,2.037280728257386,2.037280728257386,0.5489730933665662,0.4510269066334338,OVER,0.5489730933665662,True,-108.0,1.925925925925926,0.5192307692307692,0.029742324135797027,0.057281513150423846,0.925925925925926
2024_15_BUF_DET,2024,15,2024-12-15,BUF,DET,90.0,55.5,-110.0,-110.0,total_con_mercado,55.00859063326211,-34.99140936673789,34.99140936673789,1,0.0,-0.4914093667378907,0.4914093667378907,0.533745187675753,0.46625481232424704,UNDER,0.46625481232424704,False,-110.0,1.9090909090909092,0.5238095238095238,-0.0575547114852768,-0.10987717647189199,-1.0
2024_15_CIN_TEN,2024,15,2024-12-15,CIN,TEN,64.0,46.5,-108.0,-112.0,total_con_mercado,36.322058803831005,-27.677941196168995,27.677941196168995,1,0.0,-10.177941196168995,10.177941196168995,0.4750778473310738,0.5249221526689263,UNDER,0.5249221526689263,False,-112.0,1.8928571428571428,0.5283018867924528,-0.0033797341235265455,-0.0063973538766752824,-1.0
2024_15_DAL_CAR,2024,15,2024-12-15,DAL,CAR,44.0,42.0,-108.0,-112.0,total_con_mercado,39.986165837197134,-4.0138341628028655,4.0138341628028655,1,0.0,-2.0138341628028655,2.0138341628028655,0.5245447950875879,0.4754552049124121,UNDER,0.4754552049124121,False,-112.0,1.8928571428571428,0.5283018867924528,-0.05284668188004071,-0.10003121927293424,-1.0
2024_15_GB_SEA,2024,15,2024-12-15,GB,SEA,43.0,48.0,-110.0,-110.0,total_con_mercado,45.57941658890652,2.5794165889065184,2.5794165889065184,0,0.0,-2.4205834110934816,2.4205834110934816,0.5220836246133572,0.4779163753866428,UNDER,0.4779163753866428,True,-110.0,1.9090909090909092,0.5238095238095238,-0.04589314842288106,-0.08761419244368196,0.9090909090909092
2024_15_IND_DEN,2024,15,2024-12-15,IND,DEN,44.0,43.5,-112.0,-108.0,total_con_mercado,48.34250515427061,4.342505154270604,4.342505154270604,1,0.0,4.8425051542706115,4.8425051542706115,0.5657584452132561,0.43424155478674387,OVER,0.5657584452132561,True,-112.0,1.8928571428571428,0.5283018867924528,0.03745655842080331,0.07089991415366326,0.8928571428571428
2024_15_KC_CLE,2024,15,2024-12-15,KC,CLE,28.0,41.5,-108.0,-112.0,total_con_mercado,39.5690616429021,11.5690616429021,11.5690616429021,0,0.0,-1.9309383570979008,1.9309383570979008,0.5250462411853152,0.4749537588146848,UNDER,0.4749537588146848,True,-112.0,1.8928571428571428,0.5283018867924528,-0.053348127977768,-0.10098038510077523,0.8928571428571428
2024_15_MIA_HOU,2024,15,2024-12-15,MIA,HOU,32.0,46.5,-108.0,-112.0,total_con_mercado,46.26743279190077,14.267432791900774,14.267432791900774,0,0.0,-0.23256720809923337,0.23256720809923337,0.5353073277468452,0.4646926722531548,UNDER,0.4646926722531548,True,-112.0,1.8928571428571428,0.5283018867924528,-0.06360921453929802,-0.12040315609224272,0.8928571428571428
2024_15_NE_ARI,2024,15,2024-12-15,NE,ARI,47.0,46.5,-110.0,-110.0,total_con_mercado,46.64655717463039,-0.353442825369612,0.353442825369612,1,0.0,0.14655717463038798,0.14655717463038798,0.53759412557854,0.46240587442146,OVER,0.53759412557854,True,-110.0,1.9090909090909092,0.5238095238095238,0.013784601769016191,0.026316057922667335,0.9090909090909092
2024_15_NYJ_JAX,2024,15,2024-12-15,NYJ,JAX,57.0,41.5,-108.0,-112.0,total_con_mercado,41.56480650466347,-15.435193495336527,15.435193495336527,1,0.0,0.06480650466347271,0.06480650466347271,0.5371011532951401,0.4628988467048599,OVER,0.5371011532951401,True,-108.0,1.925925925925926,0.5192307692307692,0.017870384064370914,0.03441703597582535,0.925925925925926
2024_15_PIT_PHI,2024,15,2024-12-15,PIT,PHI,40.0,43.0,-110.0,-110.0,total_con_mercado,46.20878314252816,6.208783142528155,6.208783142528155,0,0.0,3.208783142528162,3.208783142528162,0.5559987133103761,0.4440012866896239,OVER,0.5559987133103761,False,-110.0,1.9090909090909092,0.5238095238095238,0.032189189500852255,0.06145208904708177,-1.0
2024_15_TB_LAC,2024,15,2024-12-15,TB,LAC,57.0,46.0,-112.0,-108.0,total_con_mercado,45.40863032686352,-11.591369673136484,11.591369673136484,1,0.0,-0.5913696731364766,0.5913696731364766,0.533141737676029,0.466858262323971,UNDER,0.466858262323971,False,-108.0,1.925925925925926,0.5192307692307692,-0.05237250690679818,-0.10086556885753728,-1.0
2024_15_WAS_NO,2024,15,2024-12-15,WAS,NO,39.0,44.5,-112.0,-108.0,total_con_mercado,38.04042754810522,-0.959572451894779,0.959572451894779,0,0.0,-6.459572451894779,6.459572451894779,0.49760548254011855,0.5023945174598814,UNDER,0.5023945174598814,True,-108.0,1.925925925925926,0.5192307692307692,-0.016836251770887767,-0.0324253737809691,0.925925925925926
2024_15_ATL_LV,2024,15,2024-12-16,ATL,LV,24.0,44.5,-110.0,-110.0,total_con_mercado,39.72495192087378,15.724951920873778,15.724951920873778,0,0.0,-4.775048079126222,4.775048079126222,0.5078198272036464,0.4921801727963536,UNDER,0.4921801727963536,True,-110.0,1.9090909090909092,0.5238095238095238,-0.031629351013170215,-0.06038330647968848,0.9090909090909092
2024_15_CHI_MIN,2024,15,2024-12-16,CHI,MIN,42.0,43.5,-110.0,-110.0,total_con_mercado,44.46198825396527,2.461988253965273,2.461988253965273,0,0.0,0.9619882539652735,0.9619882539652735,0.5425071536635315,0.4574928463364685,OVER,0.5425071536635315,False,-110.0,1.9090909090909092,0.5238095238095238,0.01869762985400769,0.035695475175832936,-1.0
2024_16_DEN_LAC,2024,16,2024-12-19,DEN,LAC,61.0,41.5,-110.0,-110.0,total_con_mercado,40.81177038405235,-20.188229615947648,20.188229615947648,1,0.0,-0.6882296159476482,0.6882296159476482,0.5325569117074518,0.4674430882925482,UNDER,0.4674430882925482,False,-110.0,1.9090909090909092,0.5238095238095238,-0.05636643551697562,-0.10760864962331695,-1.0
2024_16_HOU_KC,2024,16,2024-12-21,HOU,KC,46.0,42.5,-112.0,-108.0,total_con_mercado,43.212184779182095,-2.787815220817905,2.787815220817905,1,0.0,0.7121847791820954,0.7121847791820954,0.5410029041304362,0.45899709586956383,OVER,0.5410029041304362,True,-112.0,1.8928571428571428,0.5283018867924528,0.012701017337983345,0.024041211389754125,0.8928571428571428
2024_16_PIT_BAL,2024,16,2024-12-21,PIT,BAL,51.0,44.5,-108.0,-112.0,total_con_mercado,41.756915658024056,-9.243084341975944,9.243084341975944,1,0.0,-2.743084341975944,2.743084341975944,0.5201314580831229,0.4798685419168771,UNDER,0.4798685419168771,False,-112.0,1.8928571428571428,0.5283018867924528,-0.04843334487557571,-0.09167740280019687,-1.0
2024_16_ARI_CAR,2024,16,2024-12-22,ARI,CAR,66.0,47.0,-110.0,-110.0,total_con_mercado,42.71229515895023,-23.287704841049774,23.287704841049774,1,0.0,-4.2877048410497665,4.2877048410497665,0.5107740592320819,0.48922594076791814,UNDER,0.48922594076791814,False,-110.0,1.9090909090909092,0.5238095238095238,-0.03458358304160569,-0.06602320398851991,-1.0
2024_16_CLE_CIN,2024,16,2024-12-22,CLE,CIN,30.0,46.5,-108.0,-112.0,total_con_mercado,40.34698317811346,10.346983178113462,10.346983178113462,0,0.0,-6.153016821886538,6.153016821886538,0.4994644259392909,0.5005355740607091,UNDER,0.5005355740607091,True,-112.0,1.8928571428571428,0.5283018867924528,-0.02776631273174368,-0.05255766338508627,0.8928571428571428
2024_16_DET_CHI,2024,16,2024-12-22,DET,CHI,51.0,47.5,-110.0,-110.0,total_con_mercado,50.21184518621536,-0.7881548137846437,0.7881548137846437,1,0.0,2.7118451862153634,2.7118451862153634,0.5530210934026093,0.4469789065973907,OVER,0.5530210934026093,True,-110.0,1.9090909090909092,0.5238095238095238,0.029211569593085462,0.055767541950435984,0.9090909090909092
2024_16_JAX_LV,2024,16,2024-12-22,JAX,LV,33.0,41.5,-108.0,-112.0,total_con_mercado,43.66818866793464,10.668188667934643,10.668188667934643,0,0.0,2.1681886679346434,2.1681886679346434,0.5497591841304,0.45024081586959996,OVER,0.5497591841304,False,-108.0,1.925925925925926,0.5192307692307692,0.030528414899630874,0.0587954657326224,-1.0
2024_16_LA_NYJ,2024,16,2024-12-22,LA,NYJ,28.0,47.0,-110.0,-110.0,total_con_mercado,48.317813483235405,20.317813483235405,20.317813483235405,0,0.0,1.3178134832354047,1.3178134832354047,0.5446484935511353,0.4553515064488647,OVER,0.5446484935511353,False,-110.0,1.9090909090909092,0.5238095238095238,0.02083896974161148,0.039783487688531016,-1.0
2024_16_MIN_SEA,2024,16,2024-12-22,MIN,SEA,51.0,43.0,-105.0,-115.0,total_con_mercado,41.9151398743757,-9.084860125624305,9.084860125624305,1,0.0,-1.084860125624303,1.084860125624303,0.5301611993283721,0.46983880067162787,UNDER,0.46983880067162787,False,-115.0,1.8695652173913042,0.5348837209302326,-0.06504492025860475,-0.1216057204834784,-1.0
2024_16_NE_BUF,2024,16,2024-12-22,NE,BUF,45.0,48.0,-110.0,-110.0,total_con_mercado,48.89882778306895,3.8988277830689526,3.8988277830689526,0,0.0,0.8988277830689526,0.8988277830689526,0.5421268903531841,0.45787310964681593,OVER,0.5421268903531841,False,-110.0,1.9090909090909092,0.5238095238095238,0.01831736654366023,0.03496951794698777,-1.0
2024_16_NYG_ATL,2024,16,2024-12-22,NYG,ATL,41.0,42.5,-110.0,-110.0,total_con_mercado,35.4621360192495,-5.537863980750501,5.537863980750501,0,0.0,-7.037863980750501,7.037863980750501,0.494098963015376,0.505901036984624,UNDER,0.505901036984624,True,-110.0,1.9090909090909092,0.5238095238095238,-0.017908486824899872,-0.034188929392990564,0.9090909090909092
2024_16_PHI_WAS,2024,16,2024-12-22,PHI,WAS,69.0,47.0,-110.0,-110.0,total_con_mercado,42.56493830060563,-26.435061699394367,26.435061699394367,1,0.0,-4.4350616993943675,4.4350616993943675,0.5098808647812447,0.4901191352187553,UNDER,0.4901191352187553,False,-110.0,1.9090909090909092,0.5238095238095238,-0.03369038859076856,-0.06431801458237629,-1.0
2024_16_SF_MIA,2024,16,2024-12-22,SF,MIA,46.0,44.0,-112.0,-108.0,total_con_mercado,45.692693326658926,-0.3073066733410741,0.3073066733410741,1,0.0,1.692693326658926,1.692693326658926,0.5469027171298768,0.4530972828701232,OVER,0.5469027171298768,True,-112.0,1.8928571428571428,0.5283018867924528,0.01860083033742399,0.03520871456726682,0.8928571428571428
2024_16_TB_DAL,2024,16,2024-12-22,TB,DAL,50.0,47.5,-110.0,-110.0,total_con_mercado,54.85236931001066,4.852369310010658,4.852369310010658,1,0.0,7.352369310010658,7.352369310010658,0.5806508558110535,0.41934914418894653,OVER,0.5806508558110535,True,-110.0,1.9090909090909092,0.5238095238095238,0.05684133200152963,0.1085152701847385,0.9090909090909092
2024_16_TEN_IND,2024,16,2024-12-22,TEN,IND,68.0,42.5,-112.0,-108.0,total_con_mercado,40.85404639561442,-27.145953604385586,27.145953604385586,1,0.0,-1.645953604385582,1.645953604385582,0.526769754662922,0.473230245337078,UNDER,0.473230245337078,False,-108.0,1.925925925925926,0.5192307692307692,-0.046000523893691136,-0.08859360157303486,-1.0
2024_16_NO_GB,2024,16,2024-12-23,NO,GB,34.0,44.0,-110.0,-110.0,total_con_mercado,42.49172204896472,8.491722048964718,8.491722048964718,0,0.0,-1.5082779510352822,1.5082779510352822,0.5276021551679753,0.47239784483202474,UNDER,0.47239784483202474,True,-110.0,1.9090909090909092,0.5238095238095238,-0.0514116789774991,-0.09814956895704363,0.9090909090909092
2024_17_BAL_HOU,2024,17,2024-12-25,BAL,HOU,33.0,46.5,-108.0,-112.0,total_con_mercado,44.77284986416976,11.772849864169764,11.772849864169764,0,0.0,-1.727150135830243,1.727150135830243,0.5262787623978515,0.47372123760214846,UNDER,0.47372123760214846,True,-112.0,1.8928571428571428,0.5283018867924528,-0.054580649190304364,-0.10331337168164756,0.8928571428571428
2024_17_KC_PIT,2024,17,2024-12-25,KC,PIT,39.0,43.5,-110.0,-110.0,total_con_mercado,46.36078573757451,7.36078573757451,7.36078573757451,0,0.0,2.86078573757451,2.86078573757451,0.5539139446699157,0.4460860553300843,OVER,0.5539139446699157,False,-110.0,1.9090909090909092,0.5238095238095238,0.03010442086039189,0.05747207618802097,-1.0
2024_17_SEA_CHI,2024,17,2024-12-26,SEA,CHI,9.0,43.5,-108.0,-112.0,total_con_mercado,48.61010740676396,39.61010740676396,39.61010740676396,0,0.0,5.110107406763959,5.110107406763959,0.567352438264341,0.432647561735659,OVER,0.567352438264341,False,-108.0,1.925925925925926,0.5192307692307692,0.048121669033571846,0.09267876999058267,-1.0
2024_17_ARI_LA,2024,17,2024-12-28,ARI,LA,22.0,48.0,-108.0,-112.0,total_con_mercado,52.16859275959624,30.168592759596244,30.168592759596244,0,0.0,4.168592759596237,4.168592759596237,0.5617382757272931,0.43826172427270693,OVER,0.5617382757272931,False,-108.0,1.925925925925926,0.5192307692307692,0.042507506496523906,0.08186630880811996,-1.0
2024_17_DEN_CIN,2024,17,2024-12-28,DEN,CIN,54.0,50.5,-110.0,-110.0,total_con_mercado,53.08889395748501,-0.9111060425149872,0.9111060425149872,1,0.0,2.5888939574850127,2.5888939574850127,0.5522837818383065,0.4477162181616935,OVER,0.5522837818383065,True,-110.0,1.9090909090909092,0.5238095238095238,0.028474258028782673,0.05435994714585801,0.9090909090909092
2024_17_LAC_NE,2024,17,2024-12-28,LAC,NE,47.0,42.0,-112.0,-108.0,total_con_mercado,46.74872446884034,-0.2512755311596635,0.2512755311596635,1,0.0,4.7487244688403365,4.7487244688403365,0.565199509704854,0.434800490295146,OVER,0.565199509704854,True,-112.0,1.8928571428571428,0.5283018867924528,0.03689762291240117,0.06984192908418785,0.8928571428571428
2024_17_ATL_WAS,2024,17,2024-12-29,ATL,WAS,54.0,46.5,-110.0,-110.0,total_con_mercado,44.3738329396668,-9.626167060333202,9.626167060333202,1,0.0,-2.126167060333202,2.126167060333202,0.5238652018995922,0.4761347981004078,UNDER,0.4761347981004078,False,-110.0,1.9090909090909092,0.5238095238095238,-0.04767472570911602,-0.09101538544467591,-1.0
2024_17_CAR_TB,2024,17,2024-12-29,CAR,TB,62.0,47.5,-112.0,-108.0,total_con_mercado,44.75372841083023,-17.246271589169773,17.246271589169773,1,0.0,-2.7462715891697727,2.7462715891697727,0.5201121618332168,0.47988783816678315,UNDER,0.47988783816678315,False,-108.0,1.925925925925926,0.5192307692307692,-0.03934293106398601,-0.0757715709380472,-1.0
2024_17_DAL_PHI,2024,17,2024-12-29,DAL,PHI,48.0,37.5,-112.0,-108.0,total_con_mercado,38.55096529136073,-9.449034708639267,9.449034708639267,1,0.0,1.0509652913607326,1.0509652913607326,0.5430427638146147,0.4569572361853853,OVER,0.5430427638146147,True,-112.0,1.8928571428571428,0.5283018867924528,0.014740877022161869,0.027902374363377724,0.8928571428571428
2024_17_GB_MIN,2024,17,2024-12-29,GB,MIN,52.0,49.0,-110.0,-110.0,total_con_mercado,51.67317204686156,-0.3268279531384408,0.3268279531384408,1,0.0,2.673172046861559,2.673172046861559,0.5527892040474274,0.4472107959525726,OVER,0.5527892040474274,True,-110.0,1.9090909090909092,0.5238095238095238,0.028979680237903538,0.05532484409054317,0.9090909090909092
2024_17_IND_NYG,2024,17,2024-12-29,IND,NYG,78.0,40.5,-108.0,-112.0,total_con_mercado,43.4405375676756,-34.5594624323244,34.5594624323244,1,0.0,2.940537567675598,2.940537567675598,0.5543918889477074,0.4456081110522926,OVER,0.5543918889477074,True,-108.0,1.925925925925926,0.5192307692307692,0.03516111971693825,0.0677177120474366,0.925925925925926
2024_17_LV_NO,2024,17,2024-12-29,LV,NO,35.0,37.5,-108.0,-112.0,total_con_mercado,38.52468224416973,3.524682244169732,3.524682244169732,0,0.0,1.0246822441697319,1.0246822441697319,0.5428845595093058,0.4571154404906942,OVER,0.5428845595093058,False,-108.0,1.925925925925926,0.5192307692307692,0.023653790278536646,0.04555544794384825,-1.0
2024_17_MIA_CLE,2024,17,2024-12-29,MIA,CLE,23.0,32.5,-108.0,-112.0,total_con_mercado,29.28378446943882,6.283784469438821,6.283784469438821,0,0.0,-3.216215530561179,3.216215530561179,0.5172663985501647,0.48273360144983535,UNDER,0.48273360144983535,True,-112.0,1.8928571428571428,0.5283018867924528,-0.045568285342617476,-0.08625425439852596,0.8928571428571428
2024_17_NYJ_BUF,2024,17,2024-12-29,NYJ,BUF,54.0,44.5,-108.0,-112.0,total_con_mercado,41.13154526076838,-12.868454739231623,12.868454739231623,1,0.0,-3.3684547392316233,3.3684547392316233,0.5163442590967208,0.48365574090327923,UNDER,0.48365574090327923,False,-112.0,1.8928571428571428,0.5283018867924528,-0.044646145889173594,-0.0845087761473643,-1.0
2024_17_TEN_JAX,2024,17,2024-12-29,TEN,JAX,33.0,38.0,-110.0,-110.0,total_con_mercado,33.205528233392045,0.2055282333920445,0.2055282333920445,0,0.0,-4.7944717666079555,4.7944717666079555,0.5077020698243024,0.49229793017569756,UNDER,0.49229793017569756,True,-110.0,1.9090909090909092,0.5238095238095238,-0.031511593633826274,-0.06015849693730457,0.9090909090909092
2024_17_DET_SF,2024,17,2024-12-30,DET,SF,74.0,50.5,-110.0,-110.0,total_con_mercado,48.23466393461264,-25.76533606538737,25.76533606538737,1,0.0,-2.265336065387359,2.265336065387359,0.5230231329312179,0.47697686706878206,UNDER,0.47697686706878206,False,-110.0,1.9090909090909092,0.5238095238095238,-0.046832656740741774,-0.08940779923232511,-1.0
2024_18_CIN_PIT,2024,18,2025-01-04,CIN,PIT,36.0,48.5,-108.0,-112.0,total_con_mercado,46.99894743386931,10.998947433869311,10.998947433869311,0,0.0,-1.5010525661306886,1.5010525661306886,0.5276458363562634,0.4723541636437366,UNDER,0.4723541636437366,True,-112.0,1.8928571428571428,0.5283018867924528,-0.05594772314871621,-0.10590104738864148,0.8928571428571428
2024_18_CLE_BAL,2024,18,2025-01-04,CLE,BAL,45.0,42.5,-112.0,-108.0,total_con_mercado,38.41719584554257,-6.582804154457428,6.582804154457428,1,0.0,-4.082804154457428,4.082804154457428,0.51201593646317,0.48798406353683,UNDER,0.48798406353683,False,-108.0,1.925925925925926,0.5192307692307692,-0.03124670569393917,-0.06017884059573475,-1.0
2024_18_BUF_NE,2024,18,2025-01-05,BUF,NE,39.0,36.5,-112.0,-108.0,total_con_mercado,33.73234285313441,-5.267657146865588,5.267657146865588,1,0.0,-2.767657146865588,2.767657146865588,0.5199826877201568,0.48001731227984323,UNDER,0.48001731227984323,False,-108.0,1.925925925925926,0.5192307692307692,-0.03921345695092593,-0.07552221338696852,-1.0
2024_18_CAR_ATL,2024,18,2025-01-05,CAR,ATL,82.0,48.5,-112.0,-108.0,total_con_mercado,48.4749173777689,-33.5250826222311,33.5250826222311,1,0.0,-0.025082622231103358,0.025082622231103358,0.5365590208526876,0.4634409791473124,UNDER,0.4634409791473124,False,-108.0,1.925925925925926,0.5192307692307692,-0.05578979008345675,-0.1074470031236946,-1.0
2024_18_CHI_GB,2024,18,2025-01-05,CHI,GB,46.0,41.5,-112.0,-108.0,total_con_mercado,38.93868885379906,-7.061311146200936,7.061311146200936,1,0.0,-2.561311146200943,2.561311146200943,0.5212318492208309,0.4787681507791691,UNDER,0.4787681507791691,False,-108.0,1.925925925925926,0.5192307692307692,-0.04046261845160004,-0.07792800590678539,-1.0
2024_18_HOU_TEN,2024,18,2025-01-05,HOU,TEN,37.0,36.5,-112.0,-108.0,total_con_mercado,31.629222855172507,-5.370777144827493,5.370777144827493,1,0.0,-4.870777144827493,4.870777144827493,0.507239455314024,0.49276054468597597,UNDER,0.49276054468597597,False,-108.0,1.925925925925926,0.5192307692307692,-0.026470224544793197,-0.05097969171589811,-1.0
2024_18_JAX_IND,2024,18,2025-01-05,JAX,IND,49.0,45.5,-110.0,-105.0,total_con_mercado,43.7178382081851,-5.2821617918149,5.2821617918149,1,0.0,-1.7821617918149002,1.7821617918149002,0.5259460801146693,0.47405391988533074,UNDER,0.47405391988533074,False,-105.0,1.9523809523809523,0.5121951219512195,-0.03814120206588878,-0.07446615641435428,-1.0
2024_18_KC_DEN,2024,18,2025-01-05,KC,DEN,38.0,40.5,-105.0,-115.0,total_con_mercado,45.01791653770098,7.017916537700984,7.017916537700984,0,0.0,4.517916537700977,4.517916537700977,0.563823184572777,0.436176815427223,OVER,0.563823184572777,False,-105.0,1.9523809523809523,0.5121951219512195,0.0516280626215575,0.10079764607065989,-1.0
2024_18_LAC_LV,2024,18,2025-01-05,LAC,LV,54.0,42.5,-108.0,-112.0,total_con_mercado,42.37795901499191,-11.622040985008091,11.622040985008091,1,0.0,-0.12204098500809124,0.12204098500809124,0.5359741561121744,0.46402584388782564,UNDER,0.46402584388782564,False,-112.0,1.8928571428571428,0.5283018867924528,-0.06427604290462718,-0.12166536692661578,-1.0
2024_18_MIA_NYJ,2024,18,2025-01-05,MIA,NYJ,52.0,39.5,-108.0,-112.0,total_con_mercado,36.86878039682759,-15.131219603172411,15.131219603172411,1,0.0,-2.6312196031724113,2.6312196031724113,0.520808671752768,0.479191328247232,UNDER,0.479191328247232,False,-112.0,1.8928571428571428,0.5283018867924528,-0.04911055854522084,-0.09295927153202521,-1.0
2024_18_MIN_DET,2024,18,2025-01-05,MIN,DET,40.0,56.5,-118.0,-102.0,total_con_mercado,60.88365295775091,20.88365295775091,20.88365295775091,0,0.0,4.383652957750911,4.383652957750911,0.5630221067368162,0.4369778932631838,OVER,0.5630221067368162,False,-118.0,1.847457627118644,0.5412844036697247,0.02173770306709144,0.04015948532733837,-1.0
2024_18_NO_TB,2024,18,2025-01-05,NO,TB,46.0,44.5,-108.0,-112.0,total_con_mercado,50.49622150478743,4.496221504787428,4.496221504787428,1,0.0,5.996221504787428,5.996221504787428,0.5726205257106649,0.4273794742893351,OVER,0.5726205257106649,True,-108.0,1.925925925925926,0.5192307692307692,0.053389756479895745,0.10282471618350275,0.925925925925926
2024_18_NYG_PHI,2024,18,2025-01-05,NYG,PHI,33.0,36.5,-102.0,-118.0,total_con_mercado,36.292928078054885,3.292928078054885,3.292928078054885,0,0.0,-0.20707192194511492,0.20707192194511492,0.535461157554597,0.464538842445403,UNDER,0.464538842445403,True,-118.0,1.847457627118644,0.5412844036697247,-0.07674556122432175,-0.1417841724313741,0.847457627118644
2024_18_SEA_LA,2024,18,2025-01-05,SEA,LA,55.0,38.5,-108.0,-112.0,total_con_mercado,38.30330374137217,-16.69669625862783,16.69669625862783,1,0.0,-0.19669625862783136,0.19669625862783136,0.5355237588166644,0.46447624118333564,UNDER,0.46447624118333564,False,-112.0,1.8928571428571428,0.5283018867924528,-0.06382564560911719,-0.12081282918868619,-1.0
2024_18_SF_ARI,2024,18,2025-01-05,SF,ARI,71.0,42.5,-110.0,-110.0,total_con_mercado,45.97469869655296,-25.02530130344704,25.02530130344704,1,0.0,3.474698696552963,3.474698696552963,0.5575904253612234,0.4424095746387766,OVER,0.5575904253612234,True,-110.0,1.9090909090909092,0.5238095238095238,0.03378090155169955,0.06449081205324458,0.9090909090909092
2024_18_WAS_DAL,2024,18,2025-01-05,WAS,DAL,42.0,43.5,-102.0,-118.0,total_con_mercado,42.8671444658882,0.8671444658881953,0.8671444658881953,0,0.0,-0.6328555341117976,0.6328555341117976,0.5328912632571342,0.4671087367428658,UNDER,0.4671087367428658,True,-118.0,1.847457627118644,0.5412844036697247,-0.07417566692685895,-0.1370364016106378,0.847457627118644
2025_01_DAL_PHI,2025,1,2025-09-04,DAL,PHI,44.0,47.5,-110.0,-110.0,total_con_mercado,45.86813891353034,1.8681389135303377,1.8681389135303377,0,0.0,-1.6318610864696623,1.6318610864696623,0.5268549663242584,0.47314503367574157,UNDER,0.47314503367574157,True,-110.0,1.9090909090909092,0.5238095238095238,-0.05066449013378227,-0.09672311752812968,0.9090909090909092
2025_01_KC_LAC,2025,1,2025-09-05,KC,LAC,48.0,47.5,-110.0,-110.0,total_con_mercado,50.90678398590397,2.906783985903964,2.906783985903964,1,0.0,3.406783985903971,3.406783985903971,0.5571840139664237,0.4428159860335763,OVER,0.5571840139664237,True,-110.0,1.9090909090909092,0.5238095238095238,0.03337449015689986,0.0637149357540816,0.9090909090909092
2025_01_ARI_NO,2025,1,2025-09-07,ARI,NO,33.0,44.5,-108.0,-112.0,total_con_mercado,43.59998767055733,10.599987670557333,10.599987670557333,0,0.0,-0.9000123294426672,0.9000123294426672,0.5312778895986715,0.4687221104013285,UNDER,0.4687221104013285,True,-112.0,1.8928571428571428,0.5283018867924528,-0.05957977639112433,-0.11277600531177112,0.8928571428571428
2025_01_BAL_BUF,2025,1,2025-09-07,BAL,BUF,81.0,50.5,-115.0,-105.0,total_con_mercado,51.63802016305063,-29.361979836949374,29.361979836949374,1,0.0,1.1380201630506335,1.1380201630506335,0.5435667069174364,0.45643329308256364,OVER,0.5435667069174364,True,-115.0,1.8695652173913042,0.5348837209302326,0.00868298598720374,0.01623340858477218,0.8695652173913042
2025_01_CAR_JAX,2025,1,2025-09-07,CAR,JAX,36.0,45.5,-112.0,-108.0,total_con_mercado,38.848298700666994,2.8482987006669944,2.8482987006669944,0,0.0,-6.651701299333006,6.651701299333006,0.4964404499251376,0.5035595500748624,UNDER,0.5035595500748624,True,-108.0,1.925925925925926,0.5192307692307692,-0.015671219155906746,-0.030181607263227828,0.925925925925926
2025_01_CIN_CLE,2025,1,2025-09-07,CIN,CLE,33.0,47.5,-120.0,100.0,total_con_mercado,42.49275427545507,9.49275427545507,9.49275427545507,0,0.0,-5.00724572454493,5.00724572454493,0.5064120606282154,0.4935879393717846,UNDER,0.4935879393717846,True,100.0,2.0,0.5,-0.006412060628215421,-0.012824121256430843,1.0
2025_01_DET_GB,2025,1,2025-09-07,DET,GB,40.0,48.5,-105.0,-115.0,total_con_mercado,46.08057064229489,6.080570642294887,6.080570642294887,0,0.0,-2.4194293577051127,2.4194293577051127,0.5220906091677755,0.4779093908322245,UNDER,0.4779093908322245,True,-115.0,1.8695652173913042,0.5348837209302326,-0.05697433009800812,-0.10651722583540646,0.8695652173913042
2025_01_HOU_LA,2025,1,2025-09-07,HOU,LA,23.0,43.5,-105.0,-115.0,total_con_mercado,36.17107684467527,13.17107684467527,13.17107684467527,0,0.0,-7.3289231553247305,7.3289231553247305,0.49233429912426857,0.5076657008757315,UNDER,0.5076657008757315,True,-115.0,1.8695652173913042,0.5348837209302326,-0.027218020054501135,-0.050885863580154234,0.8695652173913042
2025_01_LV_NE,2025,1,2025-09-07,LV,NE,33.0,44.5,-105.0,-115.0,total_con_mercado,40.8875191951032,7.887519195103195,7.887519195103195,0,0.0,-3.612480804896798,3.612480804896798,0.5148659210387795,0.4851340789612205,UNDER,0.4851340789612205,True,-115.0,1.8695652173913042,0.5348837209302326,-0.049749641969012104,-0.0930102002029356,0.8695652173913042
2025_01_MIA_IND,2025,1,2025-09-07,MIA,IND,41.0,47.5,100.0,-120.0,total_con_mercado,48.866502775106085,7.866502775106085,7.866502775106085,0,0.0,1.3665027751060848,1.3665027751060848,0.5449413769006749,0.4550586230993251,OVER,0.5449413769006749,False,100.0,2.0,0.5,0.0449413769006749,0.0898827538013498,-1.0
2025_01_NYG_WAS,2025,1,2025-09-07,NYG,WAS,27.0,45.5,-110.0,-110.0,total_con_mercado,49.32643858184699,22.326438581846997,22.326438581846997,0,0.0,3.8264385818469933,3.8264385818469933,0.5596940418232166,0.4403059581767834,OVER,0.5596940418232166,False,-110.0,1.9090909090909092,0.5238095238095238,0.035884518013692746,0.06850680711704982,-1.0
2025_01_PIT_NYJ,2025,1,2025-09-07,PIT,NYJ,66.0,37.5,-112.0,-108.0,total_con_mercado,36.38536306944582,-29.614636930554177,29.614636930554177,1,0.0,-1.1146369305541768,1.1146369305541768,0.5299812851260726,0.47001871487392743,UNDER,0.47001871487392743,False,-108.0,1.925925925925926,0.5192307692307692,-0.04921205435684173,-0.09477877135391743,-1.0
2025_01_SF_SEA,2025,1,2025-09-07,SF,SEA,30.0,43.5,-108.0,-112.0,total_con_mercado,39.20109522932392,9.20109522932392,9.20109522932392,0,0.0,-4.2989047706760815,4.2989047706760815,0.5107061738975823,0.4892938261024177,UNDER,0.4892938261024177,True,-112.0,1.8928571428571428,0.5283018867924528,-0.03900806069003515,-0.07383668630613804,0.8928571428571428
2025_01_TB_ATL,2025,1,2025-09-07,TB,ATL,43.0,47.5,-115.0,-105.0,total_con_mercado,52.65182867162972,9.651828671629724,9.651828671629724,0,0.0,5.151828671629723,5.151828671629723,0.5676008294069563,0.43239917059304367,OVER,0.5676008294069563,False,-115.0,1.8695652173913042,0.5348837209302326,0.03271710847672371,0.06116676802170096,-1.0
2025_01_TEN_DEN,2025,1,2025-09-07,TEN,DEN,32.0,42.5,-112.0,-108.0,total_con_mercado,45.45558692159692,13.455586921596918,13.455586921596918,0,0.0,2.955586921596918,2.955586921596918,0.5544820668800842,0.44551793311991583,OVER,0.5544820668800842,False,-112.0,1.8928571428571428,0.5283018867924528,0.026180180087631344,0.04955534088015923,-1.0
2025_01_MIN_CHI,2025,1,2025-09-08,MIN,CHI,51.0,43.5,-108.0,-112.0,total_con_mercado,43.88625887203155,-7.113741127968453,7.113741127968453,1,0.0,0.3862588720315472,0.3862588720315472,0.5390391457702384,0.46096085422976163,OVER,0.5390391457702384,True,-108.0,1.925925925925926,0.5192307692307692,0.019808376539469208,0.0381494659278665,0.925925925925926
2025_02_WAS_GB,2025,2,2025-09-11,WAS,GB,45.0,48.5,-115.0,-105.0,total_con_mercado,50.93327489477024,5.933274894770243,5.933274894770243,0,0.0,2.4332748947702427,2.4332748947702427,0.5513502390985556,0.44864976090144437,OVER,0.5513502390985556,False,-115.0,1.8695652173913042,0.5348837209302326,0.016466518168323008,0.030785229619038734,-1.0
2025_02_ATL_MIN,2025,2,2025-09-14,ATL,MIN,28.0,44.5,-110.0,-110.0,total_con_mercado,45.61329528010395,17.613295280103948,17.613295280103948,0,0.0,1.113295280103948,1.113295280103948,0.543417909006874,0.45658209099312597,OVER,0.543417909006874,False,-110.0,1.9090909090909092,0.5238095238095238,0.019608385197350198,0.037434189922214145,-1.0
2025_02_BUF_NYJ,2025,2,2025-09-14,BUF,NYJ,40.0,47.5,-110.0,-110.0,total_con_mercado,47.150125642994574,7.150125642994574,7.150125642994574,0,0.0,-0.3498743570054259,0.3498743570054259,0.534599450549713,0.46540054945028697,UNDER,0.46540054945028697,True,-110.0,1.9090909090909092,0.5238095238095238,-0.058408974359236865,-0.11150804195854302,0.9090909090909092
2025_02_CAR_ARI,2025,2,2025-09-14,CAR,ARI,49.0,45.5,-110.0,-110.0,total_con_mercado,46.51868480621764,-2.4813151937823648,2.4813151937823648,1,0.0,1.0186848062176423,1.0186848062176423,0.5428484582007841,0.4571515417992159,OVER,0.5428484582007841,True,-110.0,1.9090909090909092,0.5238095238095238,0.019038934391260254,0.03634705656513337,0.9090909090909092
2025_02_CHI_DET,2025,2,2025-09-14,CHI,DET,73.0,46.5,-108.0,-112.0,total_con_mercado,47.06982525960868,-25.930174740391323,25.930174740391323,1,0.0,0.5698252596086775,0.5698252596086775,0.5401453171062793,0.45985468289372067,OVER,0.5401453171062793,True,-108.0,1.925925925925926,0.5192307692307692,0.02091454787551017,0.04027986998246402,0.925925925925926
2025_02_CLE_BAL,2025,2,2025-09-14,CLE,BAL,58.0,46.5,-110.0,-110.0,total_con_mercado,48.58358246453847,-9.416417535461528,9.416417535461528,1,0.0,2.0835824645384733,2.0835824645384733,0.5492511594024577,0.4507488405975423,OVER,0.5492511594024577,True,-110.0,1.9090909090909092,0.5238095238095238,0.025441635592933887,0.048570395222873985,0.9090909090909092
2025_02_DEN_IND,2025,2,2025-09-14,DEN,IND,57.0,43.5,-108.0,-112.0,total_con_mercado,45.80061697252346,-11.199383027476545,11.199383027476545,1,0.0,2.300616972523457,2.300616972523457,0.5505541518271888,0.4494458481728112,OVER,0.5505541518271888,True,-108.0,1.925925925925926,0.5192307692307692,0.03132338259641965,0.06032651463014149,0.925925925925926
2025_02_JAX_CIN,2025,2,2025-09-14,JAX,CIN,58.0,49.5,-105.0,-115.0,total_con_mercado,51.88899297475219,-6.111007025247808,6.111007025247808,1,0.0,2.388992974752192,2.388992974752192,0.5510845299828073,0.4489154700171927,OVER,0.5510845299828073,True,-105.0,1.9523809523809523,0.5121951219512195,0.0388894080315878,0.07592693949024287,0.9523809523809523
2025_02_LA_TEN,2025,2,2025-09-14,LA,TEN,52.0,41.5,-108.0,-112.0,total_con_mercado,47.43843303666171,-4.561566963338287,4.561566963338287,1,0.0,5.9384330366617135,5.9384330366617135,0.5722774523600438,0.4277225476399562,OVER,0.5722774523600438,True,-108.0,1.925925925925926,0.5192307692307692,0.05304668312927463,0.10216398232304735,0.925925925925926
2025_02_NE_MIA,2025,2,2025-09-14,NE,MIA,60.0,43.5,-105.0,-115.0,total_con_mercado,49.08643755659353,-10.91356244340647,10.91356244340647,1,0.0,5.5864375565935305,5.5864375565935305,0.5701862675937027,0.4298137324062973,OVER,0.5701862675937027,True,-105.0,1.9523809523809523,0.5121951219512195,0.0579911456424832,0.11322080815913393,0.9523809523809523
2025_02_NYG_DAL,2025,2,2025-09-14,NYG,DAL,77.0,44.5,-110.0,-110.0,total_con_mercado,53.00331305617036,-23.996686943829644,23.996686943829644,1,0.0,8.503313056170363,8.503313056170363,0.5874329081160551,0.4125670918839449,OVER,0.5874329081160551,True,-110.0,1.9090909090909092,0.5238095238095238,0.06362338430653125,0.12146282458519608,0.9090909090909092
2025_02_PHI_KC,2025,2,2025-09-14,PHI,KC,37.0,46.5,-118.0,-102.0,total_con_mercado,40.66556139821847,3.665561398218472,3.665561398218472,0,0.0,-5.834438601781528,5.834438601781528,0.5013962889117318,0.4986037110882682,UNDER,0.4986037110882682,True,-102.0,1.9803921568627452,0.504950495049505,-0.006346783961236779,-0.012569121178135578,0.9803921568627452
2025_02_SEA_PIT,2025,2,2025-09-14,SEA,PIT,48.0,40.5,-112.0,-108.0,total_con_mercado,54.58678617146584,6.586786171465839,6.586786171465839,1,0.0,14.086786171465839,14.086786171465839,0.6198228821158134,0.3801771178841866,OVER,0.6198228821158134,True,-112.0,1.8928571428571428,0.5283018867924528,0.09152099532336055,0.17323616971921818,0.8928571428571428
2025_02_SF_NO,2025,2,2025-09-14,SF,NO,47.0,40.5,-115.0,-105.0,total_con_mercado,44.163561115637606,-2.836438884362394,2.836438884362394,1,0.0,3.663561115637606,3.663561115637606,0.5587201982308924,0.44127980176910764,OVER,0.5587201982308924,True,-115.0,1.8695652173913042,0.5348837209302326,0.023836477300659742,0.04456384886645082,0.8695652173913042
2025_02_LAC_LV,2025,2,2025-09-15,LAC,LV,29.0,46.5,-118.0,-102.0,total_con_mercado,42.75145124627383,13.751451246273833,13.751451246273833,0,0.0,-3.748548753726169,3.748548753726169,0.5140414910643933,0.48595850893560666,UNDER,0.48595850893560666,True,-102.0,1.9803921568627452,0.504950495049505,-0.018991986113898296,-0.03761158034321033,0.9803921568627452
2025_02_TB_HOU,2025,2,2025-09-15,TB,HOU,39.0,42.5,-110.0,-110.0,total_con_mercado,40.09282132313124,1.0928213231312398,1.0928213231312398,0,0.0,-2.40717867686876,2.40717867686876,0.522164752125643,0.47783524787435705,UNDER,0.47783524787435705,True,-110.0,1.9090909090909092,0.5238095238095238,-0.045974275935166786,-0.08776907223986374,0.9090909090909092
2025_03_MIA_BUF,2025,3,2025-09-18,MIA,BUF,52.0,50.5,-108.0,-112.0,total_con_mercado,56.72444370578376,4.724443705783763,4.724443705783763,1,0.0,6.224443705783763,6.224443705783763,0.5739747290698943,0.42602527093010567,OVER,0.5739747290698943,True,-108.0,1.925925925925926,0.5192307692307692,0.05474395983912517,0.10543281154201867,0.925925925925926
2025_03_ARI_SF,2025,3,2025-09-21,ARI,SF,31.0,44.5,-108.0,-112.0,total_con_mercado,43.794749082667884,12.794749082667884,12.794749082667884,0,0.0,-0.7052509173321155,0.7052509173321155,0.5324541303257787,0.4675458696742213,UNDER,0.4675458696742213,True,-112.0,1.8928571428571428,0.5283018867924528,-0.06075601711823153,-0.1150024609737954,0.8928571428571428
2025_03_ATL_CAR,2025,3,2025-09-21,ATL,CAR,30.0,44.5,-105.0,-115.0,total_con_mercado,45.0293595206545,15.029359520654502,15.029359520654502,0,0.0,0.5293595206545021,0.5293595206545021,0.539901504097945,0.460098495902055,OVER,0.539901504097945,False,-105.0,1.9523809523809523,0.5121951219512195,0.027706382146725494,0.05409341276265445,-1.0
2025_03_CIN_MIN,2025,3,2025-09-21,CIN,MIN,58.0,41.5,-115.0,-105.0,total_con_mercado,41.62050739160178,-16.379492608398216,16.379492608398216,1,0.0,0.1205073916017767,0.1205073916017767,0.5374370483029828,0.4625629516970172,OVER,0.5374370483029828,True,-115.0,1.8695652173913042,0.5348837209302326,0.002553327372750158,0.004773612044706832,0.8695652173913042
2025_03_DAL_CHI,2025,3,2025-09-21,DAL,CHI,45.0,49.5,-120.0,100.0,total_con_mercado,47.50127676115385,2.5012767611538465,2.5012767611538465,0,0.0,-1.9987232388461535,1.9987232388461535,0.5246362064930963,0.4753637935069037,UNDER,0.4753637935069037,True,100.0,2.0,0.5,-0.02463620649309628,-0.04927241298619256,1.0
2025_03_DEN_LAC,2025,3,2025-09-21,DEN,LAC,43.0,45.5,-110.0,-110.0,total_con_mercado,48.68086469016529,5.6808646901652935,5.6808646901652935,0,0.0,3.1808646901652935,3.1808646901652935,0.5558315323181623,0.4441684676818377,OVER,0.5558315323181623,False,-110.0,1.9090909090909092,0.5238095238095238,0.032022008508638455,0.061132925334673516,-1.0
2025_03_GB_CLE,2025,3,2025-09-21,GB,CLE,23.0,41.5,-105.0,-115.0,total_con_mercado,39.31830673545288,16.31830673545288,16.31830673545288,0,0.0,-2.181693264547121,2.181693264547121,0.5235292458666599,0.47647075413334006,UNDER,0.47647075413334006,True,-115.0,1.8695652173913042,0.5348837209302326,-0.05841296679689256,-0.10920685096810345,0.8695652173913042
2025_03_HOU_JAX,2025,3,2025-09-21,HOU,JAX,27.0,43.5,-105.0,-115.0,total_con_mercado,50.31900400193064,23.319004001930644,23.319004001930644,0,0.0,6.819004001930637,6.819004001930637,0.5774974199222318,0.4225025800777682,OVER,0.5774974199222318,False,-105.0,1.9523809523809523,0.5121951219512195,0.06530229797101228,0.1274949627053097,-1.0
2025_03_IND_TEN,2025,3,2025-09-21,IND,TEN,61.0,43.5,-105.0,-115.0,total_con_mercado,41.548022794989066,-19.45197720501093,19.45197720501093,1,0.0,-1.9519772050109339,1.9519772050109339,0.5249189795590083,0.47508102044099165,UNDER,0.47508102044099165,False,-115.0,1.8695652173913042,0.5348837209302326,-0.05980270048924097,-0.11180504874075481,-1.0
2025_03_KC_NYG,2025,3,2025-09-21,KC,NYG,31.0,44.5,-115.0,-105.0,total_con_mercado,43.07514349750682,12.075143497506822,12.075143497506822,0,0.0,-1.4248565024931779,1.4248565024931779,0.5281064550675929,0.4718935449324071,UNDER,0.4718935449324071,True,-105.0,1.9523809523809523,0.5121951219512195,-0.04030157701881243,-0.07868403132244328,0.9523809523809523
2025_03_LA_PHI,2025,3,2025-09-21,LA,PHI,59.0,45.5,-112.0,-108.0,total_con_mercado,46.31005333249966,-12.689946667500337,12.689946667500337,1,0.0,0.8100533324996633,0.8100533324996633,0.5415923328846234,0.4584076671153766,OVER,0.5415923328846234,True,-112.0,1.8928571428571428,0.5283018867924528,0.01329044609217056,0.025156915817322822,0.8928571428571428
2025_03_LV_WAS,2025,3,2025-09-21,LV,WAS,65.0,43.5,-110.0,-110.0,total_con_mercado,43.235196812076495,-21.764803187923505,21.764803187923505,1,0.0,-0.2648031879235049,0.2648031879235049,0.535112817293522,0.464887182706478,UNDER,0.464887182706478,False,-110.0,1.9090909090909092,0.5238095238095238,-0.05892234110304584,-0.11248810574217838,-1.0
2025_03_NO_SEA,2025,3,2025-09-21,NO,SEA,57.0,41.5,-112.0,-108.0,total_con_mercado,46.22960670133432,-10.77039329866568,10.77039329866568,1,0.0,4.729606701334319,4.729606701334319,0.5650855468839288,0.43491445311607124,OVER,0.5650855468839288,True,-112.0,1.8928571428571428,0.5283018867924528,0.036783660091475934,0.06962621374457933,0.8928571428571428
2025_03_NYJ_TB,2025,3,2025-09-21,NYJ,TB,56.0,43.5,-105.0,-115.0,total_con_mercado,49.13775006400361,-6.862249935996388,6.862249935996388,1,0.0,5.637750064003612,5.637750064003612,0.5704912700767907,0.4295087299232093,OVER,0.5704912700767907,True,-105.0,1.9523809523809523,0.5121951219512195,0.05829614812557116,0.11381628919754361,0.9523809523809523
2025_03_PIT_NE,2025,3,2025-09-21,PIT,NE,35.0,44.5,-108.0,-112.0,total_con_mercado,45.61237713860399,10.61237713860399,10.61237713860399,0,0.0,1.1123771386039891,1.1123771386039891,0.5434123833495568,0.45658761665044323,OVER,0.5434123833495568,False,-108.0,1.925925925925926,0.5192307692307692,0.02418161411878761,0.0465719975621095,-1.0
2025_03_DET_BAL,2025,3,2025-09-22,DET,BAL,68.0,53.5,-115.0,-105.0,total_con_mercado,53.75746001071572,-14.242539989284282,14.242539989284282,1,0.0,0.2574600107157181,0.2574600107157181,0.5382627733780126,0.46173722662198735,OVER,0.5382627733780126,True,-115.0,1.8695652173913042,0.5348837209302326,0.0033790524477800288,0.006317358924110561,0.8695652173913042
2025_04_SEA_ARI,2025,4,2025-09-25,SEA,ARI,43.0,43.5,-112.0,-108.0,total_con_mercado,49.41110796211563,6.411107962115629,6.411107962115629,0,0.0,5.911107962115629,5.911107962115629,0.5721152071008653,0.4278847928991347,OVER,0.5721152071008653,False,-112.0,1.8928571428571428,0.5283018867924528,0.04381332030841245,0.08293235629806639,-1.0
2025_04_BAL_KC,2025,4,2025-09-28,BAL,KC,57.0,48.5,-120.0,100.0,total_con_mercado,43.88496290416103,-13.115037095838971,13.115037095838971,1,0.0,-4.6150370958389715,4.6150370958389715,0.5087898700695985,0.4912101299304015,UNDER,0.4912101299304015,False,100.0,2.0,0.5,-0.008789870069598527,-0.017579740139197053,-1.0
2025_04_CAR_NE,2025,4,2025-09-28,CAR,NE,55.0,42.5,-112.0,-108.0,total_con_mercado,42.80568996331365,-12.194310036686351,12.194310036686351,1,0.0,0.30568996331364673,0.30568996331364673,0.5385535153093628,0.4614464846906372,OVER,0.5385535153093628,True,-112.0,1.8928571428571428,0.5283018867924528,0.010251628516909972,0.019404868264151,0.8928571428571428
2025_04_CHI_LV,2025,4,2025-09-28,CHI,LV,49.0,47.5,-115.0,-105.0,total_con_mercado,54.51804295734978,5.518042957349778,5.518042957349778,1,0.0,7.018042957349778,7.018042957349778,0.5786749588776793,0.4213250411223207,OVER,0.5786749588776793,True,-115.0,1.8695652173913042,0.5348837209302326,0.04379123794744666,0.08187057529305242,0.8695652173913042
2025_04_CLE_DET,2025,4,2025-09-28,CLE,DET,44.0,44.5,-105.0,-115.0,total_con_mercado,47.669651937722,3.6696519377219934,3.6696519377219934,0,0.0,3.1696519377220014,3.1696519377220014,0.5557643846677167,0.4442356153322833,OVER,0.5557643846677167,False,-105.0,1.9523809523809523,0.5121951219512195,0.04356926271649719,0.08506379863697067,-1.0
2025_04_GB_DAL,2025,4,2025-09-28,GB,DAL,80.0,47.5,-105.0,-115.0,total_con_mercado,46.05531072162002,-33.94468927837998,33.94468927837998,1,0.0,-1.4446892783799825,1.4446892783799825,0.5279865669969885,0.47201343300301146,UNDER,0.47201343300301146,False,-115.0,1.8695652173913042,0.5348837209302326,-0.06287028792722116,-0.1175401035161091,-1.0
2025_04_IND_LA,2025,4,2025-09-28,IND,LA,47.0,49.5,-115.0,-105.0,total_con_mercado,50.89581087173642,3.895810871736423,3.895810871736423,0,0.0,1.3958108717364226,1.3958108717364226,0.5451176605145017,0.4548823394854983,OVER,0.5451176605145017,False,-115.0,1.8695652173913042,0.5348837209302326,0.010233939584269103,0.019133017483633497,-1.0
2025_04_JAX_SF,2025,4,2025-09-28,JAX,SF,47.0,45.5,-112.0,-108.0,total_con_mercado,43.24087111436913,-3.759128885630872,3.759128885630872,1,0.0,-2.259128885630872,2.259128885630872,0.5230606934966179,0.4769393065033821,UNDER,0.4769393065033821,False,-108.0,1.925925925925926,0.5192307692307692,-0.04229146272738704,-0.08145022451200479,-1.0
2025_04_LAC_NYG,2025,4,2025-09-28,LAC,NYG,39.0,43.5,-105.0,-115.0,total_con_mercado,40.60600264577148,1.6060026457714756,1.6060026457714756,0,0.0,-2.8939973542285173,2.8939973542285173,0.5192177347819826,0.48078226521801737,UNDER,0.48078226521801737,True,-115.0,1.8695652173913042,0.5348837209302326,-0.05410145571221525,-0.10114619980979367,0.8695652173913042
2025_04_MIN_PIT,2025,4,2025-09-28,MIN,PIT,45.0,41.5,-105.0,-115.0,total_con_mercado,43.23465835474148,-1.765341645258523,1.765341645258523,1,0.0,1.7346583547414767,1.7346583547414767,0.5471549428530587,0.45284505714694134,OVER,0.5471549428530587,True,-105.0,1.9523809523809523,0.5121951219512195,0.034959820901839134,0.06825488842740013,0.9523809523809523
2025_04_NO_BUF,2025,4,2025-09-28,NO,BUF,50.0,48.5,-105.0,-115.0,total_con_mercado,44.53243828757469,-5.467561712425308,5.467561712425308,1,0.0,-3.967561712425308,3.967561712425308,0.5127143421882853,0.48728565781171473,UNDER,0.48728565781171473,False,-115.0,1.8695652173913042,0.5348837209302326,-0.047598063118517886,-0.08898768322157691,-1.0
2025_04_PHI_TB,2025,4,2025-09-28,PHI,TB,56.0,44.5,-102.0,-118.0,total_con_mercado,43.3620357642919,-12.637964235708097,12.637964235708097,1,0.0,-1.1379642357080968,1.1379642357080968,0.5298403339507636,0.4701596660492364,UNDER,0.4701596660492364,False,-118.0,1.847457627118644,0.5412844036697247,-0.07112473762048832,-0.13139993899378355,-1.0
2025_04_TEN_HOU,2025,4,2025-09-28,TEN,HOU,26.0,39.5,-115.0,-105.0,total_con_mercado,39.97089815485594,13.970898154855938,13.970898154855938,0,0.0,0.4708981548559379,0.4708981548559379,0.539549230658418,0.460450769341582,OVER,0.539549230658418,False,-115.0,1.8695652173913042,0.5348837209302326,0.0046655097281853575,0.008722474709216055,-1.0
2025_04_WAS_ATL,2025,4,2025-09-28,WAS,ATL,61.0,43.5,-108.0,-112.0,total_con_mercado,48.02071287003328,-12.97928712996672,12.97928712996672,1,0.0,4.520712870033279,4.520712870033279,0.5638398652432095,0.4361601347567905,OVER,0.5638398652432095,True,-108.0,1.925925925925926,0.5192307692307692,0.04460909601244034,0.0859138145424776,0.925925925925926
2025_04_CIN_DEN,2025,4,2025-09-29,CIN,DEN,31.0,44.5,-105.0,-115.0,total_con_mercado,46.80269099227485,15.802690992274847,15.802690992274847,0,0.0,2.3026909922748473,2.3026909922748473,0.5505666001341418,0.4494333998658582,OVER,0.5505666001341418,False,-105.0,1.9523809523809523,0.5121951219512195,0.0383714781829223,0.07491574311903881,-1.0
2025_04_NYJ_MIA,2025,4,2025-09-29,NYJ,MIA,48.0,44.5,100.0,-120.0,total_con_mercado,44.38797721745797,-3.6120227825420272,3.6120227825420272,1,0.0,-0.11202278254202724,0.11202278254202724,0.5360345917506444,0.4639654082493556,UNDER,0.4639654082493556,False,-120.0,1.8333333333333335,0.5454545454545454,-0.0814891372051898,-0.14939675154284793,-1.0
2025_05_SF_LA,2025,5,2025-10-02,SF,LA,49.0,43.5,-112.0,-108.0,total_con_mercado,47.60225979446041,-1.397740205539591,1.397740205539591,1,0.0,4.102259794460409,4.102259794460409,0.5613421244042869,0.4386578755957131,OVER,0.5613421244042869,True,-112.0,1.8928571428571428,0.5283018867924528,0.033040237611834056,0.0625404497652573,0.8928571428571428
2025_05_DAL_NYJ,2025,5,2025-10-05,DAL,NYJ,59.0,48.5,-110.0,-110.0,total_con_mercado,54.75276954633032,-4.24723045366968,4.24723045366968,1,0.0,6.25276954633032,6.25276954633032,0.5741427293243109,0.4258572706756891,OVER,0.5741427293243109,True,-110.0,1.9090909090909092,0.5238095238095238,0.05033320551478704,0.09609066507368436,0.9090909090909092
2025_05_DEN_PHI,2025,5,2025-10-05,DEN,PHI,38.0,44.5,-105.0,-115.0,total_con_mercado,49.80746960761317,11.807469607613164,11.807469607613164,0,0.0,5.3074696076131715,5.3074696076131715,0.5685271503012905,0.43147284969870947,OVER,0.5685271503012905,False,-105.0,1.9523809523809523,0.5121951219512195,0.056332028350071006,0.10998157915966233,-1.0
2025_05_DET_CIN,2025,5,2025-10-05,DET,CIN,61.0,49.5,-108.0,-112.0,total_con_mercado,38.77365222975046,-22.22634777024954,22.22634777024954,1,0.0,-10.72634777024954,10.72634777024954,0.4717617057164742,0.5282382942835258,UNDER,0.5282382942835258,False,-112.0,1.8928571428571428,0.5283018867924528,-6.359250892706836e-05,-0.00012037153475485951,-1.0
2025_05_HOU_BAL,2025,5,2025-10-05,HOU,BAL,54.0,41.5,-105.0,-115.0,total_con_mercado,48.72340070382109,-5.276599296178908,5.276599296178908,1,0.0,7.223400703821092,7.223400703821092,0.5798889432045333,0.4201110567954667,OVER,0.5798889432045333,True,-105.0,1.9523809523809523,0.5121951219512195,0.0676938212533138,0.13216412720885073,0.9523809523809523
2025_05_LV_IND,2025,5,2025-10-05,LV,IND,46.0,46.5,-112.0,-108.0,total_con_mercado,47.57305321213749,1.5730532121374878,1.5730532121374878,0,0.0,1.0730532121374878,1.0730532121374878,0.5431757098806586,0.45682429011934145,OVER,0.5431757098806586,False,-112.0,1.8928571428571428,0.5283018867924528,0.014873823088205729,0.028154022274103685,-1.0
2025_05_MIA_CAR,2025,5,2025-10-05,MIA,CAR,51.0,44.5,-115.0,-105.0,total_con_mercado,47.507703216464776,-3.492296783535224,3.492296783535224,1,0.0,3.007703216464776,3.007703216464776,0.5547943275951106,0.4452056724048894,OVER,0.5547943275951106,True,-115.0,1.8695652173913042,0.5348837209302326,0.019910606664877983,0.037224177677815495,0.8695652173913042
2025_05_MIN_CLE,2025,5,2025-10-05,MIN,CLE,38.0,35.5,-108.0,-112.0,total_con_mercado,30.160863089736303,-7.839136910263694,7.839136910263694,1,0.0,-5.339136910263697,5.339136910263697,0.5043997016223415,0.4956002983776585,UNDER,0.4956002983776585,False,-112.0,1.8928571428571428,0.5283018867924528,-0.032701588414794314,-0.06189943521371788,-1.0
2025_05_NE_BUF,2025,5,2025-10-05,NE,BUF,43.0,49.5,-112.0,-108.0,total_con_mercado,49.54950955867808,6.549509558678082,6.549509558678082,0,0.0,0.049509558678082044,0.049509558678082044,0.5370089016795095,0.46299109832049046,OVER,0.5370089016795095,False,-112.0,1.8928571428571428,0.5283018867924528,0.008707014887056719,0.01648113532192874,-1.0
2025_05_NYG_NO,2025,5,2025-10-05,NYG,NO,40.0,41.5,-115.0,-105.0,total_con_mercado,44.11237284869363,4.112372848693632,4.112372848693632,0,0.0,2.6123728486936315,2.6123728486936315,0.5524245974634324,0.4475754025365676,OVER,0.5524245974634324,False,-115.0,1.8695652173913042,0.5348837209302326,0.0175408765331998,0.0327938126490257,-1.0
2025_05_TB_SEA,2025,5,2025-10-05,TB,SEA,73.0,44.5,-110.0,-110.0,total_con_mercado,42.45940191235961,-30.54059808764039,30.54059808764039,1,0.0,-2.04059808764039,2.04059808764039,0.5243828864624556,0.47561711353754443,UNDER,0.47561711353754443,False,-110.0,1.9090909090909092,0.5238095238095238,-0.0481924102719794,-0.09200369233741512,-1.0
2025_05_TEN_ARI,2025,5,2025-10-05,TEN,ARI,43.0,41.5,-110.0,-110.0,total_con_mercado,41.71579628877126,-1.2842037112287414,1.2842037112287414,1,0.0,0.21579628877125856,0.21579628877125856,0.5380115933259307,0.46198840667406926,OVER,0.5380115933259307,True,-110.0,1.9090909090909092,0.5238095238095238,0.014202069516406901,0.02711304180404972,0.9090909090909092
2025_05_WAS_LAC,2025,5,2025-10-05,WAS,LAC,37.0,47.5,-105.0,-115.0,total_con_mercado,48.87130145572405,11.871301455724044,11.871301455724044,0,0.0,1.3713014557240513,1.3713014557240513,0.5449702409858287,0.4550297590141713,OVER,0.5449702409858287,False,-105.0,1.9523809523809523,0.5121951219512195,0.03277511903460917,0.06398951811518927,-1.0
2025_05_KC_JAX,2025,5,2025-10-06,KC,JAX,59.0,45.5,-112.0,-108.0,total_con_mercado,44.99559156556594,-14.004408434434062,14.004408434434062,1,0.0,-0.5044084344340618,0.5044084344340618,0.5336667192006639,0.4663332807993361,UNDER,0.4663332807993361,False,-108.0,1.925925925925926,0.5192307692307692,-0.05289748843143305,-0.10187664438646371,-1.0
2025_06_PHI_NYG,2025,6,2025-10-09,PHI,NYG,51.0,40.5,-115.0,-105.0,total_con_mercado,44.92987178521236,-6.070128214787637,6.070128214787637,1,0.0,4.429871785212363,4.429871785212363,0.5632979066970235,0.4367020933029765,OVER,0.5632979066970235,True,-115.0,1.8695652173913042,0.5348837209302326,0.02841418576679089,0.05312217339008729,0.8695652173913042
2025_06_ARI_IND,2025,6,2025-10-12,ARI,IND,58.0,46.5,102.0,-122.0,total_con_mercado,47.73166808511866,-10.268331914881337,10.268331914881337,1,0.0,1.2316680851186632,1.2316680851186632,0.5441302228968744,0.4558697771031256,OVER,0.5441302228968744,True,102.0,2.02,0.49504950495049505,0.04908071794637936,0.09914305025168635,1.02
2025_06_CIN_GB,2025,6,2025-10-12,CIN,GB,45.0,44.5,-110.0,-110.0,total_con_mercado,43.17679165873415,-1.8232083412658469,1.8232083412658469,1,0.0,-1.3232083412658469,1.3232083412658469,0.5287208615860715,0.47127913841392854,UNDER,0.47127913841392854,False,-110.0,1.9090909090909092,0.5238095238095238,-0.05253038539559529,-0.10028528120977276,-1.0
2025_06_CLE_PIT,2025,6,2025-10-12,CLE,PIT,32.0,37.5,-120.0,100.0,total_con_mercado,40.51800720583569,8.518007205835687,8.518007205835687,0,0.0,3.018007205835687,3.018007205835687,0.5548560600067745,0.44514393999322555,OVER,0.5548560600067745,False,-120.0,1.8333333333333335,0.5454545454545454,0.00940151455222904,0.01723611001241987,-1.0
2025_06_DAL_CAR,2025,6,2025-10-12,DAL,CAR,57.0,47.5,-115.0,-105.0,total_con_mercado,44.78021814929352,-12.219781850706482,12.219781850706482,1,0.0,-2.7197818507064824,2.7197818507064824,0.5202725343284249,0.4797274656715751,UNDER,0.4797274656715751,False,-105.0,1.9523809523809523,0.5121951219512195,-0.03246765627964443,-0.06338923368882965,-1.0
2025_06_DEN_NYJ,2025,6,2025-10-12,DEN,NYJ,24.0,43.5,-108.0,-112.0,total_con_mercado,44.86108150885818,20.861081508858184,20.861081508858184,0,0.0,1.3610815088581774,1.3610815088581774,0.5449087675969205,0.45509123240307947,OVER,0.5449087675969205,False,-108.0,1.925925925925926,0.5192307692307692,0.025677998366151367,0.04945392277925431,-1.0
2025_06_DET_KC,2025,6,2025-10-12,DET,KC,47.0,51.5,-115.0,-105.0,total_con_mercado,46.44795760711452,-0.5520423928854825,0.5520423928854825,0,0.0,-5.0520423928854825,5.0520423928854825,0.5061404552480663,0.4938595447519337,UNDER,0.4938595447519337,True,-105.0,1.9523809523809523,0.5121951219512195,-0.018335577199285802,-0.035798031674796116,0.9523809523809523
2025_06_LAC_MIA,2025,6,2025-10-12,LAC,MIA,56.0,45.5,-105.0,-115.0,total_con_mercado,41.67854186567014,-14.32145813432986,14.32145813432986,1,0.0,-3.821458134329859,3.821458134329859,0.5135997044673325,0.4864002955326675,UNDER,0.4864002955326675,False,-115.0,1.8695652173913042,0.5348837209302326,-0.048483425397565116,-0.09064292574327382,-1.0
2025_06_LA_BAL,2025,6,2025-10-12,LA,BAL,20.0,43.5,-112.0,-108.0,total_con_mercado,44.79213482858261,24.792134828582604,24.792134828582604,0,0.0,1.2921348285826113,1.2921348285826113,0.5444940148869889,0.4555059851130111,OVER,0.5444940148869889,False,-112.0,1.8928571428571428,0.5283018867924528,0.016192128094536073,0.030649385321800393,-1.0
2025_06_NE_NO,2025,6,2025-10-12,NE,NO,44.0,46.5,-105.0,-115.0,total_con_mercado,54.17858084997006,10.17858084997006,10.17858084997006,0,0.0,7.678580849970061,7.678580849970061,0.5825763043552612,0.4174236956447388,OVER,0.5825763043552612,False,-105.0,1.9523809523809523,0.5121951219512195,0.07038118240404168,0.13741087993170042,-1.0
2025_06_SEA_JAX,2025,6,2025-10-12,SEA,JAX,32.0,47.5,-105.0,-115.0,total_con_mercado,51.93063256327692,19.930632563276923,19.930632563276923,0,0.0,4.430632563276923,4.430632563276923,0.5633024461338463,0.4366975538661537,OVER,0.5633024461338463,False,-105.0,1.9523809523809523,0.5121951219512195,0.05110732418262676,0.09978096626131894,-1.0
2025_06_SF_TB,2025,6,2025-10-12,SF,TB,49.0,46.5,-115.0,-105.0,total_con_mercado,44.48966062973717,-4.510339370262827,4.510339370262827,1,0.0,-2.0103393702628267,2.0103393702628267,0.5245659364891122,0.4754340635108878,UNDER,0.4754340635108878,False,-105.0,1.9523809523809523,0.5121951219512195,-0.03676105844033173,-0.07177159028826674,-1.0
2025_06_TEN_LV,2025,6,2025-10-12,TEN,LV,30.0,41.5,-115.0,-105.0,total_con_mercado,44.75007433775172,14.75007433775172,14.75007433775172,0,0.0,3.2500743377517196,3.2500743377517196,0.5562459495709082,0.4437540504290918,OVER,0.5562459495709082,False,-115.0,1.8695652173913042,0.5348837209302326,0.021362228640675607,0.03993807963256746,-1.0
2025_06_BUF_ATL,2025,6,2025-10-13,BUF,ATL,38.0,49.5,-118.0,-102.0,total_con_mercado,52.59835650270112,14.598356502701115,14.598356502701115,0,0.0,3.0983565027011224,3.0983565027011224,0.5553373838809406,0.44466261611905944,OVER,0.5553373838809406,False,-118.0,1.847457627118644,0.5412844036697247,0.014052980211215815,0.025962285474957936,-1.0
2025_06_CHI_WAS,2025,6,2025-10-13,CHI,WAS,49.0,49.5,-115.0,-105.0,total_con_mercado,51.60155192982066,2.6015519298206584,2.6015519298206584,0,0.0,2.1015519298206584,2.1015519298206584,0.5493590671221698,0.45064093287783025,OVER,0.5493590671221698,False,-115.0,1.8695652173913042,0.5348837209302326,0.014475346191937133,0.027062603750143355,-1.0
2025_07_PIT_CIN,2025,7,2025-10-16,PIT,CIN,64.0,45.5,-105.0,-115.0,total_con_mercado,42.659520129016826,-21.34047987098317,21.34047987098317,1,0.0,-2.840479870983174,2.840479870983174,0.519541778669986,0.48045822133001403,UNDER,0.48045822133001403,False,-115.0,1.8695652173913042,0.5348837209302326,-0.054425499600218585,-0.10175202099171299,-1.0
2025_07_ATL_SF,2025,7,2025-10-19,ATL,SF,30.0,46.5,-108.0,-112.0,total_con_mercado,46.04725877515352,16.047258775153516,16.047258775153516,0,0.0,-0.45274122484647705,0.45274122484647705,0.5339785968467653,0.4660214031532347,UNDER,0.4660214031532347,True,-112.0,1.8928571428571428,0.5283018867924528,-0.06228048363921812,-0.11788805831709148,0.8928571428571428
2025_07_CAR_NYJ,2025,7,2025-10-19,CAR,NYJ,19.0,39.5,-118.0,-102.0,total_con_mercado,38.69336072337892,19.69336072337892,19.69336072337892,0,0.0,-0.8066392766210768,0.8066392766210768,0.5318418503507305,0.4681581496492695,UNDER,0.4681581496492695,True,-102.0,1.9803921568627452,0.504950495049505,-0.03679234540023546,-0.07286327226321132,0.9803921568627452
2025_07_GB_ARI,2025,7,2025-10-19,GB,ARI,50.0,44.5,-110.0,-110.0,total_con_mercado,46.68223861464329,-3.317761385356711,3.317761385356711,1,0.0,2.182238614643289,2.182238614643289,0.5498435381446236,0.4501564618553764,OVER,0.5498435381446236,True,-110.0,1.9090909090909092,0.5238095238095238,0.026034014335099775,0.04970130009428142,0.9090909090909092
2025_07_IND_LAC,2025,7,2025-10-19,IND,LAC,62.0,48.5,-110.0,-110.0,total_con_mercado,46.35296405539473,-15.647035944605271,15.647035944605271,1,0.0,-2.147035944605271,2.147035944605271,0.5237389392111557,0.47626106078884434,UNDER,0.47626106078884434,False,-110.0,1.9090909090909092,0.5238095238095238,-0.0475484630206795,-0.09077433849402439,-1.0
2025_07_LA_JAX,2025,7,2025-10-19,LA,JAX,42.0,44.5,-115.0,-105.0,total_con_mercado,44.74133448352253,2.741334483522529,2.741334483522529,0,0.0,0.24133448352252884,0.24133448352252884,0.538165558946382,0.46183444105361804,OVER,0.538165558946382,False,-115.0,1.8695652173913042,0.5348837209302326,0.003281838016149341,0.006135610204105246,-1.0
2025_07_LV_KC,2025,7,2025-10-19,LV,KC,31.0,44.5,-105.0,-115.0,total_con_mercado,42.21879989057005,11.218799890570049,11.218799890570049,0,0.0,-2.281200109429953,2.281200109429953,0.522927136065425,0.47707286393457504,UNDER,0.47707286393457504,True,-115.0,1.8695652173913042,0.5348837209302326,-0.05781085699565758,-0.10808116742666407,0.8695652173913042
2025_07_MIA_CLE,2025,7,2025-10-19,MIA,CLE,37.0,34.5,-108.0,-112.0,total_con_mercado,28.02342199010089,-8.97657800989911,8.97657800989911,1,0.0,-6.476578009899111,6.476578009899111,0.4975023628521164,0.5024976371478835,UNDER,0.5024976371478835,False,-112.0,1.8928571428571428,0.5283018867924528,-0.025804249644569288,-0.0488437582557919,-1.0
2025_07_NE_TEN,2025,7,2025-10-19,NE,TEN,44.0,40.5,-112.0,-108.0,total_con_mercado,39.81848842682352,-4.181511573176479,4.181511573176479,1,0.0,-0.6815115731764791,0.6815115731764791,0.5325974771593092,0.46740252284069084,UNDER,0.46740252284069084,False,-108.0,1.925925925925926,0.5192307692307692,-0.051828246390078325,-0.09981736341792868,-1.0
2025_07_NO_CHI,2025,7,2025-10-19,NO,CHI,40.0,43.5,-110.0,-110.0,total_con_mercado,41.377753623711385,1.377753623711385,1.377753623711385,0,0.0,-2.122246376288615,2.122246376288615,0.5238889228138451,0.47611107718615486,UNDER,0.47611107718615486,True,-110.0,1.9090909090909092,0.5238095238095238,-0.04769844662336897,-0.09106067082643154,0.9090909090909092
2025_07_NYG_DEN,2025,7,2025-10-19,NYG,DEN,65.0,39.5,-115.0,-105.0,total_con_mercado,45.51285412278638,-19.48714587721362,19.48714587721362,1,0.0,6.012854122786379,6.012854122786379,0.5727192558035648,0.42728074419643525,OVER,0.5727192558035648,True,-115.0,1.8695652173913042,0.5348837209302326,0.03783553487333213,0.07073599998057745,0.8695652173913042
2025_07_PHI_MIN,2025,7,2025-10-19,PHI,MIN,50.0,43.5,-115.0,-105.0,total_con_mercado,43.68610376744245,-6.313896232557546,6.313896232557546,1,0.0,0.1861037674424466,0.1861037674424466,0.5378325728324438,0.4621674271675562,OVER,0.5378325728324438,True,-115.0,1.8695652173913042,0.5348837209302326,0.0029488519022111692,0.005513070947612331,0.8695652173913042
2025_07_WAS_DAL,2025,7,2025-10-19,WAS,DAL,66.0,54.5,-112.0,-108.0,total_con_mercado,48.807443173540726,-17.192556826459274,17.192556826459274,1,0.0,-5.692556826459274,5.692556826459274,0.502256652080907,0.497743347919093,UNDER,0.497743347919093,False,-108.0,1.925925925925926,0.5192307692307692,-0.021487421311676136,-0.04138318178545042,-1.0
2025_07_HOU_SEA,2025,7,2025-10-20,HOU,SEA,46.0,41.5,-110.0,-110.0,total_con_mercado,46.02745545666658,0.0274554566665798,0.0274554566665798,1,0.0,4.52745545666658,4.52745545666658,0.5638800854998246,0.4361199145001754,OVER,0.5638800854998246,True,-110.0,1.9090909090909092,0.5238095238095238,0.040070561690300766,0.07649834504511976,0.9090909090909092
2025_07_TB_DET,2025,7,2025-10-20,TB,DET,33.0,54.5,-105.0,-115.0,total_con_mercado,56.46223629639606,23.462236296396057,23.462236296396057,0,0.0,1.962236296396057,1.962236296396057,0.5485223475844052,0.4514776524155948,OVER,0.5485223475844052,False,-105.0,1.9523809523809523,0.5121951219512195,0.03632722563318569,0.07092458337907681,-1.0
2025_08_MIN_LAC,2025,8,2025-10-23,MIN,LAC,47.0,45.5,-110.0,-110.0,total_con_mercado,47.73170101394468,0.7317010139446793,0.7317010139446793,1,0.0,2.2317010139446793,2.2317010139446793,0.5501404809869811,0.4498595190130189,OVER,0.5501404809869811,True,-110.0,1.9090909090909092,0.5238095238095238,0.02633095717745726,0.05026819097514568,0.9090909090909092
2025_08_BUF_CAR,2025,8,2025-10-26,BUF,CAR,49.0,47.5,-112.0,-108.0,total_con_mercado,49.78458639098564,0.7845863909856376,0.7845863909856376,1,0.0,2.2845863909856376,2.2845863909856376,0.5504579338295874,0.4495420661704126,OVER,0.5504579338295874,True,-112.0,1.8928571428571428,0.5283018867924528,0.022156047037134585,0.04193823189171897,0.8928571428571428
2025_08_CHI_BAL,2025,8,2025-10-26,CHI,BAL,46.0,45.5,-108.0,-112.0,total_con_mercado,45.784893694594416,-0.2151063054055839,0.2151063054055839,1,0.0,0.28489369459441605,0.28489369459441605,0.5384281535280016,0.46157184647199845,OVER,0.5384281535280016,True,-108.0,1.925925925925926,0.5192307692307692,0.01919738429723239,0.03697274012800311,0.925925925925926
2025_08_CLE_NE,2025,8,2025-10-26,CLE,NE,45.0,40.5,-105.0,-115.0,total_con_mercado,45.914273220263446,0.9142732202634464,0.9142732202634464,1,0.0,5.414273220263446,5.414273220263446,0.5691625315297121,0.4308374684702879,OVER,0.5691625315297121,True,-105.0,1.9523809523809523,0.5121951219512195,0.056967409578492556,0.11122208536753297,0.9523809523809523
2025_08_DAL_DEN,2025,8,2025-10-26,DAL,DEN,68.0,51.5,-110.0,-110.0,total_con_mercado,55.87848000863181,-12.121519991368189,12.121519991368189,1,0.0,4.378480008631811,4.378480008631811,0.5629912359538239,0.43700876404617606,OVER,0.5629912359538239,True,-110.0,1.9090909090909092,0.5238095238095238,0.03918171214430011,0.07480145045730024,0.9090909090909092
2025_08_GB_PIT,2025,8,2025-10-26,GB,PIT,60.0,46.5,-105.0,-115.0,total_con_mercado,48.63396006121829,-11.36603993878171,11.36603993878171,1,0.0,2.133960061218289,2.133960061218289,0.5495536681556955,0.4504463318443045,OVER,0.5495536681556955,True,-105.0,1.9523809523809523,0.5121951219512195,0.037358546204475984,0.07293811401826256,0.9523809523809523
2025_08_MIA_ATL,2025,8,2025-10-26,MIA,ATL,44.0,44.5,-105.0,-115.0,total_con_mercado,39.26187212545892,-4.738127874541085,4.738127874541085,0,0.0,-5.238127874541078,5.238127874541078,0.5050121687679264,0.49498783123207357,UNDER,0.49498783123207357,True,-115.0,1.8695652173913042,0.5348837209302326,-0.03989588969815905,-0.07458796769655818,0.8695652173913042
2025_08_NYG_PHI,2025,8,2025-10-26,NYG,PHI,58.0,43.5,-112.0,-108.0,total_con_mercado,46.89310142611068,-11.106898573889318,11.106898573889318,1,0.0,3.3931014261106824,3.3931014261106824,0.5571021262760656,0.4428978737239344,OVER,0.5571021262760656,True,-112.0,1.8928571428571428,0.5283018867924528,0.028800239483612766,0.05451473902255266,0.8928571428571428
2025_08_NYJ_CIN,2025,8,2025-10-26,NYJ,CIN,77.0,43.5,-118.0,-102.0,total_con_mercado,42.3401708850982,-34.659829114901804,34.659829114901804,1,0.0,-1.1598291149017967,1.1598291149017967,0.5297082149073659,0.47029178509263414,UNDER,0.47029178509263414,False,-102.0,1.9803921568627452,0.504950495049505,-0.034658709956870815,-0.06863783736556761,-1.0
2025_08_SF_HOU,2025,8,2025-10-26,SF,HOU,41.0,41.5,-108.0,-112.0,total_con_mercado,42.777519582075925,1.777519582075925,1.777519582075925,0,0.0,1.277519582075925,1.277519582075925,0.5444060880847079,0.4555939119152921,OVER,0.5444060880847079,False,-108.0,1.925925925925926,0.5192307692307692,0.025175318853938755,0.04848579927425245,-1.0
2025_08_TB_NO,2025,8,2025-10-26,TB,NO,26.0,46.5,-110.0,-110.0,total_con_mercado,43.8180124844873,17.818012484487298,17.818012484487298,0,0.0,-2.681987515512702,2.681987515512702,0.5205013391555692,0.4794986608444308,UNDER,0.4794986608444308,True,-110.0,1.9090909090909092,0.5238095238095238,-0.04431086296509301,-0.08459346566063197,0.9090909090909092
2025_08_TEN_IND,2025,8,2025-10-26,TEN,IND,52.0,47.5,-118.0,-102.0,total_con_mercado,45.43160078937712,-6.568399210622886,6.568399210622886,1,0.0,-2.0683992106228786,2.0683992106228786,0.5242146978698333,0.4757853021301667,UNDER,0.4757853021301667,False,-102.0,1.9803921568627452,0.504950495049505,-0.02916519291933828,-0.0577585193108463,-1.0
2025_08_WAS_KC,2025,8,2025-10-27,WAS,KC,35.0,48.5,-105.0,-115.0,total_con_mercado,49.14140882536565,14.141408825365652,14.141408825365652,0,0.0,0.6414088253656516,0.6414088253656516,0.5405765732210905,0.45942342677890946,OVER,0.5405765732210905,False,-105.0,1.9523809523809523,0.5121951219512195,0.028381451269871016,0.055411404860224334,-1.0
2025_09_BAL_MIA,2025,9,2025-10-30,BAL,MIA,34.0,51.5,-110.0,-110.0,total_con_mercado,53.34284560515772,19.34284560515772,19.34284560515772,0,0.0,1.84284560515772,1.84284560515772,0.5478050772514906,0.45219492274850936,OVER,0.5478050772514906,False,-110.0,1.9090909090909092,0.5238095238095238,0.0239955534419668,0.04580969293466408,-1.0
2025_09_ATL_NE,2025,9,2025-11-02,ATL,NE,47.0,45.5,-108.0,-112.0,total_con_mercado,50.69059653964845,3.690596539648453,3.690596539648453,1,0.0,5.190596539648453,5.190596539648453,0.5678316067896055,0.43216839321039446,OVER,0.5678316067896055,True,-108.0,1.925925925925926,0.5192307692307692,0.048600837558836374,0.09360161307627735,0.925925925925926
2025_09_CAR_GB,2025,9,2025-11-02,CAR,GB,29.0,43.5,-105.0,-115.0,total_con_mercado,42.575199520675945,13.575199520675945,13.575199520675945,0,0.0,-0.9248004793240554,0.9248004793240554,0.5311281590070017,0.4688718409929983,UNDER,0.4688718409929983,True,-115.0,1.8695652173913042,0.5348837209302326,-0.06601187993723434,-0.12341351466526418,0.8695652173913042
2025_09_CHI_CIN,2025,9,2025-11-02,CHI,CIN,89.0,51.5,-112.0,-108.0,total_con_mercado,52.19278900176543,-36.807210998234574,36.807210998234574,1,0.0,0.6927890017654335,0.6927890017654335,0.5408860763338345,0.45911392366616555,OVER,0.5408860763338345,True,-112.0,1.8928571428571428,0.5283018867924528,0.01258418954138163,0.02382007306047229,0.8928571428571428
2025_09_DEN_HOU,2025,9,2025-11-02,DEN,HOU,33.0,40.5,-115.0,-105.0,total_con_mercado,44.84784616146459,11.847846161464588,11.847846161464588,0,0.0,4.347846161464588,4.347846161464588,0.56280841131642,0.43719158868358,OVER,0.56280841131642,False,-115.0,1.8695652173913042,0.5348837209302326,0.02792469038618739,0.0522070298524373,-1.0
2025_09_IND_PIT,2025,9,2025-11-02,IND,PIT,47.0,51.5,-115.0,-105.0,total_con_mercado,51.06969996240036,4.069699962400357,4.069699962400357,0,0.0,-0.4303000375996433,0.4303000375996433,0.5341140498347081,0.4658859501652919,UNDER,0.4658859501652919,True,-105.0,1.9523809523809523,0.5121951219512195,-0.04630917178592764,-0.09041314491538255,0.9523809523809523
2025_09_JAX_LV,2025,9,2025-11-02,JAX,LV,59.0,43.5,-115.0,-105.0,total_con_mercado,46.47763936850512,-12.522360631494884,12.522360631494884,1,0.0,2.9776393685051232,2.9776393685051232,0.5546142018905951,0.44538579810940493,OVER,0.5546142018905951,True,-115.0,1.8695652173913042,0.5348837209302326,0.01973048096036245,0.03688742092589514,0.8695652173913042
2025_09_KC_BUF,2025,9,2025-11-02,KC,BUF,49.0,53.5,-105.0,-115.0,total_con_mercado,57.83119310120645,8.831193101206452,8.831193101206452,0,0.0,4.331193101206452,4.331193101206452,0.5627090176905944,0.43729098230940555,OVER,0.5627090176905944,False,-105.0,1.9523809523809523,0.5121951219512195,0.050513895739374925,0.09862236787211298,-1.0
2025_09_LAC_TEN,2025,9,2025-11-02,LAC,TEN,47.0,44.5,-110.0,-110.0,total_con_mercado,44.80236335525952,-2.1976366447404843,2.1976366447404843,1,0.0,0.30236335525952285,0.30236335525952285,0.5385334625435126,0.46146653745648736,OVER,0.5385334625435126,True,-110.0,1.9090909090909092,0.5238095238095238,0.014723938733988806,0.02810933758306966,0.9090909090909092
2025_09_MIN_DET,2025,9,2025-11-02,MIN,DET,51.0,47.5,-115.0,-105.0,total_con_mercado,53.73818096468597,2.7381809646859736,2.7381809646859736,1,0.0,6.2381809646859665,6.2381809646859665,0.5740562067392794,0.4259437932607206,OVER,0.5740562067392794,True,-115.0,1.8695652173913042,0.5348837209302326,0.03917248580904675,0.07323551694734842,0.8695652173913042
2025_09_NO_LA,2025,9,2025-11-02,NO,LA,44.0,44.5,-115.0,-105.0,total_con_mercado,49.11047234753519,5.110472347535186,5.110472347535186,0,0.0,4.610472347535193,4.610472347535193,0.5643752211784447,0.43562477882155526,OVER,0.5643752211784447,False,-115.0,1.8695652173913042,0.5348837209302326,0.02949150024821212,0.05513628307274443,-1.0
2025_09_SEA_WAS,2025,9,2025-11-02,SEA,WAS,52.0,47.5,-105.0,-115.0,total_con_mercado,52.89238415396591,0.8923841539659065,0.8923841539659065,1,0.0,5.3923841539659065,5.3923841539659065,0.569032330615775,0.43096766938422504,OVER,0.569032330615775,True,-105.0,1.9523809523809523,0.5121951219512195,0.05683720866455544,0.11096788358317955,0.9523809523809523
2025_09_SF_NYG,2025,9,2025-11-02,SF,NYG,58.0,47.5,-112.0,-108.0,total_con_mercado,45.35160834100424,-12.648391658995765,12.648391658995765,1,0.0,-2.148391658995763,2.148391658995763,0.5237307366481587,0.4762692633518413,UNDER,0.4762692633518413,False,-108.0,1.925925925925926,0.5192307692307692,-0.042961505878927886,-0.08274067798904639,-1.0
2025_09_ARI_DAL,2025,9,2025-11-03,ARI,DAL,44.0,53.5,-115.0,-105.0,total_con_mercado,53.284091713504274,9.284091713504274,9.284091713504274,0,0.0,-0.21590828649572558,0.21590828649572558,0.5354078427256432,0.46459215727435677,UNDER,0.46459215727435677,True,-105.0,1.9523809523809523,0.5121951219512195,-0.04760296467686276,-0.09293912151197015,0.9523809523809523
2025_10_LV_DEN,2025,10,2025-11-06,LV,DEN,17.0,42.5,-110.0,-110.0,total_con_mercado,43.427413399533215,26.42741339953321,26.42741339953321,0,0.0,0.927413399533215,0.927413399533215,0.5422989987416567,0.45770100125834334,OVER,0.5422989987416567,False,-110.0,1.9090909090909092,0.5238095238095238,0.01848947493213282,0.03529808850679905,-1.0
2025_10_ARI_SEA,2025,10,2025-11-09,ARI,SEA,66.0,44.5,-118.0,-102.0,total_con_mercado,49.48550664417315,-16.51449335582685,16.51449335582685,1,0.0,4.9855066441731495,4.9855066441731495,0.5666104157877085,0.43338958421229146,OVER,0.5666104157877085,True,-118.0,1.847457627118644,0.5412844036697247,0.025326012117983798,0.04678873425186825,0.847457627118644
2025_10_ATL_IND,2025,10,2025-11-09,ATL,IND,56.0,48.5,-108.0,-112.0,total_con_mercado,50.59129291399383,-5.408707086006167,5.408707086006167,1,0.0,2.0912929139938328,2.0912929139938328,0.5492974616832068,0.4507025383167932,OVER,0.5492974616832068,True,-108.0,1.925925925925926,0.5192307692307692,0.03006669245243765,0.05790622250099098,0.925925925925926
2025_10_BAL_MIN,2025,10,2025-11-09,BAL,MIN,46.0,48.5,-115.0,-105.0,total_con_mercado,57.79377792351788,11.79377792351788,11.79377792351788,0,0.0,9.29377792351788,9.29377792351788,0.5920718164730918,0.4079281835269082,OVER,0.5920718164730918,False,-115.0,1.8695652173913042,0.5348837209302326,0.057188095542859196,0.10691687427578023,-1.0
2025_10_BUF_MIA,2025,10,2025-11-09,BUF,MIA,43.0,50.5,-105.0,-115.0,total_con_mercado,47.36919138373925,4.369191383739249,4.369191383739249,0,0.0,-3.130808616260751,3.130808616260751,0.5177836720494566,0.48221632795054337,UNDER,0.48221632795054337,True,-115.0,1.8695652173913042,0.5348837209302326,-0.052667392979689254,-0.09846512600550594,0.8695652173913042
2025_10_CLE_NYJ,2025,10,2025-11-09,CLE,NYJ,47.0,37.5,-105.0,-115.0,total_con_mercado,32.95033256530999,-14.049667434690008,14.049667434690008,1,0.0,-4.549667434690008,4.549667434690008,0.5091861453214565,0.49081385467854355,UNDER,0.49081385467854355,False,-115.0,1.8695652173913042,0.5348837209302326,-0.04406986625168907,-0.08239148907924476,-1.0
2025_10_DET_WAS,2025,10,2025-11-09,DET,WAS,66.0,49.5,-108.0,-112.0,total_con_mercado,50.83584796320035,-15.16415203679965,15.16415203679965,1,0.0,1.3358479632003508,1.3358479632003508,0.5447569809531979,0.4552430190468021,OVER,0.5447569809531979,True,-108.0,1.925925925925926,0.5192307692307692,0.02552621172242875,0.04916159294689981,0.925925925925926
2025_10_JAX_HOU,2025,10,2025-11-09,JAX,HOU,65.0,37.5,-108.0,-112.0,total_con_mercado,38.058788341184574,-26.941211658815423,26.941211658815423,1,0.0,0.5587883411845738,0.5587883411845738,0.5400788196830676,0.4599211803169324,OVER,0.5400788196830676,True,-108.0,1.925925925925926,0.5192307692307692,0.020848050452298428,0.04015180087109327,0.925925925925926
2025_10_LA_SF,2025,10,2025-11-09,LA,SF,68.0,49.5,-110.0,-110.0,total_con_mercado,50.58787836847265,-17.41212163152735,17.41212163152735,1,0.0,1.0878783684726514,1.0878783684726514,0.5432649382904831,0.45673506170951694,OVER,0.5432649382904831,True,-110.0,1.9090909090909092,0.5238095238095238,0.01945541448095922,0.03714215491819495,0.9090909090909092
2025_10_NE_TB,2025,10,2025-11-09,NE,TB,51.0,48.5,-115.0,-105.0,total_con_mercado,48.35658365153501,-2.6434163484649886,2.6434163484649886,1,0.0,-0.14341634846498863,0.14341634846498863,0.5358452039265164,0.46415479607348364,UNDER,0.46415479607348364,False,-105.0,1.9523809523809523,0.5121951219512195,-0.04804032587773588,-0.09379301718986532,-1.0
2025_10_NO_CAR,2025,10,2025-11-09,NO,CAR,24.0,38.5,-115.0,-105.0,total_con_mercado,40.53872759500895,16.53872759500895,16.53872759500895,0,0.0,2.0387275950089503,2.0387275950089503,0.5489817830186966,0.4510182169813034,OVER,0.5489817830186966,False,-115.0,1.8695652173913042,0.5348837209302326,0.01409806208846398,0.02635724651321536,-1.0
2025_10_NYG_CHI,2025,10,2025-11-09,NYG,CHI,44.0,45.5,-108.0,-112.0,total_con_mercado,44.33643920708385,0.3364392070838491,0.3364392070838491,0,0.0,-1.1635607929161509,1.1635607929161509,0.5296856657393474,0.4703143342606526,UNDER,0.4703143342606526,True,-112.0,1.8928571428571428,0.5283018867924528,-0.05798755253180021,-0.10976215300662184,0.8928571428571428
2025_10_PIT_LAC,2025,10,2025-11-09,PIT,LAC,35.0,45.5,-105.0,-115.0,total_con_mercado,46.37765422253563,11.377654222535632,11.377654222535632,0,0.0,0.8776542225356323,0.8776542225356323,0.5419994020149469,0.4580005979850531,OVER,0.5419994020149469,False,-105.0,1.9523809523809523,0.5121951219512195,0.029804280063727373,0.05818930869584871,-1.0
2025_10_PHI_GB,2025,10,2025-11-10,PHI,GB,17.0,45.5,-112.0,-108.0,total_con_mercado,46.85450015327466,29.854500153274657,29.854500153274657,0,0.0,1.3545001532746568,1.3545001532746568,0.5448691797553752,0.4551308202446248,OVER,0.5448691797553752,False,-112.0,1.8928571428571428,0.5283018867924528,0.016567292962922364,0.031359518822674515,-1.0
2025_11_NYJ_NE,2025,11,2025-11-13,NYJ,NE,41.0,43.5,-105.0,-115.0,total_con_mercado,42.668360419028126,1.6683604190281258,1.6683604190281258,0,0.0,-0.8316395809718742,0.8316395809718742,0.5316908597700082,0.4683091402299918,UNDER,0.4683091402299918,True,-115.0,1.8695652173913042,0.5348837209302326,-0.0665745807002408,-0.12446552043958059,0.8695652173913042
2025_11_BAL_CLE,2025,11,2025-11-16,BAL,CLE,39.0,37.5,-115.0,-105.0,total_con_mercado,37.8487440878296,-1.151255912170399,1.151255912170399,1,0.0,0.3487440878296013,0.3487440878296013,0.5388130339363635,0.4611869660636365,OVER,0.5388130339363635,True,-115.0,1.8695652173913042,0.5348837209302326,0.003929313006130863,0.007346106924505547,0.8695652173913042
2025_11_CAR_ATL,2025,11,2025-11-16,CAR,ATL,57.0,42.5,-110.0,-110.0,total_con_mercado,46.57654486591815,-10.423455134081848,10.423455134081848,1,0.0,4.076544865918152,4.076544865918152,0.561188529580432,0.43881147041956803,OVER,0.561188529580432,True,-110.0,1.9090909090909092,0.5238095238095238,0.037379005770908136,0.07135992010809744,0.9090909090909092
2025_11_CHI_MIN,2025,11,2025-11-16,CHI,MIN,36.0,47.5,-118.0,-102.0,total_con_mercado,54.111365277897306,18.111365277897303,18.111365277897303,0,0.0,6.611365277897306,6.611365277897306,0.5762680644398127,0.4237319355601873,OVER,0.5762680644398127,False,-118.0,1.847457627118644,0.5412844036697247,0.034983660770087965,0.06463083091423028,-1.0
2025_11_CIN_PIT,2025,11,2025-11-16,CIN,PIT,46.0,48.5,-110.0,-110.0,total_con_mercado,43.51530901135254,-2.4846909886474577,2.4846909886474577,0,0.0,-4.984690988647458,4.984690988647458,0.5065488101706098,0.4934511898293902,UNDER,0.4934511898293902,True,-110.0,1.9090909090909092,0.5238095238095238,-0.030358333980133656,-0.05795681941661868,0.9090909090909092
2025_11_DET_PHI,2025,11,2025-11-16,DET,PHI,25.0,46.5,-112.0,-108.0,total_con_mercado,45.82147513224761,20.821475132247613,20.821475132247613,0,0.0,-0.6785248677523867,0.6785248677523867,0.5326155115972768,0.4673844884027232,UNDER,0.4673844884027232,True,-108.0,1.925925925925926,0.5192307692307692,-0.05184628082804599,-0.09985209640957016,0.925925925925926
2025_11_GB_NYG,2025,11,2025-11-16,GB,NYG,47.0,41.5,-110.0,-110.0,total_con_mercado,36.97275572512429,-10.027244274875711,10.027244274875711,1,0.0,-4.527244274875713,4.527244274875713,0.5093220733799352,0.4906779266200648,UNDER,0.4906779266200648,False,-110.0,1.9090909090909092,0.5238095238095238,-0.03313159718945902,-0.06325123099805807,-1.0
2025_11_HOU_TEN,2025,11,2025-11-16,HOU,TEN,29.0,37.5,-102.0,-118.0,total_con_mercado,34.93228027261094,5.932280272610939,5.932280272610939,0,0.0,-2.5677197273890613,2.5677197273890613,0.5211930573602412,0.47880694263975876,UNDER,0.47880694263975876,True,-118.0,1.847457627118644,0.5412844036697247,-0.062477461029965986,-0.11542446190281863,0.847457627118644
2025_11_KC_DEN,2025,11,2025-11-16,KC,DEN,41.0,44.5,-110.0,-110.0,total_con_mercado,49.57227164977202,8.57227164977202,8.57227164977202,0,0.0,5.07227164977202,5.07227164977202,0.5671271505446756,0.43287284945532445,OVER,0.5671271505446756,False,-110.0,1.9090909090909092,0.5238095238095238,0.043317626735151715,0.08269728740347149,-1.0
2025_11_LAC_JAX,2025,11,2025-11-16,LAC,JAX,41.0,43.5,-110.0,-110.0,total_con_mercado,45.16236044509007,4.162360445090066,4.162360445090066,0,0.0,1.6623604450900729,1.6623604450900729,0.5467203900122176,0.4532796099877824,OVER,0.5467203900122176,False,-110.0,1.9090909090909092,0.5238095238095238,0.02291086620269378,0.043738926386960975,-1.0
2025_11_SEA_LA,2025,11,2025-11-16,SEA,LA,40.0,49.5,-115.0,-105.0,total_con_mercado,50.08100556379101,10.08100556379101,10.08100556379101,0,0.0,0.5810055637910096,0.5810055637910096,0.5402126769712313,0.4597873230287687,OVER,0.5402126769712313,False,-115.0,1.8695652173913042,0.5348837209302326,0.0053289560409987,0.009962830859258531,-1.0
2025_11_SF_ARI,2025,11,2025-11-16,SF,ARI,63.0,48.5,-108.0,-112.0,total_con_mercado,49.59530394432895,-13.404696055671051,13.404696055671051,1,0.0,1.095303944328947,1.095303944328947,0.5433096296815616,0.4566903703184384,OVER,0.5433096296815616,True,-108.0,1.925925925925926,0.5192307692307692,0.02407886045079244,0.04637410160893363,0.925925925925926
2025_11_TB_BUF,2025,11,2025-11-16,TB,BUF,76.0,46.5,-108.0,-112.0,total_con_mercado,48.07654493172471,-27.923455068275292,27.923455068275292,1,0.0,1.5765449317247118,1.5765449317247118,0.5462044960671117,0.45379550393288826,OVER,0.5462044960671117,True,-108.0,1.925925925925926,0.5192307692307692,0.026973726836342582,0.0519493998329561,0.925925925925926
2025_11_WAS_MIA,2025,11,2025-11-16,WAS,MIA,29.0,47.5,-110.0,-110.0,total_con_mercado,40.81949385036994,11.819493850369938,11.819493850369938,0,0.0,-6.680506149630062,6.680506149630062,0.4962657858404062,0.5037342141595937,UNDER,0.5037342141595937,True,-110.0,1.9090909090909092,0.5238095238095238,-0.020075309649930095,-0.038325591149866445,0.9090909090909092
2025_11_DAL_LV,2025,11,2025-11-17,DAL,LV,49.0,48.5,-105.0,-115.0,total_con_mercado,48.65237638966661,-0.347623610333386,0.347623610333386,1,0.0,0.15237638966660683,0.15237638966660683,0.5376292137751744,0.46237078622482564,OVER,0.5376292137751744,True,-105.0,1.9523809523809523,0.5121951219512195,0.02543409182395484,0.04965703641819763,0.9523809523809523
2025_12_BUF_HOU,2025,12,2025-11-20,BUF,HOU,42.0,43.5,-115.0,-105.0,total_con_mercado,47.36644826295888,5.366448262958883,5.366448262958883,0,0.0,3.866448262958883,3.866448262958883,0.5599331895370315,0.44006681046296847,OVER,0.5599331895370315,False,-115.0,1.8695652173913042,0.5348837209302326,0.025049468606798908,0.046831615221406775,-1.0
2025_12_ATL_NO,2025,12,2025-11-23,ATL,NO,34.0,41.5,-102.0,-118.0,total_con_mercado,46.7320322105554,12.732032210555404,12.732032210555404,0,0.0,5.232032210555403,5.232032210555403,0.5680782325207961,0.43192176747920386,OVER,0.5680782325207961,False,-102.0,1.9803921568627452,0.504950495049505,0.06312773747129119,0.12501767616863546,-1.0
2025_12_CLE_LV,2025,12,2025-11-23,CLE,LV,34.0,35.5,-118.0,-102.0,total_con_mercado,40.34511672926398,6.345116729263978,6.345116729263978,0,0.0,4.845116729263978,4.845116729263978,0.5657740078868582,0.43422599211314183,OVER,0.5657740078868582,False,-118.0,1.847457627118644,0.5412844036697247,0.02448960421713342,0.04524350609605987,-1.0
2025_12_IND_KC,2025,12,2025-11-23,IND,KC,43.0,50.5,-108.0,-112.0,total_con_mercado,40.31763159434996,-2.6823684056500454,2.6823684056500454,0,0.0,-10.182368405650038,10.182368405650038,0.47505106738608244,0.5249489326139176,UNDER,0.5249489326139176,True,-112.0,1.8928571428571428,0.5283018867924528,-0.0033529541785352057,-0.0063466632665131195,0.8928571428571428
2025_12_JAX_ARI,2025,12,2025-11-23,JAX,ARI,51.0,47.5,-105.0,-115.0,total_con_mercado,50.36483641034319,-0.6351635896568126,0.6351635896568126,1,0.0,2.8648364103431874,2.8648364103431874,0.5539382223338725,0.44606177766612753,OVER,0.5539382223338725,True,-105.0,1.9523809523809523,0.5121951219512195,0.04174310038265294,0.08149843408041768,0.9523809523809523
2025_12_MIN_GB,2025,12,2025-11-23,MIN,GB,29.0,41.5,-108.0,-112.0,total_con_mercado,40.26387303840523,11.26387303840523,11.26387303840523,0,0.0,-1.2361269615947705,1.2361269615947705,0.5292471508932312,0.47075284910676884,UNDER,0.47075284910676884,True,-112.0,1.8928571428571428,0.5283018867924528,-0.05754903768568398,-0.1089321070479019,0.8928571428571428
2025_12_NE_CIN,2025,12,2025-11-23,NE,CIN,46.0,50.5,-118.0,-102.0,total_con_mercado,44.49224569820139,-1.507754301798613,1.507754301798613,0,0.0,-6.007754301798613,6.007754301798613,0.5003453014681146,0.4996546985318854,UNDER,0.4996546985318854,True,-102.0,1.9803921568627452,0.504950495049505,-0.005295796517619578,-0.01048775388783485,0.9803921568627452
2025_12_NYG_DET,2025,12,2025-11-23,NYG,DET,61.0,50.5,-120.0,100.0,total_con_mercado,53.42541118899674,-7.5745888110032595,7.5745888110032595,1,0.0,2.9254111889967405,2.9254111889967405,0.5543012458631122,0.44569875413688775,OVER,0.5543012458631122,True,-120.0,1.8333333333333335,0.5454545454545454,0.008846700408566832,0.016218950749039118,0.8333333333333335
2025_12_NYJ_BAL,2025,12,2025-11-23,NYJ,BAL,33.0,44.5,-118.0,-102.0,total_con_mercado,42.43966624627153,9.439666246271528,9.439666246271528,0,0.0,-2.0603337537284716,2.0603337537284716,0.5242634920720066,0.4757365079279934,UNDER,0.4757365079279934,True,-102.0,1.9803921568627452,0.504950495049505,-0.029213987121511575,-0.0578551509661307,0.9803921568627452
2025_12_PHI_DAL,2025,12,2025-11-23,PHI,DAL,45.0,47.5,-120.0,100.0,total_con_mercado,46.22555577001634,1.2255557700163422,1.2255557700163422,0,0.0,-1.2744442299836578,1.2744442299836578,0.5290155827083003,0.4709844172916997,UNDER,0.4709844172916997,True,100.0,2.0,0.5,-0.02901558270830029,-0.05803116541660058,1.0
2025_12_PIT_CHI,2025,12,2025-11-23,PIT,CHI,59.0,46.5,-112.0,-108.0,total_con_mercado,50.32765902015628,-8.672340979843717,8.672340979843717,1,0.0,3.8276590201562826,3.8276590201562826,0.5597013370937304,0.4402986629062696,OVER,0.5597013370937304,True,-112.0,1.8928571428571428,0.5283018867924528,0.031399450301277554,0.05943467378456102,0.8928571428571428
2025_12_SEA_TEN,2025,12,2025-11-23,SEA,TEN,54.0,41.5,-110.0,-110.0,total_con_mercado,37.69604024778664,-16.303959752213366,16.303959752213366,1,0.0,-3.803959752213359,3.803959752213359,0.5137057360071435,0.48629426399285647,UNDER,0.48629426399285647,False,-110.0,1.9090909090909092,0.5238095238095238,-0.03751525981666737,-0.07162004146818302,-1.0
2025_12_TB_LA,2025,12,2025-11-23,TB,LA,41.0,49.5,-120.0,100.0,total_con_mercado,51.325474526475695,10.325474526475697,10.325474526475697,0,0.0,1.8254745264756949,1.8254745264756949,0.5477006993997157,0.45229930060028434,OVER,0.5477006993997157,False,-120.0,1.8333333333333335,0.5454545454545454,0.0022461539451702484,0.004117948899478696,-1.0
2025_12_CAR_SF,2025,12,2025-11-24,CAR,SF,29.0,48.5,-115.0,-105.0,total_con_mercado,48.24118894405327,19.24118894405327,19.24118894405327,0,0.0,-0.2588110559467296,0.2588110559467296,0.5351489743584718,0.46485102564152825,UNDER,0.46485102564152825,True,-105.0,1.9523809523809523,0.5121951219512195,-0.047344096309691275,-0.09243371184273064,0.9523809523809523
2025_13_CIN_BAL,2025,13,2025-11-27,CIN,BAL,46.0,52.5,-105.0,-115.0,total_con_mercado,45.8618421438696,-0.1381578561303982,0.1381578561303982,0,0.0,-6.638157856130398,6.638157856130398,0.49652257365815633,0.5034774263418437,UNDER,0.5034774263418437,True,-115.0,1.8695652173913042,0.5348837209302326,-0.03140629458838895,-0.058716115969596694,0.8695652173913042
2025_13_GB_DET,2025,13,2025-11-27,GB,DET,55.0,48.5,-110.0,-110.0,total_con_mercado,53.803228974625945,-1.1967710253740549,1.1967710253740549,1,0.0,5.303228974625945,5.303228974625945,0.5685019178454945,0.43149808215450547,OVER,0.5685019178454945,True,-110.0,1.9090909090909092,0.5238095238095238,0.044692394035970695,0.08532184315958058,0.9090909090909092
2025_13_KC_DAL,2025,13,2025-11-27,KC,DAL,59.0,53.5,-110.0,-110.0,total_con_mercado,48.86730541042141,-10.132694589578591,10.132694589578591,1,0.0,-4.632694589578591,4.632694589578591,0.5086828272475814,0.4913171727524186,UNDER,0.4913171727524186,False,-110.0,1.9090909090909092,0.5238095238095238,-0.03249235105710524,-0.06203085201810987,-1.0
2025_13_CHI_PHI,2025,13,2025-11-28,CHI,PHI,39.0,43.5,-105.0,-115.0,total_con_mercado,45.900078154496,6.900078154496001,6.900078154496001,0,0.0,2.4000781544960006,2.4000781544960006,0.551151048208057,0.44884895179194295,OVER,0.551151048208057,False,-105.0,1.9523809523809523,0.5121951219512195,0.038955926256837525,0.07605680840620654,-1.0
2025_13_ARI_TB,2025,13,2025-11-30,ARI,TB,37.0,44.5,-112.0,-108.0,total_con_mercado,44.876138686265335,7.876138686265335,7.876138686265335,0,0.0,0.3761386862653353,0.3761386862653353,0.5389781502295017,0.4610218497704983,OVER,0.5389781502295017,False,-112.0,1.8928571428571428,0.5283018867924528,0.01067626343704886,0.02020864150584245,-1.0
2025_13_ATL_NYJ,2025,13,2025-11-30,ATL,NYJ,51.0,38.5,-115.0,-105.0,total_con_mercado,40.71959963836087,-10.280400361639131,10.280400361639131,1,0.0,2.2195996383608687,2.2195996383608687,0.5500678348146406,0.4499321651853594,OVER,0.5500678348146406,True,-115.0,1.8695652173913042,0.5348837209302326,0.01518411388440799,0.028387691175197682,0.8695652173913042
2025_13_BUF_PIT,2025,13,2025-11-30,BUF,PIT,33.0,44.5,-108.0,-112.0,total_con_mercado,38.68302115152812,5.683021151528116,5.683021151528116,0,0.0,-5.8169788484718765,5.8169788484718765,0.5015021644306954,0.4984978355693046,UNDER,0.4984978355693046,True,-112.0,1.8928571428571428,0.5283018867924528,-0.02980405122314822,-0.05641481124381631,0.8928571428571428
2025_13_DEN_WAS,2025,13,2025-11-30,DEN,WAS,53.0,43.5,-108.0,-112.0,total_con_mercado,37.94448057622738,-15.055519423772624,15.055519423772624,1,0.0,-5.555519423772623,5.555519423772623,0.5030876266128886,0.49691237338711136,UNDER,0.49691237338711136,False,-112.0,1.8928571428571428,0.5283018867924528,-0.03138951340534146,-0.05941586466011062,-1.0
2025_13_HOU_IND,2025,13,2025-11-30,HOU,IND,36.0,44.5,-108.0,-112.0,total_con_mercado,47.01764783938957,11.017647839389568,11.017647839389568,0,0.0,2.517647839389568,2.517647839389568,0.551856429044399,0.448143570955601,OVER,0.551856429044399,False,-108.0,1.925925925925926,0.5192307692307692,0.03262565981362986,0.06283460408550923,-1.0
2025_13_JAX_TEN,2025,13,2025-11-30,JAX,TEN,28.0,42.5,-115.0,-105.0,total_con_mercado,41.52497899340047,13.524978993400468,13.524978993400468,0,0.0,-0.9750210065995333,0.9750210065995333,0.5308247892725745,0.4691752107274255,UNDER,0.4691752107274255,True,-105.0,1.9523809523809523,0.5121951219512195,-0.043019911223794005,-0.08399125524645501,0.9523809523809523
2025_13_LA_CAR,2025,13,2025-11-30,LA,CAR,59.0,44.5,-115.0,-105.0,total_con_mercado,51.56052698146871,-7.439473018531295,7.439473018531295,1,0.0,7.060526981468712,7.060526981468712,0.5789261842226517,0.42107381577734826,OVER,0.5789261842226517,True,-115.0,1.8695652173913042,0.5348837209302326,0.04404246329241912,0.08234025745974005,0.8695652173913042
2025_13_LV_LAC,2025,13,2025-11-30,LV,LAC,45.0,40.5,-112.0,-108.0,total_con_mercado,46.41450494446588,1.4145049444658824,1.4145049444658824,1,0.0,5.914504944465882,5.914504944465882,0.5721353778553584,0.4278646221446416,OVER,0.5721353778553584,True,-112.0,1.8928571428571428,0.5283018867924528,0.04383349106290557,0.08297053665478549,0.8928571428571428
2025_13_MIN_SEA,2025,13,2025-11-30,MIN,SEA,26.0,42.5,-110.0,-110.0,total_con_mercado,50.6127090392404,24.6127090392404,24.6127090392404,0,0.0,8.1127090392404,8.1127090392404,0.5851348166360529,0.41486518336394707,OVER,0.5851348166360529,False,-110.0,1.9090909090909092,0.5238095238095238,0.0613252928265291,0.1170755590324648,-1.0
2025_13_NO_MIA,2025,13,2025-11-30,NO,MIA,38.0,41.5,-115.0,-105.0,total_con_mercado,43.4800128270386,5.4800128270386,5.4800128270386,0,0.0,1.9800128270385997,1.9800128270385997,0.5486291275034513,0.4513708724965487,OVER,0.5486291275034513,False,-115.0,1.8695652173913042,0.5348837209302326,0.013745406573218655,0.025697934028191538,-1.0
2025_13_SF_CLE,2025,13,2025-11-30,SF,CLE,34.0,35.5,-108.0,-112.0,total_con_mercado,34.47083347769845,0.4708334776984486,0.4708334776984486,0,0.0,-1.0291665223015514,1.0291665223015514,0.5304976841401338,0.46950231585986624,UNDER,0.46950231585986624,True,-112.0,1.8928571428571428,0.5283018867924528,-0.05879957093258659,-0.1112991878366818,0.8928571428571428
2025_13_NYG_NE,2025,13,2025-12-01,NYG,NE,48.0,46.5,-115.0,-105.0,total_con_mercado,47.36215191693448,-0.6378480830655207,0.6378480830655207,1,0.0,0.8621519169344793,0.8621519169344793,0.5419060574382761,0.45809394256172387,OVER,0.5419060574382761,True,-115.0,1.8695652173913042,0.5348837209302326,0.007022336508043514,0.013128716080255343,0.8695652173913042
2025_14_DAL_DET,2025,14,2025-12-04,DAL,DET,74.0,55.5,-110.0,-110.0,total_con_mercado,55.92598406805879,-18.07401593194121,18.07401593194121,1,0.0,0.4259840680587885,0.4259840680587885,0.5392785628449804,0.46072143715501956,OVER,0.5392785628449804,True,-110.0,1.9090909090909092,0.5238095238095238,0.0154690390354566,0.02953180179496262,0.9090909090909092
2025_14_CHI_GB,2025,14,2025-12-07,CHI,GB,49.0,44.5,-105.0,-115.0,total_con_mercado,41.158141656828406,-7.841858343171594,7.841858343171594,1,0.0,-3.3418583431715945,3.3418583431715945,0.5165053663107354,0.4834946336892646,UNDER,0.4834946336892646,False,-115.0,1.8695652173913042,0.5348837209302326,-0.05138908724096802,-0.09607525005920103,-1.0
2025_14_CIN_BUF,2025,14,2025-12-07,CIN,BUF,73.0,54.5,-112.0,-108.0,total_con_mercado,59.14764739998304,-13.852352600016964,13.852352600016964,1,0.0,4.647647399983043,4.647647399983043,0.5645969019142058,0.43540309808579425,OVER,0.5645969019142058,True,-112.0,1.8928571428571428,0.5283018867924528,0.03629501512175293,0.0687012786233181,0.8928571428571428
2025_14_DEN_LV,2025,14,2025-12-07,DEN,LV,41.0,40.5,-105.0,-115.0,total_con_mercado,39.26964756798,-1.7303524320200054,1.7303524320200054,1,0.0,-1.2303524320199983,1.2303524320199983,0.5292820478380242,0.47071795216197576,UNDER,0.47071795216197576,False,-115.0,1.8695652173913042,0.5348837209302326,-0.06416576876825686,-0.11996208943630626,-1.0
2025_14_HOU_KC,2025,14,2025-12-07,HOU,KC,30.0,41.5,-110.0,-110.0,total_con_mercado,42.34226519894425,12.342265198944247,12.342265198944247,0,0.0,0.8422651989442471,0.8422651989442471,0.5417863085387967,0.4582136914612033,OVER,0.5417863085387967,False,-110.0,1.9090909090909092,0.5238095238095238,0.017976784729272888,0.03431931630133933,-1.0
2025_14_IND_JAX,2025,14,2025-12-07,IND,JAX,55.0,44.5,-115.0,-105.0,total_con_mercado,44.964281953272746,-10.035718046727254,10.035718046727254,1,0.0,0.4642819532727458,0.4642819532727458,0.5395093606015291,0.4604906393984709,OVER,0.5395093606015291,True,-115.0,1.8695652173913042,0.5348837209302326,0.004625639671296478,0.008647935037641385,0.8695652173913042
2025_14_LA_ARI,2025,14,2025-12-07,LA,ARI,62.0,49.5,-110.0,-110.0,total_con_mercado,46.290831749408575,-15.709168250591423,15.709168250591423,1,0.0,-3.209168250591425,3.209168250591425,0.5173090823554451,0.48269091764455485,UNDER,0.48269091764455485,False,-110.0,1.9090909090909092,0.5238095238095238,-0.041118606164968985,-0.07849915722403156,-1.0
2025_14_MIA_NYJ,2025,14,2025-12-07,MIA,NYJ,44.0,41.5,-108.0,-112.0,total_con_mercado,40.323599752414246,-3.676400247585754,3.676400247585754,1,0.0,-1.1764002475857538,1.1764002475857538,0.5296080806765472,0.4703919193234528,UNDER,0.4703919193234528,False,-112.0,1.8928571428571428,0.5283018867924528,-0.05790996746900001,-0.10961529556632155,-1.0
2025_14_NO_TB,2025,14,2025-12-07,NO,TB,44.0,41.5,-115.0,-105.0,total_con_mercado,44.75688381680998,0.7568838168099816,0.7568838168099816,1,0.0,3.2568838168099816,3.2568838168099816,0.5562867195167975,0.44371328048320247,OVER,0.5562867195167975,True,-115.0,1.8695652173913042,0.5348837209302326,0.021402998586564914,0.040014301705316946,0.8695652173913042
2025_14_PIT_BAL,2025,14,2025-12-07,PIT,BAL,49.0,43.5,-115.0,-105.0,total_con_mercado,42.3054578874488,-6.694542112551204,6.694542112551204,1,0.0,-1.194542112551197,1.194542112551197,0.5294984522635224,0.47050154773647757,UNDER,0.47050154773647757,False,-105.0,1.9523809523809523,0.5121951219512195,-0.04169357421474196,-0.08140174013354384,-1.0
2025_14_SEA_ATL,2025,14,2025-12-07,SEA,ATL,46.0,44.5,-112.0,-108.0,total_con_mercado,43.623603278064266,-2.376396721935734,2.376396721935734,1,0.0,-0.876396721935734,0.876396721935734,0.5314205323155403,0.4685794676844597,UNDER,0.4685794676844597,False,-108.0,1.925925925925926,0.5192307692307692,-0.05065130154630948,-0.09755065482992942,-1.0
2025_14_TEN_CLE,2025,14,2025-12-07,TEN,CLE,60.0,33.5,-115.0,-105.0,total_con_mercado,36.63610146497384,-23.363898535026166,23.363898535026166,1,0.0,3.136101464973841,3.136101464973841,0.5555634552591664,0.4444365447408336,OVER,0.5555634552591664,True,-115.0,1.8695652173913042,0.5348837209302326,0.020679734328933774,0.03866211200626757,0.8695652173913042
2025_14_WAS_MIN,2025,14,2025-12-07,WAS,MIN,31.0,43.5,-118.0,-102.0,total_con_mercado,41.339863887470415,10.339863887470417,10.339863887470417,0,0.0,-2.1601361125295853,2.1601361125295853,0.5236596779159944,0.47634032208400556,UNDER,0.47634032208400556,True,-102.0,1.9803921568627452,0.504950495049505,-0.028610172965499392,-0.05665936214736145,0.9803921568627452
2025_14_PHI_LAC,2025,14,2025-12-08,PHI,LAC,41.0,41.5,-115.0,-105.0,total_con_mercado,44.64322560924473,3.6432256092447295,3.6432256092447295,0,0.0,3.1432256092447304,3.1432256092447304,0.5556061223525106,0.4443938776474894,OVER,0.5556061223525106,False,-115.0,1.8695652173913042,0.5348837209302326,0.020722401422277992,0.038741880919911154,-1.0
2025_15_ATL_TB,2025,15,2025-12-11,ATL,TB,57.0,43.5,-110.0,-110.0,total_con_mercado,45.210909859326826,-11.789090140673174,11.789090140673174,1,0.0,1.7109098593268257,1.7109098593268257,0.5470122083609076,0.4529877916390924,OVER,0.5470122083609076,True,-110.0,1.9090909090909092,0.5238095238095238,0.023202684551383745,0.04429603414355099,0.9090909090909092
2025_15_ARI_HOU,2025,15,2025-12-14,ARI,HOU,60.0,42.5,-108.0,-112.0,total_con_mercado,45.70672861950338,-14.29327138049662,14.29327138049662,1,0.0,3.20672861950338,3.20672861950338,0.5559864108682643,0.4440135891317357,OVER,0.5559864108682643,True,-108.0,1.925925925925926,0.5192307692307692,0.03675564163749512,0.07078864315369415,0.925925925925926
2025_15_BAL_CIN,2025,15,2025-12-14,BAL,CIN,24.0,51.5,-110.0,-110.0,total_con_mercado,47.468434957462144,23.468434957462144,23.468434957462144,0,0.0,-4.031565042537856,4.031565042537856,0.5123264676765773,0.4876735323234227,UNDER,0.4876735323234227,True,-110.0,1.9090909090909092,0.5238095238095238,-0.03613599148610114,-0.06898689283710213,0.9090909090909092
2025_15_BUF_NE,2025,15,2025-12-14,BUF,NE,66.0,49.5,-115.0,-105.0,total_con_mercado,52.86274025212671,-13.137259747873294,13.137259747873294,1,0.0,3.362740252126713,3.362740252126713,0.5569204089631691,0.4430795910368309,OVER,0.5569204089631691,True,-115.0,1.8695652173913042,0.5348837209302326,0.022036688032936458,0.041199025452881344,0.8695652173913042
2025_15_CAR_NO,2025,15,2025-12-14,CAR,NO,37.0,41.5,-112.0,-108.0,total_con_mercado,42.11682562901016,5.116825629010158,5.116825629010158,0,0.0,0.6168256290101581,0.6168256290101581,0.5404284782561101,0.45957152174388993,OVER,0.5404284782561101,False,-112.0,1.8928571428571428,0.5283018867924528,0.012126591463657244,0.022953905270494124,-1.0
2025_15_CLE_CHI,2025,15,2025-12-14,CLE,CHI,34.0,38.5,-105.0,-115.0,total_con_mercado,45.19422595681496,11.194225956814954,11.194225956814954,0,0.0,6.694225956814961,6.694225956814961,0.5767587673270302,0.42324123267296976,OVER,0.5767587673270302,False,-105.0,1.9523809523809523,0.5121951219512195,0.06456364537581072,0.12605283144801138,-1.0
2025_15_DET_LA,2025,15,2025-12-14,DET,LA,75.0,54.5,-115.0,-105.0,total_con_mercado,55.49354597176039,-19.50645402823961,19.50645402823961,1,0.0,0.9935459717603905,0.9935459717603905,0.5426971312226246,0.45730286877737536,OVER,0.5426971312226246,True,-115.0,1.8695652173913042,0.5348837209302326,0.00781341029239202,0.014607680111863308,0.8695652173913042
2025_15_GB_DEN,2025,15,2025-12-14,GB,DEN,60.0,42.5,-105.0,-115.0,total_con_mercado,42.784166857829945,-17.215833142170055,17.215833142170055,1,0.0,0.2841668578299448,0.2841668578299448,0.5384237720025116,0.46157622799748843,OVER,0.5384237720025116,True,-105.0,1.9523809523809523,0.5121951219512195,0.026228650051292046,0.05120831676680826,0.9523809523809523
2025_15_IND_SEA,2025,15,2025-12-14,IND,SEA,34.0,41.5,-112.0,-108.0,total_con_mercado,39.39366568163297,5.393665681632967,5.393665681632967,0,0.0,-2.1063343183670327,2.1063343183670327,0.523985192805307,0.476014807194693,UNDER,0.476014807194693,True,-108.0,1.925925925925926,0.5192307692307692,-0.04321596203607614,-0.08323074169910971,0.925925925925926
2025_15_LAC_KC,2025,15,2025-12-14,LAC,KC,29.0,41.5,-112.0,-108.0,total_con_mercado,39.76557530795764,10.76557530795764,10.76557530795764,0,0.0,-1.73442469204236,1.73442469204236,0.5262347709448005,0.47376522905519947,UNDER,0.47376522905519947,True,-108.0,1.925925925925926,0.5192307692307692,-0.045465540175569696,-0.08756326256035651,0.925925925925926
2025_15_LV_PHI,2025,15,2025-12-14,LV,PHI,31.0,37.5,-102.0,-118.0,total_con_mercado,33.15224583811586,2.15224583811586,2.15224583811586,0,0.0,-4.34775416188414,4.34775416188414,0.510410081982827,0.489589918017173,UNDER,0.489589918017173,True,-118.0,1.847457627118644,0.5412844036697247,-0.05169448565255175,-0.0955033717987821,0.847457627118644
2025_15_MIN_DAL,2025,15,2025-12-14,MIN,DAL,60.0,47.5,-118.0,-102.0,total_con_mercado,48.88294327169269,-11.117056728307311,11.117056728307311,1,0.0,1.3829432716926888,1.3829432716926888,0.5450402653042381,0.4549597346957619,OVER,0.5450402653042381,True,-118.0,1.847457627118644,0.5412844036697247,0.0037558616345133577,0.006938795223083938,0.847457627118644
2025_15_NYJ_JAX,2025,15,2025-12-14,NYJ,JAX,68.0,40.5,-105.0,-115.0,total_con_mercado,40.71523019787239,-27.284769802127613,27.284769802127613,1,0.0,0.21523019787238695,0.21523019787238695,0.5380081803737669,0.46199181962623315,OVER,0.5380081803737669,True,-105.0,1.9523809523809523,0.5121951219512195,0.02581305842254733,0.050396923586878195,0.9523809523809523
2025_15_TEN_SF,2025,15,2025-12-14,TEN,SF,61.0,44.5,-108.0,-112.0,total_con_mercado,43.380909492268,-17.619090507731997,17.619090507731997,1,0.0,-1.1190905077319968,1.1190905077319968,0.5299543755309226,0.4700456244690774,UNDER,0.4700456244690774,False,-112.0,1.8928571428571428,0.5283018867924528,-0.05825626232337544,-0.11027078225496068,-1.0
2025_15_WAS_NYG,2025,15,2025-12-14,WAS,NYG,50.0,46.5,-105.0,-115.0,total_con_mercado,42.30264645757046,-7.697353542429539,7.697353542429539,1,0.0,-4.197353542429539,4.197353542429539,0.511321684363899,0.488678315636101,UNDER,0.488678315636101,False,-115.0,1.8695652173913042,0.5348837209302326,-0.04620540529413164,-0.08638401859337652,-1.0
2025_15_MIA_PIT,2025,15,2025-12-15,MIA,PIT,43.0,42.5,-115.0,-105.0,total_con_mercado,38.05746329758991,-4.942536702410095,4.942536702410095,1,0.0,-4.442536702410088,4.442536702410088,0.5098355537849296,0.4901644462150704,UNDER,0.4901644462150704,False,-105.0,1.9523809523809523,0.5121951219512195,-0.02203067573614914,-0.04301227167533883,-1.0
2025_16_LA_SEA,2025,16,2025-12-18,LA,SEA,75.0,42.5,-115.0,-105.0,total_con_mercado,39.99387336185319,-35.00612663814681,35.00612663814681,1,0.0,-2.50612663814681,2.50612663814681,0.5215658765916968,0.47843412340830316,UNDER,0.47843412340830316,False,-105.0,1.9523809523809523,0.5121951219512195,-0.033760998542916365,-0.065914330488551,-1.0
2025_16_GB_CHI,2025,16,2025-12-20,GB,CHI,38.0,45.5,-105.0,-115.0,total_con_mercado,49.81171643755872,11.811716437558722,11.811716437558722,0,0.0,4.311716437558722,4.311716437558722,0.5625927650277531,0.43740723497224687,OVER,0.5625927650277531,False,-105.0,1.9523809523809523,0.5121951219512195,0.050397643076533605,0.09839539838751787,-1.0
2025_16_PHI_WAS,2025,16,2025-12-20,PHI,WAS,47.0,43.5,-110.0,-110.0,total_con_mercado,42.7058101875158,-4.294189812484198,4.294189812484198,1,0.0,-0.7941898124841984,0.7941898124841984,0.5319170373350952,0.4680829626649048,UNDER,0.4680829626649048,False,-110.0,1.9090909090909092,0.5238095238095238,-0.05572656114461905,-0.10638707127609082,-1.0
2025_16_ATL_ARI,2025,16,2025-12-21,ATL,ARI,45.0,48.5,-115.0,-105.0,total_con_mercado,49.60559975288461,4.605599752884608,4.605599752884608,0,0.0,1.1055997528846078,1.1055997528846078,0.5433715946319295,0.4566284053680705,OVER,0.5433715946319295,False,-115.0,1.8695652173913042,0.5348837209302326,0.008487873701696902,0.01586863344230305,-1.0
2025_16_BUF_CLE,2025,16,2025-12-21,BUF,CLE,43.0,41.5,-102.0,-118.0,total_con_mercado,45.25455615994353,2.254556159943533,2.254556159943533,1,0.0,3.754556159943533,3.754556159943533,0.5592643133483901,0.4407356866516099,OVER,0.5592643133483901,True,-102.0,1.9803921568627452,0.504950495049505,0.05431381829888515,0.10756265976838053,0.9803921568627452
2025_16_CIN_MIA,2025,16,2025-12-21,CIN,MIA,66.0,48.5,-108.0,-112.0,total_con_mercado,47.6917684909392,-18.308231509060803,18.308231509060803,1,0.0,-0.8082315090608034,0.8082315090608034,0.5318322341573369,0.46816776584266306,UNDER,0.46816776584266306,False,-112.0,1.8928571428571428,0.5283018867924528,-0.06013412094978976,-0.11382530036924499,-1.0
2025_16_JAX_DEN,2025,16,2025-12-21,JAX,DEN,54.0,46.5,-112.0,-108.0,total_con_mercado,49.38287412512324,-4.617125874876763,4.617125874876763,1,0.0,2.8828741251232373,2.8828741251232373,0.5540463280588757,0.44595367194112434,OVER,0.5540463280588757,True,-112.0,1.8928571428571428,0.5283018867924528,0.025744441266422835,0.048730549540014545,0.8928571428571428
2025_16_KC_TEN,2025,16,2025-12-21,KC,TEN,35.0,37.5,-110.0,-110.0,total_con_mercado,35.0524277817806,0.0524277817806009,0.0524277817806009,0,0.0,-2.447572218219399,2.447572218219399,0.5219202806736412,0.47807971932635884,UNDER,0.47807971932635884,True,-110.0,1.9090909090909092,0.5238095238095238,-0.04572980448316499,-0.08730235401331488,0.9090909090909092
2025_16_LAC_DAL,2025,16,2025-12-21,LAC,DAL,51.0,50.5,-118.0,-102.0,total_con_mercado,46.942276740102365,-4.057723259897635,4.057723259897635,1,0.0,-3.557723259897635,3.557723259897635,0.5151976721226141,0.48480232787738586,UNDER,0.48480232787738586,False,-102.0,1.9803921568627452,0.504950495049505,-0.02014816717211909,-0.039901272242824026,-1.0
2025_16_LV_HOU,2025,16,2025-12-21,LV,HOU,44.0,39.5,-110.0,-110.0,total_con_mercado,43.45984572004545,-0.5401542799545496,0.5401542799545496,1,0.0,3.9598457200454504,3.9598457200454504,0.5604913406820697,0.43950865931793026,OVER,0.5604913406820697,True,-110.0,1.9090909090909092,0.5238095238095238,0.0366818168725459,0.07002892312031506,0.9090909090909092
2025_16_MIN_NYG,2025,16,2025-12-21,MIN,NYG,29.0,41.5,-105.0,-115.0,total_con_mercado,36.820955181631696,7.820955181631696,7.820955181631696,0,0.0,-4.679044818368304,4.679044818368304,0.5084018402738856,0.4915981597261144,UNDER,0.4915981597261144,True,-115.0,1.8695652173913042,0.5348837209302326,-0.043285561204118195,-0.0809251796424818,0.8695652173913042
2025_16_NE_BAL,2025,16,2025-12-21,NE,BAL,52.0,48.5,-108.0,-112.0,total_con_mercado,46.03796709918316,-5.962032900816837,5.962032900816837,1,0.0,-2.462032900816837,2.462032900816837,0.5218327585770602,0.47816724142293976,UNDER,0.47816724142293976,False,-112.0,1.8928571428571428,0.5283018867924528,-0.050134645369513064,-0.0948977215922926,-1.0
2025_16_NYJ_NO,2025,16,2025-12-21,NYJ,NO,35.0,39.5,-115.0,-105.0,total_con_mercado,43.71949256105064,8.719492561050643,8.719492561050643,0,0.0,4.219492561050643,4.219492561050643,0.5620422043352846,0.4379577956647154,OVER,0.5620422043352846,False,-115.0,1.8695652173913042,0.5348837209302326,0.027158483405052003,0.050774555931184295,-1.0
2025_16_PIT_DET,2025,16,2025-12-21,PIT,DET,53.0,52.5,-105.0,-115.0,total_con_mercado,54.68192205587931,1.681922055879312,1.681922055879312,1,0.0,2.181922055879312,2.181922055879312,0.5498416375993818,0.45015836240061824,OVER,0.5498416375993818,True,-105.0,1.9523809523809523,0.5121951219512195,0.03764651564816224,0.0735003400749834,0.9523809523809523
2025_16_TB_CAR,2025,16,2025-12-21,TB,CAR,43.0,44.5,-112.0,-108.0,total_con_mercado,46.146651660380975,3.146651660380975,3.146651660380975,0,0.0,1.646651660380975,1.646651660380975,0.5466259615626631,0.4533740384373369,OVER,0.5466259615626631,False,-112.0,1.8928571428571428,0.5283018867924528,0.018324074770210252,0.03468485581504077,-1.0
2025_16_SF_IND,2025,16,2025-12-22,SF,IND,75.0,46.5,-102.0,-118.0,total_con_mercado,48.66441969624943,-26.335580303750568,26.335580303750568,1,0.0,2.164419696249432,2.164419696249432,0.5497365552380467,0.45026344476195335,OVER,0.5497365552380467,True,-102.0,1.9803921568627452,0.504950495049505,0.0447860601885417,0.08869396233417093,0.9803921568627452
2025_17_DAL_WAS,2025,17,2025-12-25,DAL,WAS,53.0,50.5,-112.0,-108.0,total_con_mercado,49.88638888552664,-3.1136111144733647,3.1136111144733647,1,0.0,-0.6136111144733576,0.6136111144733576,0.5330074551491017,0.46699254485089825,UNDER,0.46699254485089825,False,-108.0,1.925925925925926,0.5192307692307692,-0.05223822437987091,-0.10060695065752923,-1.0
2025_17_DEN_KC,2025,17,2025-12-25,DEN,KC,33.0,37.5,-120.0,100.0,total_con_mercado,34.34142290465521,1.3414229046552109,1.3414229046552109,0,0.0,-3.158577095344789,3.158577095344789,0.5176154942628834,0.48238450573711655,UNDER,0.48238450573711655,True,100.0,2.0,0.5,-0.017615494262883447,-0.03523098852576689,1.0
2025_17_DET_MIN,2025,17,2025-12-25,DET,MIN,33.0,45.5,-105.0,-115.0,total_con_mercado,36.3789598491191,3.378959849119098,3.378959849119098,0,0.0,-9.121040150880901,9.121040150880901,0.4814747370493552,0.5185252629506448,UNDER,0.5185252629506448,True,-115.0,1.8695652173913042,0.5348837209302326,-0.016358457979587793,-0.030583204048794554,0.8695652173913042
2025_17_BAL_GB,2025,17,2025-12-27,BAL,GB,65.0,38.5,-105.0,-115.0,total_con_mercado,36.295131783177744,-28.704868216822256,28.704868216822256,1,0.0,-2.2048682168222555,2.2048682168222555,0.5233890216999028,0.47661097830009724,UNDER,0.47661097830009724,False,-115.0,1.8695652173913042,0.5348837209302326,-0.05827274263013538,-0.10894469274329655,-1.0
2025_17_HOU_LAC,2025,17,2025-12-27,HOU,LAC,36.0,40.5,-115.0,-105.0,total_con_mercado,43.26167519440423,7.261675194404226,7.261675194404226,0,0.0,2.7616751944042335,2.7616751944042335,0.5533198468257897,0.4466801531742103,OVER,0.5533198468257897,False,-115.0,1.8695652173913042,0.5348837209302326,0.0184361258955571,0.034467539717780715,-1.0
2025_17_ARI_CIN,2025,17,2025-12-28,ARI,CIN,51.0,52.5,-115.0,-105.0,total_con_mercado,50.61741548707571,-0.3825845129242893,0.3825845129242893,0,0.0,-1.8825845129242893,1.8825845129242893,0.525338715796449,0.474661284203551,UNDER,0.474661284203551,True,-105.0,1.9523809523809523,0.5121951219512195,-0.0375338377476685,-0.07328034988830512,0.9523809523809523
2025_17_CHI_SF,2025,17,2025-12-28,CHI,SF,80.0,51.5,-108.0,-112.0,total_con_mercado,54.84463452132287,-25.155365478677133,25.155365478677133,1,0.0,3.3446345213228668,3.3446345213228668,0.556812035518289,0.44318796448171105,OVER,0.556812035518289,True,-108.0,1.925925925925926,0.5192307692307692,0.03758126628751979,0.07237873507226023,0.925925925925926
2025_17_JAX_IND,2025,17,2025-12-28,JAX,IND,40.0,48.5,-112.0,-108.0,total_con_mercado,50.73960062684012,10.739600626840115,10.739600626840115,0,0.0,2.2396006268401223,2.2396006268401223,0.5501879022638878,0.4498120977361122,OVER,0.5501879022638878,False,-112.0,1.8928571428571428,0.5283018867924528,0.021886015471434983,0.041427100713787635,-1.0
2025_17_NE_NYJ,2025,17,2025-12-28,NE,NYJ,52.0,42.5,-108.0,-112.0,total_con_mercado,40.34752264428745,-11.652477355712549,11.652477355712549,1,0.0,-2.1524773557125485,2.1524773557125485,0.5237060166260908,0.47629398337390916,UNDER,0.47629398337390916,False,-112.0,1.8928571428571428,0.5283018867924528,-0.052007903418543666,-0.09844353147081486,-1.0
2025_17_NO_TEN,2025,17,2025-12-28,NO,TEN,60.0,39.5,-102.0,-118.0,total_con_mercado,37.706006472682034,-22.29399352731797,22.29399352731797,1,0.0,-1.7939935273179657,1.7939935273179657,0.5258745248259363,0.47412547517406367,UNDER,0.47412547517406367,False,-118.0,1.847457627118644,0.5412844036697247,-0.06715892849566107,-0.12407327467842477,-1.0
2025_17_NYG_LV,2025,17,2025-12-28,NYG,LV,44.0,40.5,-108.0,-112.0,total_con_mercado,45.39499779424452,1.3949977942445173,1.3949977942445173,1,0.0,4.894997794244517,4.894997794244517,0.5660712299210321,0.4339287700789679,OVER,0.5660712299210321,True,-108.0,1.925925925925926,0.5192307692307692,0.04684046069026293,0.09021125762569149,0.925925925925926
2025_17_PHI_BUF,2025,17,2025-12-28,PHI,BUF,25.0,45.5,-105.0,-115.0,total_con_mercado,50.05966963233437,25.05966963233437,25.05966963233437,0,0.0,4.559669632334369,4.559669632334369,0.5640722349245955,0.43592776507540454,OVER,0.5640722349245955,False,-105.0,1.9523809523809523,0.5121951219512195,0.05187711297337594,0.10128388723373405,-1.0
2025_17_PIT_CLE,2025,17,2025-12-28,PIT,CLE,19.0,35.5,-108.0,-112.0,total_con_mercado,30.993572437496823,11.993572437496823,11.993572437496823,0,0.0,-4.506427562503177,4.506427562503177,0.5094482620020724,0.4905517379979276,UNDER,0.4905517379979276,True,-112.0,1.8928571428571428,0.5283018867924528,-0.03775014879452521,-0.07145563878963701,0.8928571428571428
2025_17_SEA_CAR,2025,17,2025-12-28,SEA,CAR,37.0,42.5,-110.0,-110.0,total_con_mercado,51.20400401766668,14.204004017666676,14.204004017666676,0,0.0,8.704004017666684,8.704004017666684,0.5886121858450651,0.41138781415493486,OVER,0.5886121858450651,False,-110.0,1.9090909090909092,0.5238095238095238,0.0648026620355413,0.12371417297694265,-1.0
2025_17_TB_MIA,2025,17,2025-12-28,TB,MIA,37.0,44.5,-102.0,-118.0,total_con_mercado,45.09794019618465,8.097940196184652,8.097940196184652,0,0.0,0.597940196184652,0.597940196184652,0.5403147031094873,0.45968529689051274,OVER,0.5403147031094873,False,-102.0,1.9803921568627452,0.504950495049505,0.035364208059982305,0.07003500027565135,-1.0
2025_17_LA_ATL,2025,17,2025-12-29,LA,ATL,51.0,48.5,-115.0,-105.0,total_con_mercado,48.16209869678737,-2.8379013032126323,2.8379013032126323,1,0.0,-0.33790130321263234,0.33790130321263234,0.5346717070722883,0.4653282929277117,UNDER,0.4653282929277117,False,-105.0,1.9523809523809523,0.5121951219512195,-0.046866829023507806,-0.09150190428399141,-1.0
2025_18_CAR_TB,2025,18,2026-01-03,CAR,TB,30.0,43.5,-102.0,-118.0,total_con_mercado,41.7491949186773,11.749194918677304,11.749194918677304,0,0.0,-1.750805081322703,1.750805081322703,0.5261357122607304,0.4738642877392696,UNDER,0.4738642877392696,True,-118.0,1.847457627118644,0.5412844036697247,-0.06742011593045516,-0.12455580739694261,0.847457627118644
2025_18_SEA_SF,2025,18,2026-01-03,SEA,SF,16.0,47.5,-115.0,-105.0,total_con_mercado,53.73653973658058,37.73653973658058,37.73653973658058,0,0.0,6.236539736580582,6.236539736580582,0.5740464725894364,0.4259535274105636,OVER,0.5740464725894364,False,-115.0,1.8695652173913042,0.5348837209302326,0.0391627516592038,0.07321731831938094,-1.0
2025_18_ARI_LA,2025,18,2026-01-04,ARI,LA,57.0,49.5,-112.0,-108.0,total_con_mercado,46.50342358696527,-10.496576413034733,10.496576413034733,1,0.0,-2.996576413034731,2.996576413034731,0.5185965821913916,0.4814034178086084,UNDER,0.4814034178086084,False,-108.0,1.925925925925926,0.5192307692307692,-0.03782735142216076,-0.07285267681305041,-1.0
2025_18_BAL_PIT,2025,18,2026-01-04,BAL,PIT,50.0,41.5,-110.0,-110.0,total_con_mercado,43.92910074842688,-6.070899251573117,6.070899251573117,1,0.0,2.429100748426883,2.429100748426883,0.5513251938107353,0.4486748061892647,OVER,0.5513251938107353,True,-110.0,1.9090909090909092,0.5238095238095238,0.027515670001211467,0.05252991545685837,0.9090909090909092
2025_18_CLE_CIN,2025,18,2026-01-04,CLE,CIN,38.0,47.5,-102.0,-118.0,total_con_mercado,47.714124092163,9.714124092162995,9.714124092162995,0,0.0,0.21412409216299721,0.21412409216299721,0.5380015116714407,0.4619984883285593,OVER,0.5380015116714407,False,-102.0,1.9803921568627452,0.504950495049505,0.03305101662193577,0.06545397409442177,-1.0
2025_18_DAL_NYG,2025,18,2026-01-04,DAL,NYG,51.0,50.5,-105.0,-115.0,total_con_mercado,47.940415741446245,-3.059584258553756,3.059584258553756,1,0.0,-2.5595842585537554,2.5595842585537554,0.5212423022216359,0.4787576977783641,UNDER,0.4787576977783641,False,-115.0,1.8695652173913042,0.5348837209302326,-0.05612602315186854,-0.1049312606752324,-1.0
2025_18_DET_CHI,2025,18,2026-01-04,DET,CHI,35.0,51.5,-105.0,-115.0,total_con_mercado,52.96572619183826,17.965726191838264,17.965726191838264,0,0.0,1.4657261918382574,1.4657261918382574,0.5455381444774813,0.4544618555225187,OVER,0.5455381444774813,False,-105.0,1.9523809523809523,0.5121951219512195,0.033343022526261756,0.0650982820750825,-1.0
2025_18_GB_MIN,2025,18,2026-01-04,GB,MIN,19.0,37.5,-102.0,-118.0,total_con_mercado,38.04881032078252,19.048810320782515,19.048810320782515,0,0.0,0.5488103207825219,0.5488103207825219,0.5400187008911838,0.45998129910881624,OVER,0.5400187008911838,False,-102.0,1.9803921568627452,0.504950495049505,0.0350682058416788,0.06944879980410912,-1.0
2025_18_IND_HOU,2025,18,2026-01-04,IND,HOU,68.0,37.5,-112.0,-108.0,total_con_mercado,41.82094247484701,-26.17905752515299,26.17905752515299,1,0.0,4.320942474847008,4.320942474847008,0.5626478344240872,0.43735216557591283,OVER,0.5626478344240872,True,-112.0,1.8928571428571428,0.5283018867924528,0.034345947631634344,0.06501197230273648,0.8928571428571428
2025_18_KC_LV,2025,18,2026-01-04,KC,LV,26.0,36.5,-102.0,-118.0,total_con_mercado,35.86524025719541,9.86524025719541,9.86524025719541,0,0.0,-0.6347597428045901,0.6347597428045901,0.5328797660360177,0.4671202339639823,UNDER,0.4671202339639823,True,-118.0,1.847457627118644,0.5412844036697247,-0.07416416970574247,-0.13701516098179545,0.847457627118644
2025_18_LAC_DEN,2025,18,2026-01-04,LAC,DEN,22.0,37.5,-115.0,-105.0,total_con_mercado,37.364056425953606,15.364056425953606,15.364056425953606,0,0.0,-0.13594357404639368,0.13594357404639368,0.5358902858388409,0.4641097141611591,UNDER,0.4641097141611591,True,-105.0,1.9523809523809523,0.5121951219512195,-0.04808540779006043,-0.09388103425678462,0.9523809523809523
2025_18_MIA_NE,2025,18,2026-01-04,MIA,NE,48.0,44.5,-108.0,-112.0,total_con_mercado,47.03036394703107,-0.96963605296893,0.96963605296893,1,0.0,2.53036394703107,2.53036394703107,0.5519327092074865,0.4480672907925135,OVER,0.5519327092074865,True,-108.0,1.925925925925926,0.5192307692307692,0.03270193997671733,0.06298151402923335,0.925925925925926
2025_18_NO_ATL,2025,18,2026-01-04,NO,ATL,36.0,43.5,-108.0,-112.0,total_con_mercado,41.76865853884219,5.768658538842189,5.768658538842189,0,0.0,-1.731341461157811,1.731341461157811,0.5262534162291036,0.4737465837708964,UNDER,0.4737465837708964,True,-112.0,1.8928571428571428,0.5283018867924528,-0.05455530302155642,-0.10326539500508902,0.8928571428571428
2025_18_NYJ_BUF,2025,18,2026-01-04,NYJ,BUF,43.0,39.5,-105.0,-115.0,total_con_mercado,43.49243915588738,0.4924391558873822,0.4924391558873822,1,0.0,3.992439155887382,3.992439155887382,0.5606860858928151,0.4393139141071849,OVER,0.5606860858928151,True,-105.0,1.9523809523809523,0.5121951219512195,0.04849096394159558,0.09467283436216278,0.9523809523809523
2025_18_TEN_JAX,2025,18,2026-01-04,TEN,JAX,48.0,46.5,-108.0,-112.0,total_con_mercado,42.22415772108727,-5.775842278912734,5.775842278912734,1,0.0,-4.275842278912727,4.275842278912727,0.5108459605003405,0.4891540394996595,UNDER,0.4891540394996595,False,-112.0,1.8928571428571428,0.5283018867924528,-0.0391478472927933,-0.0741012823756445,-1.0
2025_18_WAS_PHI,2025,18,2026-01-04,WAS,PHI,41.0,38.5,-112.0,-108.0,total_con_mercado,39.34313713944934,-1.6568628605506603,1.6568628605506603,1,0.0,0.8431371394493397,0.8431371394493397,0.5417915590748743,0.4582084409251257,OVER,0.5417915590748743,True,-112.0,1.8928571428571428,0.5283018867924528,0.013489672282421483,0.025534022534583478,0.8928571428571428
2026_01_NE_SEA,2026,1,2026-09-09,NE,SEA,23.0,44.5,-108.0,-112.0,total_con_mercado,41.35408462478244,18.35408462478244,18.35408462478244,0,0.0,-3.1459153752175624,3.1459153752175624,0.5176921795529771,0.4823078204470229,UNDER,0.4823078204470229,True,-112.0,1.8928571428571428,0.5283018867924528,-0.04599406634542991,-0.08706019701099232,0.8928571428571428
2026_01_SF_LA,2026,1,2026-09-10,SF,LA,34.0,47.5,-115.0,-105.0,total_con_mercado,52.92734821300974,18.927348213009743,18.927348213009743,0,0.0,5.4273482130097435,5.4273482130097435,0.569240299861864,0.430759700138136,OVER,0.569240299861864,False,-115.0,1.8695652173913042,0.5348837209302326,0.034356578931631354,0.06423186495913691,-1.0
2026_01_ARI_LAC,2026,1,2026-09-13,ARI,LAC,40.0,47.5,-102.0,-118.0,total_con_mercado,48.37662182975512,8.376621829755116,8.376621829755116,0,0.0,0.8766218297551234,0.8766218297551234,0.5419931857236359,0.45800681427636414,OVER,0.5419931857236359,False,-102.0,1.9803921568627452,0.504950495049505,0.03704269067413091,0.07335905408014165,-1.0
2026_01_ATL_PIT,2026,1,2026-09-13,ATL,PIT,33.0,40.5,-112.0,-108.0,total_con_mercado,43.64019043443796,10.640190434437956,10.640190434437956,0,0.0,3.1401904344379616,3.1401904344379616,0.5555879445380378,0.44441205546196216,OVER,0.5555879445380378,False,-112.0,1.8928571428571428,0.5283018867924528,0.027286057745585013,0.051648609304143056,-1.0
2026_01_BAL_IND,2026,1,2026-09-13,BAL,IND,64.0,48.5,-102.0,-118.0,total_con_mercado,54.38189772606778,-9.618102273932216,9.618102273932216,1,0.0,5.881897726067777,5.881897726067777,0.5719417513619732,0.4280582486380268,OVER,0.5719417513619732,True,-102.0,1.9803921568627452,0.504950495049505,0.06699125631246827,0.13266895857959415,0.9803921568627452
2026_01_BUF_HOU,2026,1,2026-09-13,BUF,HOU,67.0,44.5,-110.0,-110.0,total_con_mercado,42.38547028239086,-24.614529717609138,24.614529717609138,1,0.0,-2.1145297176091375,2.1145297176091375,0.5239356098108205,0.47606439018917945,UNDER,0.47606439018917945,False,-110.0,1.9090909090909092,0.5238095238095238,-0.04774513362034438,-0.0911498005479301,-1.0
2026_01_CHI_CAR,2026,1,2026-09-13,CHI,CAR,96.0,47.5,-105.0,-115.0,total_con_mercado,50.82266133133011,-45.17733866866989,45.17733866866989,1,0.0,3.32266133133011,3.32266133133011,0.5566805057928832,0.4433194942071168,OVER,0.5566805057928832,True,-105.0,1.9523809523809523,0.5121951219512195,0.04448538384166367,0.0868524160718196,0.9523809523809523
2026_01_CLE_JAX,2026,1,2026-09-13,CLE,JAX,44.0,40.5,-102.0,-118.0,total_con_mercado,46.2295524215895,2.229552421589503,2.229552421589503,1,0.0,5.729552421589503,5.729552421589503,0.5710368113074483,0.4289631886925517,OVER,0.5710368113074483,True,-102.0,1.9803921568627452,0.504950495049505,0.06608631625794337,0.130876822393182,0.9803921568627452
2026_01_DAL_NYG,2026,1,2026-09-13,DAL,NYG,48.0,47.5,-115.0,-105.0,total_con_mercado,47.00831635141066,-0.991683648589337,0.991683648589337,1,0.0,-0.491683648589337,0.491683648589337,0.533743531998966,0.46625646800103404,UNDER,0.46625646800103404,False,-105.0,1.9523809523809523,0.5121951219512195,-0.04593865395018548,-0.08968975295036219,-1.0
2026_01_GB_MIN,2026,1,2026-09-13,GB,MIN,61.0,46.5,-102.0,-118.0,total_con_mercado,46.23944776779242,-14.76055223220758,14.76055223220758,1,0.0,-0.26055223220757995,0.26055223220757995,0.5351384679818885,0.46486153201811153,UNDER,0.46486153201811153,False,-118.0,1.847457627118644,0.5412844036697247,-0.07642287165161321,-0.14118801711908213,-1.0
2026_01_MIA_LV,2026,1,2026-09-13,MIA,LV,40.0,40.5,-110.0,-110.0,total_con_mercado,39.42696202695633,-0.5730379730436681,0.5730379730436681,0,0.0,-1.073037973043668,1.073037973043668,0.5302326276936112,0.46976737230638876,UNDER,0.46976737230638876,True,-110.0,1.9090909090909092,0.5238095238095238,-0.05404215150313507,-0.10317138014234872,0.9090909090909092
2026_01_NO_DET,2026,1,2026-09-13,NO,DET,61.0,49.5,-115.0,-105.0,total_con_mercado,54.161530811767065,-6.838469188232935,6.838469188232935,1,0.0,4.661530811767065,4.661530811767065,0.5646796842830405,0.4353203157169595,OVER,0.5646796842830405,True,-115.0,1.8695652173913042,0.5348837209302326,0.029795963352807875,0.055705496703075674,0.8695652173913042
2026_01_NYJ_TEN,2026,1,2026-09-13,NYJ,TEN,33.0,39.5,-110.0,-110.0,total_con_mercado,44.12278420044448,11.122784200444478,11.122784200444478,0,0.0,4.622784200444478,4.622784200444478,0.5644486415653958,0.43555135843460424,OVER,0.5644486415653958,False,-110.0,1.9090909090909092,0.5238095238095238,0.04063911775587192,0.0775837702612101,-1.0
2026_01_TB_CIN,2026,1,2026-09-13,TB,CIN,60.0,50.5,-108.0,-112.0,total_con_mercado,53.72777136838344,-6.2722286316165565,6.2722286316165565,1,0.0,3.2277713683834435,3.2277713683834435,0.5561124111690648,0.44388758883093515,OVER,0.5561124111690648,True,-108.0,1.925925925925926,0.5192307692307692,0.036881641938295684,0.07103131039968047,0.925925925925926
2026_01_WAS_PHI,2026,1,2026-09-13,WAS,PHI,46.0,43.5,-115.0,-105.0,total_con_mercado,40.93619102865933,-5.06380897134067,5.06380897134067,1,0.0,-2.56380897134067,2.56380897134067,0.52121672963558,0.47878327036442003,UNDER,0.47878327036442003,False,-105.0,1.9523809523809523,0.5121951219512195,-0.03341185158679949,-0.06523266262184668,-1.0
2026_01_DEN_KC,2026,1,2026-09-14,DEN,KC,41.0,42.5,-110.0,-110.0,total_con_mercado,36.71769023410639,-4.282309765893608,4.282309765893608,0,0.0,-5.782309765893608,5.782309765893608,0.5017123964947727,0.4982876035052273,UNDER,0.4982876035052273,True,-110.0,1.9090909090909092,0.5238095238095238,-0.025521920304296564,-0.04872366603547518,0.9090909090909092
2026_02_DET_BUF,2026,2,2026-09-17,DET,BUF,72.0,54.5,-118.0,-102.0,total_con_mercado,59.60759208471847,-12.392407915281533,12.392407915281533,1,0.0,5.107592084718469,5.107592084718469,0.5673374619944422,0.43266253800555776,OVER,0.5673374619944422,True,-118.0,1.847457627118644,0.5412844036697247,0.026053058324717493,0.048131921311766135,0.847457627118644
2026_02_CAR_ATL,2026,2,2026-09-20,CAR,ATL,37.0,43.5,-110.0,-110.0,total_con_mercado,36.192054409771366,-0.8079455902286341,0.8079455902286341,0,0.0,-7.307945590228634,7.307945590228634,0.49246147823013914,0.5075385217698609,UNDER,0.5075385217698609,True,-110.0,1.9090909090909092,0.5238095238095238,-0.01627100203966292,-0.031062822075719976,0.9090909090909092
2026_02_CIN_HOU,2026,2,2026-09-20,CIN,HOU,26.0,45.5,-110.0,-110.0,total_con_mercado,50.31459923894398,24.314599238943977,24.314599238943977,0,0.0,4.814599238943977,4.814599238943977,0.5655921425884993,0.4344078574115007,OVER,0.5655921425884993,False,-110.0,1.9090909090909092,0.5238095238095238,0.04178261877897549,0.07976681766895322,-1.0
2026_02_CLE_TB,2026,2,2026-09-20,CLE,TB,42.0,41.5,-108.0,-112.0,total_con_mercado,50.70813782576521,8.708137825765213,8.708137825765213,1,0.0,9.208137825765213,9.208137825765213,0.591570006533016,0.40842999346698405,OVER,0.591570006533016,True,-108.0,1.925925925925926,0.5192307692307692,0.07233923730224678,0.1393200125821048,0.925925925925926
2026_02_GB_NYJ,2026,2,2026-09-20,GB,NYJ,37.0,44.5,-110.0,-110.0,total_con_mercado,42.87780345549093,5.877803455490934,5.877803455490934,0,0.0,-1.6221965445090731,1.6221965445090731,0.5269134029316396,0.4730865970683604,UNDER,0.4730865970683604,True,-110.0,1.9090909090909092,0.5238095238095238,-0.05072292674116341,-0.09683467832403914,0.9090909090909092
2026_02_IND_KC,2026,2,2026-09-20,IND,KC,63.0,46.5,-102.0,-118.0,total_con_mercado,45.03440290333722,-17.965597096662776,17.965597096662776,1,0.0,-1.4655970966627834,1.4655970966627834,0.5278601768573408,0.47213982314265923,UNDER,0.47213982314265923,False,-118.0,1.847457627118644,0.5412844036697247,-0.06914458052706551,-0.1277416826686465,-1.0
2026_02_JAX_DEN,2026,2,2026-09-20,JAX,DEN,33.0,45.5,-110.0,-110.0,total_con_mercado,43.94785735441965,10.947857354419654,10.947857354419654,0,0.0,-1.5521426455803535,1.5521426455803535,0.5273369613584331,0.4726630386415669,UNDER,0.4726630386415669,True,-110.0,1.9090909090909092,0.5238095238095238,-0.051146485167956945,-0.09764328986609949,0.9090909090909092
2026_02_LV_LAC,2026,2,2026-09-20,LV,LAC,40.0,43.5,-110.0,-110.0,total_con_mercado,44.42882447779606,4.428824477796063,4.428824477796063,0,0.0,0.9288244777960628,0.9288244777960628,0.5423074943059005,0.45769250569409947,OVER,0.5423074943059005,False,-110.0,1.9090909090909092,0.5238095238095238,0.018497970496376692,0.035314307311264725,-1.0
2026_02_MIA_SF,2026,2,2026-09-20,MIA,SF,48.0,44.5,-115.0,-105.0,total_con_mercado,49.48906923250704,1.4890692325070418,1.4890692325070418,1,0.0,4.989069232507042,4.989069232507042,0.566631635879343,0.43336836412065705,OVER,0.566631635879343,True,-115.0,1.8695652173913042,0.5348837209302326,0.031747914949110334,0.059354797513554214,0.8695652173913042
2026_02_MIN_CHI,2026,2,2026-09-20,MIN,CHI,12.0,46.5,-115.0,-105.0,total_con_mercado,48.45427778469868,36.45427778469868,36.45427778469868,0,0.0,1.9542777846986823,1.9542777846986823,0.5484745410127702,0.45152545898722984,OVER,0.5484745410127702,False,-115.0,1.8695652173913042,0.5348837209302326,0.013590820082537536,0.025408924502135388,-1.0
2026_02_NO_BAL,2026,2,2026-09-20,NO,BAL,41.0,45.5,-105.0,-115.0,total_con_mercado,45.317208482164496,4.317208482164496,4.317208482164496,0,0.0,-0.18279151783550418,0.18279151783550418,0.5356076509092395,0.46439234909076055,UNDER,0.46439234909076055,True,-115.0,1.8695652173913042,0.5348837209302326,-0.07049137183947207,-0.13178821691727383,0.8695652173913042
2026_02_PHI_TEN,2026,2,2026-09-20,PHI,TEN,44.0,39.5,-112.0,-108.0,total_con_mercado,41.215419795813695,-2.7845802041863053,2.7845802041863053,1,0.0,1.7154197958136947,1.7154197958136947,0.5470393148205874,0.45296068517941257,OVER,0.5470393148205874,True,-112.0,1.8928571428571428,0.5283018867924528,0.018737428028134606,0.03546727448182607,0.8928571428571428
2026_02_PIT_NE,2026,2,2026-09-20,PIT,NE,23.0,41.5,-105.0,-115.0,total_con_mercado,49.62193346672928,26.62193346672928,26.62193346672928,0,0.0,8.121933466729281,8.121933466729281,0.5851891310585903,0.4148108689414097,OVER,0.5851891310585903,False,-105.0,1.9523809523809523,0.5121951219512195,0.07299400910737075,0.14251211301915245,-1.0
2026_02_SEA_ARI,2026,2,2026-09-20,SEA,ARI,38.0,40.5,-115.0,-105.0,total_con_mercado,48.55386192683609,10.553861926836092,10.553861926836092,0,0.0,8.053861926836092,8.053861926836092,0.5847882698444073,0.41521173015559265,OVER,0.5847882698444073,False,-115.0,1.8695652173913042,0.5348837209302326,0.04990454891417473,0.09329980883954403,-1.0
2026_02_WAS_DAL,2026,2,2026-09-20,WAS,DAL,57.0,51.5,-105.0,-115.0,total_con_mercado,48.78603781089669,-8.213962189103313,8.213962189103313,1,0.0,-2.713962189103313,2.713962189103313,0.5203077667961354,0.47969223320386456,UNDER,0.47969223320386456,False,-115.0,1.8695652173913042,0.5348837209302326,-0.05519148772636806,-0.10318408574929672,-1.0
2026_02_NYG_LA,2026,2,2026-09-21,NYG,LA,34.0,47.5,-110.0,-110.0,total_con_mercado,50.919621425314574,16.919621425314574,16.919621425314574,0,0.0,3.419621425314574,3.419621425314574,0.5572608409353442,0.4427391590646558,OVER,0.5572608409353442,False,-110.0,1.9090909090909092,0.5238095238095238,0.03345131712582039,0.0638616054220209,-1.0
