game_id,season,week,gameday,away_team,home_team,total_points,total_line,over_odds,under_odds,modelo,pred_total,error,error_absoluto,over_result,push_total,edge,edge_absoluto,pick,pick_correcto,prob_pick,prob_over,prob_under,odds_pick,decimal_pick,prob_break_even,edge_probabilidad,ev,profit
2024_01_BAL_KC,2024,1,2024-09-05,BAL,KC,47.0,46.0,-110.0,-110.0,total_con_mercado,40.844616680319874,-6.155383319680126,6.155383319680126,1,0.0,-5.155383319680126,5.155383319680126,UNDER,0,0.5475213323752168,0.45247866762478317,0.5475213323752168,-110.0,1.9090909090909092,0.5238095238095238,0.023711808565692993,0.04526799817086857,-1.0
2024_01_GB_PHI,2024,1,2024-09-06,GB,PHI,63.0,49.5,-108.0,-112.0,total_con_mercado,51.59373677800094,-11.406263221999062,11.406263221999062,1,0.0,2.093736778000938,2.093736778000938,OVER,1,0.49844658368478156,0.49844658368478156,0.5015534163152184,-108.0,1.925925925925926,0.5192307692307692,-0.0207841855459876,-0.04002880179227253,0.925925925925926
2024_01_ARI_BUF,2024,1,2024-09-08,ARI,BUF,62.0,46.0,-108.0,-112.0,total_con_mercado,44.847340379327264,-17.152659620672736,17.152659620672736,1,0.0,-1.1526596206727362,1.1526596206727362,UNDER,0,0.483324134637712,0.516675865362288,0.48332413463771196,-112.0,1.8928571428571428,0.5283018867924528,-0.04497775215474081,-0.08513645943575943,-1.0
2024_01_CAR_NO,2024,1,2024-09-08,CAR,NO,57.0,41.5,-108.0,-112.0,total_con_mercado,45.860224075518886,-11.139775924481114,11.139775924481114,1,0.0,4.360224075518886,4.360224075518886,OVER,1,0.5348258450566195,0.5348258450566195,0.46517415494338055,-108.0,1.925925925925926,0.5192307692307692,0.01559507582585029,0.03003496084978563,0.925925925925926
2024_01_DAL_CLE,2024,1,2024-09-08,DAL,CLE,50.0,42.0,-112.0,-108.0,total_con_mercado,36.42870285142736,-13.57129714857264,13.57129714857264,1,0.0,-5.57129714857264,5.57129714857264,UNDER,0,0.5541383066250866,0.44586169337491344,0.5541383066250866,-108.0,1.925925925925926,0.5192307692307692,0.0349075373943174,0.06722933127794462,-1.0
2024_01_DEN_SEA,2024,1,2024-09-08,DEN,SEA,46.0,42.0,-112.0,-108.0,total_con_mercado,43.52619992235644,-2.47380007764356,2.47380007764356,1,0.0,1.5261999223564402,1.5261999223564402,OVER,1,0.48932455427697746,0.48932455427697746,0.5106754457230225,-112.0,1.8928571428571428,0.5283018867924528,-0.03897733251547536,-0.07377852226143555,0.8928571428571428
2024_01_HOU_IND,2024,1,2024-09-08,HOU,IND,56.0,49.0,-108.0,-112.0,total_con_mercado,51.273722488517485,-4.726277511482515,4.726277511482515,1,0.0,2.2737224885174854,2.2737224885174854,OVER,1,0.5013400018278116,0.5013400018278116,0.4986599981721884,-108.0,1.925925925925926,0.5192307692307692,-0.017890767402957586,-0.034456292776066544,0.925925925925926
2024_01_JAX_MIA,2024,1,2024-09-08,JAX,MIA,37.0,49.5,-108.0,-112.0,total_con_mercado,51.77228658598134,14.77228658598134,14.77228658598134,0,0.0,2.272286585981341,2.272286585981341,OVER,0,0.5013169186125295,0.5013169186125295,0.49868308138747053,-108.0,1.925925925925926,0.5192307692307692,-0.01791385061823969,-0.03450074933883207,-1.0
2024_01_LA_DET,2024,1,2024-09-08,LA,DET,46.0,54.0,-108.0,-112.0,total_con_mercado,55.53502135392114,9.535021353921138,9.535021353921138,0,0.0,1.5350213539211381,1.5350213539211381,OVER,0,0.4894663026458159,0.4894663026458159,0.5105336973541841,-108.0,1.925925925925926,0.5192307692307692,-0.029764466584953242,-0.05732415786731748,-1.0
2024_01_LV_LAC,2024,1,2024-09-08,LV,LAC,32.0,41.0,-112.0,-108.0,total_con_mercado,38.66604749892248,6.666047498922474,6.666047498922474,0,0.0,-2.333952501077519,2.333952501077519,UNDER,1,0.5023082383111931,0.4976917616888069,0.5023082383111931,-108.0,1.925925925925926,0.5192307692307692,-0.016922530919576073,-0.03259154103029471,0.925925925925926
2024_01_MIN_NYG,2024,1,2024-09-08,MIN,NYG,34.0,42.5,-112.0,-108.0,total_con_mercado,39.52008077125394,5.520080771253937,5.520080771253937,0,0.0,-2.9799192287460627,2.9799192287460627,UNDER,1,0.5126900041408156,0.48730999585918444,0.5126900041408156,-108.0,1.925925925925926,0.5192307692307692,-0.006540765089953604,-0.012597029062132892,0.925925925925926
2024_01_NE_CIN,2024,1,2024-09-08,NE,CIN,26.0,40.5,-108.0,-112.0,total_con_mercado,44.685380720077816,18.685380720077816,18.685380720077816,0,0.0,4.185380720077816,4.185380720077816,OVER,0,0.5320276563693489,0.5320276563693489,0.4679723436306511,-108.0,1.925925925925926,0.5192307692307692,0.012796887138579738,0.024645856711338787,-1.0
2024_01_PIT_ATL,2024,1,2024-09-08,PIT,ATL,28.0,43.0,-105.0,-115.0,total_con_mercado,42.39078748751791,14.390787487517912,14.390787487517912,0,0.0,-0.6092125124820882,0.6092125124820882,UNDER,1,0.4746034384110096,0.5253965615889904,0.4746034384110096,-115.0,1.8695652173913042,0.5348837209302326,-0.060280282519223016,-0.11269791949246033,0.8695652173913042
2024_01_TEN_CHI,2024,1,2024-09-08,TEN,CHI,41.0,43.0,-110.0,-110.0,total_con_mercado,40.83661562312149,-0.1633843768785112,0.1633843768785112,0,0.0,-2.1633843768785113,2.1633843768785113,UNDER,1,0.4995662243339195,0.5004337756660805,0.4995662243339195,-110.0,1.9090909090909092,0.5238095238095238,-0.02424329947560433,-0.0462826626352445,0.9090909090909092
2024_01_WAS_TB,2024,1,2024-09-08,WAS,TB,57.0,42.0,-110.0,-110.0,total_con_mercado,42.33134395588831,-14.668656044111692,14.668656044111692,1,0.0,0.33134395588830756,0.33134395588830756,OVER,1,0.47015012430623215,0.47015012430623215,0.5298498756937678,-110.0,1.9090909090909092,0.5238095238095238,-0.05365939950329168,-0.10244067177901128,0.9090909090909092
2024_01_NYJ_SF,2024,1,2024-09-09,NYJ,SF,51.0,43.0,-112.0,-108.0,total_con_mercado,39.27278947446607,-11.727210525533929,11.727210525533929,1,0.0,-3.727210525533927,3.727210525533927,UNDER,0,0.5246859979126598,0.4753140020873402,0.5246859979126598,-108.0,1.925925925925926,0.5192307692307692,0.005455228681890634,0.010506366350307772,-1.0
2024_02_BUF_MIA,2024,2,2024-09-12,BUF,MIA,41.0,48.5,-115.0,-105.0,total_con_mercado,48.766514244237314,7.766514244237314,7.766514244237314,0,0.0,0.26651424423731385,0.26651424423731385,OVER,0,0.46911177563707906,0.46911177563707906,0.5308882243629209,-115.0,1.8695652173913042,0.5348837209302326,-0.06577194529315356,-0.1229649412002436,-1.0
2024_02_CHI_HOU,2024,2,2024-09-15,CHI,HOU,32.0,45.5,-115.0,-105.0,total_con_mercado,47.06835613928347,15.068356139283472,15.068356139283472,0,0.0,1.5683561392834733,1.5683561392834733,OVER,0,0.49000196226766907,0.49000196226766907,0.509998037732331,-115.0,1.8695652173913042,0.5348837209302326,-0.04488175866256355,-0.08390937489087968,-1.0
2024_02_CIN_KC,2024,2,2024-09-15,CIN,KC,51.0,47.5,-112.0,-108.0,total_con_mercado,51.240744498002094,0.240744498002094,0.240744498002094,1,0.0,3.740744498002094,3.740744498002094,OVER,1,0.5249030332298381,0.5249030332298381,0.4750969667701619,-112.0,1.8928571428571428,0.5283018867924528,-0.003398853562614712,-0.006433544243520717,0.8928571428571428
2024_02_CLE_JAX,2024,2,2024-09-15,CLE,JAX,31.0,41.5,-112.0,-108.0,total_con_mercado,41.44255393152812,10.442553931528115,10.442553931528115,0,0.0,-0.05744606847188294,0.05744606847188294,UNDER,1,0.4657650900795624,0.5342349099204375,0.46576509007956246,-108.0,1.925925925925926,0.5192307692307692,-0.05346567915120676,-0.10297093762454645,0.925925925925926
2024_02_IND_GB,2024,2,2024-09-15,IND,GB,26.0,41.5,-110.0,-110.0,total_con_mercado,39.67355707850822,13.673557078508216,13.673557078508216,0,0.0,-1.8264429214917826,1.8264429214917826,UNDER,1,0.4941498651677928,0.5058501348322072,0.4941498651677928,-110.0,1.9090909090909092,0.5238095238095238,-0.029659658641731035,-0.0566229846796682,0.9090909090909092
2024_02_LAC_CAR,2024,2,2024-09-15,LAC,CAR,29.0,39.0,-108.0,-112.0,total_con_mercado,36.87850740889197,7.87850740889197,7.87850740889197,0,0.0,-2.12149259110803,2.12149259110803,UNDER,1,0.4988927792573105,0.5011072207426894,0.49889277925731057,-112.0,1.8928571428571428,0.5283018867924528,-0.02940910753514231,-0.05566723926294803,0.8928571428571428
2024_02_LA_ARI,2024,2,2024-09-15,LA,ARI,51.0,47.5,-102.0,-118.0,total_con_mercado,49.44650802528486,-1.5534919747151434,1.5534919747151434,1,0.0,1.9465080252848566,1.9465080252848566,OVER,1,0.4960798291637612,0.4960798291637612,0.5039201708362389,-102.0,1.9803921568627452,0.504950495049505,-0.008870665885743756,-0.017567397146276753,0.9803921568627452
2024_02_LV_BAL,2024,2,2024-09-15,LV,BAL,49.0,41.0,-112.0,-108.0,total_con_mercado,43.81487006751263,-5.185129932487371,5.185129932487371,1,0.0,2.8148700675126292,2.8148700675126292,OVER,1,0.5100380726120342,0.5100380726120342,0.48996192738796585,-112.0,1.8928571428571428,0.5283018867924528,-0.01826381418041867,-0.03457079112722106,0.8928571428571428
2024_02_NO_DAL,2024,2,2024-09-15,NO,DAL,63.0,47.0,-112.0,-108.0,total_con_mercado,51.58311614540509,-11.416883854594907,11.416883854594907,1,0.0,4.583116145405093,4.583116145405093,OVER,1,0.5383898050691849,0.5383898050691849,0.4616101949308151,-112.0,1.8928571428571428,0.5283018867924528,0.010087918276732055,0.019094988166671323,0.8928571428571428
2024_02_NYG_WAS,2024,2,2024-09-15,NYG,WAS,39.0,42.5,-115.0,-105.0,total_con_mercado,48.26262772262279,9.262627722622788,9.262627722622788,0,0.0,5.762627722622788,5.762627722622788,OVER,0,0.5571759896503949,0.5571759896503949,0.44282401034960506,-115.0,1.8695652173913042,0.5348837209302326,0.022292268720162323,0.041676850215955685,-1.0
2024_02_NYJ_TEN,2024,2,2024-09-15,NYJ,TEN,41.0,41.5,-108.0,-112.0,total_con_mercado,41.46872238492806,0.468722384928057,0.468722384928057,0,0.0,-0.03127761507194293,0.03127761507194293,UNDER,1,0.46534640592009135,0.5346535940799086,0.46534640592009135,-112.0,1.8928571428571428,0.5283018867924528,-0.06295548087236147,-0.11916573165125566,0.8928571428571428
2024_02_PIT_DEN,2024,2,2024-09-15,PIT,DEN,19.0,36.5,-108.0,-112.0,total_con_mercado,33.46934327002142,14.46934327002142,14.46934327002142,0,0.0,-3.030656729978581,3.030656729978581,UNDER,1,0.5135050935980423,0.4864949064019577,0.5135050935980423,-112.0,1.8928571428571428,0.5283018867924528,-0.014796793194410518,-0.028008215689419913,0.8928571428571428
2024_02_SEA_NE,2024,2,2024-09-15,SEA,NE,43.0,39.0,-110.0,-110.0,total_con_mercado,42.61985868261246,-0.3801413173875403,0.3801413173875403,1,0.0,3.6198586826124597,3.6198586826124597,OVER,1,0.5229641441135764,0.5229641441135764,0.4770358558864236,-110.0,1.9090909090909092,0.5238095238095238,-0.0008453796959474458,-0.001613906692263245,0.9090909090909092
2024_02_SF_MIN,2024,2,2024-09-15,SF,MIN,40.0,46.5,-112.0,-108.0,total_con_mercado,49.68321939843687,9.683219398436869,9.683219398436869,0,0.0,3.1832193984368686,3.1832193984368686,OVER,0,0.5159555371813727,0.5159555371813727,0.48404446281862734,-112.0,1.8928571428571428,0.5283018867924528,-0.012346349611080165,-0.023369876049544658,-1.0
2024_02_TB_DET,2024,2,2024-09-15,TB,DET,36.0,51.5,-108.0,-112.0,total_con_mercado,55.399297384727376,19.399297384727376,19.399297384727376,0,0.0,3.899297384727376,3.899297384727376,OVER,0,0.5274449181009768,0.5274449181009768,0.4725550818990232,-108.0,1.925925925925926,0.5192307692307692,0.00821414887020766,0.015819842268548046,-1.0
2024_02_ATL_PHI,2024,2,2024-09-16,ATL,PHI,43.0,46.5,-110.0,-110.0,total_con_mercado,56.144336880747495,13.144336880747495,13.144336880747495,0,0.0,9.644336880747495,9.644336880747495,OVER,0,0.6175863658377451,0.6175863658377451,0.38241363416225493,-110.0,1.9090909090909092,0.5238095238095238,0.09377684202822123,0.1790285165993315,-1.0
2024_03_NE_NYJ,2024,3,2024-09-19,NE,NYJ,27.0,39.0,-112.0,-108.0,total_con_mercado,45.05320887238345,18.05320887238345,18.05320887238345,0,0.0,6.0532088723834505,6.0532088723834505,OVER,0,0.5617811953464688,0.5617811953464688,0.43821880465353125,-112.0,1.8928571428571428,0.5283018867924528,0.03347930855401593,0.0633715483343873,-1.0
2024_03_BAL_DAL,2024,3,2024-09-22,BAL,DAL,53.0,47.5,-108.0,-112.0,total_con_mercado,53.33087986963356,0.3308798696335628,0.3308798696335628,1,0.0,5.830879869633563,5.830879869633563,OVER,1,0.558258581128835,0.558258581128835,0.441741418871165,-108.0,1.925925925925926,0.5192307692307692,0.03902781189806581,0.07516467476664523,0.925925925925926
2024_03_CAR_LV,2024,3,2024-09-22,CAR,LV,58.0,40.0,-112.0,-108.0,total_con_mercado,45.95757824678118,-12.042421753218818,12.042421753218818,1,0.0,5.957578246781182,5.957578246781182,OVER,1,0.5602667512069872,0.5602667512069872,0.4397332487930128,-112.0,1.8928571428571428,0.5283018867924528,0.03196486441453439,0.06050492192751156,0.8928571428571428
2024_03_CHI_IND,2024,3,2024-09-22,CHI,IND,37.0,43.0,-115.0,-105.0,total_con_mercado,40.19369530360141,3.193695303601409,3.193695303601409,0,0.0,-2.806304696398591,2.806304696398591,UNDER,1,0.509900431585945,0.490099568414055,0.509900431585945,-105.0,1.9523809523809523,0.5121951219512195,-0.002294690365274521,-0.004480109760774065,0.9523809523809523
2024_03_DEN_TB,2024,3,2024-09-22,DEN,TB,33.0,40.5,-112.0,-108.0,total_con_mercado,42.64260363760623,9.642603637606229,9.642603637606229,0,0.0,2.1426036376062285,2.1426036376062285,OVER,0,0.4992321564274095,0.4992321564274095,0.5007678435725905,-112.0,1.8928571428571428,0.5283018867924528,-0.029069730365043345,-0.05502484676240349,-1.0
2024_03_DET_ARI,2024,3,2024-09-22,DET,ARI,33.0,51.5,-108.0,-112.0,total_con_mercado,51.88434740711888,18.88434740711888,18.88434740711888,0,0.0,0.3843474071188808,0.3843474071188808,OVER,0,0.4709992494543422,0.4709992494543422,0.5290007505456578,-108.0,1.925925925925926,0.5192307692307692,-0.04823151977642698,-0.09289033438422978,-1.0
2024_03_GB_TEN,2024,3,2024-09-22,GB,TEN,44.0,37.0,-112.0,-108.0,total_con_mercado,32.47126119419274,-11.528738805807258,11.528738805807258,1,0.0,-4.528738805807258,4.528738805807258,UNDER,0,0.5375206796913244,0.46247932030867556,0.5375206796913244,-108.0,1.925925925925926,0.5192307692307692,0.01828991046055528,0.03522501273884715,-1.0
2024_03_HOU_MIN,2024,3,2024-09-22,HOU,MIN,41.0,46.0,-112.0,-108.0,total_con_mercado,46.35887119774987,5.35887119774987,5.35887119774987,0,0.0,0.3588711977498704,0.3588711977498704,OVER,0,0.47059109458732234,0.47059109458732234,0.5294089054126776,-112.0,1.8928571428571428,0.5283018867924528,-0.05771079220513048,-0.10923828524542556,-1.0
2024_03_KC_ATL,2024,3,2024-09-22,KC,ATL,39.0,46.0,-112.0,-108.0,total_con_mercado,43.81634933575192,4.816349335751916,4.816349335751916,0,0.0,-2.183650664248077,2.183650664248077,UNDER,1,0.4998920223676861,0.5001079776323138,0.49989202236768615,-108.0,1.925925925925926,0.5192307692307692,-0.019338746863083067,-0.037244993958530426,0.925925925925926
2024_03_LAC_PIT,2024,3,2024-09-22,LAC,PIT,30.0,36.0,-105.0,-115.0,total_con_mercado,39.74616725981839,9.746167259818383,9.746167259818383,0,0.0,3.7461672598183924,3.7461672598183924,OVER,0,0.5249899918200703,0.5249899918200703,0.47501000817992967,-105.0,1.9523809523809523,0.5121951219512195,0.012794869868850811,0.024980460220137335,-1.0
2024_03_MIA_SEA,2024,3,2024-09-22,MIA,SEA,27.0,41.5,-110.0,-110.0,total_con_mercado,49.02273814668256,22.02273814668256,22.02273814668256,0,0.0,7.522738146682563,7.522738146682563,OVER,0,0.5848923505165087,0.5848923505165087,0.4151076494834913,-110.0,1.9090909090909092,0.5238095238095238,0.06108282670698484,0.11661266916788016,-1.0
2024_03_NYG_CLE,2024,3,2024-09-22,NYG,CLE,36.0,38.0,-112.0,-108.0,total_con_mercado,40.51474562146857,4.51474562146857,4.51474562146857,0,0.0,2.5147456214685704,2.5147456214685704,OVER,0,0.5052144718127892,0.5052144718127892,0.4947855281872108,-112.0,1.8928571428571428,0.5283018867924528,-0.0230874149796636,-0.04370117835436327,-1.0
2024_03_PHI_NO,2024,3,2024-09-22,PHI,NO,27.0,49.0,-110.0,-110.0,total_con_mercado,49.079026591191806,22.07902659119181,22.07902659119181,0,0.0,0.07902659119180555,0.07902659119180555,OVER,0,0.4661104056154038,0.4661104056154038,0.5338895943845963,-110.0,1.9090909090909092,0.5238095238095238,-0.05769911819412005,-0.1101528620069564,-1.0
2024_03_SF_LA,2024,3,2024-09-22,SF,LA,51.0,44.5,-110.0,-110.0,total_con_mercado,41.9764377547438,-9.0235622452562,9.0235622452562,1,0.0,-2.523562245256201,2.523562245256201,UNDER,0,0.5053561908461902,0.4946438091538098,0.5053561908461902,-110.0,1.9090909090909092,0.5238095238095238,-0.018453332963333624,-0.035229090202727686,-1.0
2024_03_JAX_BUF,2024,3,2024-09-23,JAX,BUF,57.0,46.5,-110.0,-110.0,total_con_mercado,48.21664511833504,-8.783354881664962,8.783354881664962,1,0.0,1.7166451183350375,1.7166451183350375,OVER,1,0.49238509214269116,0.49238509214269116,0.5076149078573089,-110.0,1.9090909090909092,0.5238095238095238,-0.031424431666832675,-0.05999209681849871,0.9090909090909092
2024_03_WAS_CIN,2024,3,2024-09-23,WAS,CIN,71.0,46.0,-108.0,-112.0,total_con_mercado,48.01825214492327,-22.981747855076733,22.981747855076733,1,0.0,2.0182521449232667,2.0182521449232667,OVER,1,0.4972331260058932,0.4972331260058932,0.5027668739941068,-108.0,1.925925925925926,0.5192307692307692,-0.021997643224875962,-0.04236583139605743,0.925925925925926
2024_04_DAL_NYG,2024,4,2024-09-26,DAL,NYG,35.0,45.0,-108.0,-112.0,total_con_mercado,46.00454425695701,11.004544256957004,11.004544256957004,0,0.0,1.0045442569570113,1.0045442569570113,OVER,0,0.4809460959866073,0.4809460959866073,0.5190539040133927,-108.0,1.925925925925926,0.5192307692307692,-0.03828467324416185,-0.07373344476653398,-1.0
2024_04_BUF_BAL,2024,4,2024-09-29,BUF,BAL,45.0,46.5,-110.0,-110.0,total_con_mercado,45.715707513196925,0.715707513196925,0.715707513196925,0,0.0,-0.784292486803075,0.784292486803075,UNDER,1,0.47741151261873643,0.5225884873812636,0.4774115126187364,-110.0,1.9090909090909092,0.5238095238095238,-0.0463980111907874,-0.08857802136423043,0.9090909090909092
2024_04_CIN_CAR,2024,4,2024-09-29,CIN,CAR,58.0,47.0,-112.0,-108.0,total_con_mercado,47.71682457755905,-10.283175422440948,10.283175422440948,1,0.0,0.716824577559052,0.716824577559052,OVER,1,0.47632922887528995,0.47632922887528995,0.52367077112471,-112.0,1.8928571428571428,0.5283018867924528,-0.05197265791716288,-0.09837681677177268,0.8928571428571428
2024_04_CLE_LV,2024,4,2024-09-29,CLE,LV,36.0,36.5,-112.0,-108.0,total_con_mercado,38.479204855843776,2.479204855843776,2.479204855843776,0,0.0,1.9792048558437756,1.9792048558437756,OVER,0,0.4966054308916176,0.4966054308916176,0.5033945691083823,-112.0,1.8928571428571428,0.5283018867924528,-0.031696455900835196,-0.059996862955152386,-1.0
2024_04_DEN_NYJ,2024,4,2024-09-29,DEN,NYJ,19.0,39.5,-108.0,-112.0,total_con_mercado,40.37252420930923,21.372524209309237,21.372524209309237,0,0.0,0.8725242093092334,0.8725242093092334,OVER,0,0.47882719679213853,0.47882719679213853,0.5211728032078615,-108.0,1.925925925925926,0.5192307692307692,-0.04040357243863063,-0.07781428765958498,-1.0
2024_04_JAX_HOU,2024,4,2024-09-29,JAX,HOU,44.0,44.5,-112.0,-108.0,total_con_mercado,40.89357647205471,-3.1064235279452888,3.1064235279452888,0,0.0,-3.6064235279452888,3.6064235279452888,UNDER,1,0.5227486136846412,0.4772513863153588,0.5227486136846412,-108.0,1.925925925925926,0.5192307692307692,0.0035178444538720433,0.006775107837086791,0.925925925925926
2024_04_KC_LAC,2024,4,2024-09-29,KC,LAC,27.0,41.5,-112.0,-108.0,total_con_mercado,41.896392185231385,14.896392185231385,14.896392185231385,0,0.0,0.39639218523138453,0.39639218523138453,OVER,0,0.4711922326248654,0.4711922326248654,0.5288077673751346,-112.0,1.8928571428571428,0.5283018867924528,-0.0571096541675874,-0.10810041681721905,-1.0
2024_04_LA_CHI,2024,4,2024-09-29,LA,CHI,42.0,40.0,-115.0,-105.0,total_con_mercado,41.32485526848632,-0.6751447315136758,0.6751447315136758,1,0.0,1.324855268486317,1.324855268486317,OVER,1,0.4860897322131116,0.4860897322131116,0.5139102677868884,-115.0,1.8695652173913042,0.5348837209302326,-0.04879398871712104,-0.09122354412331324,0.8695652173913042
2024_04_MIN_GB,2024,4,2024-09-29,MIN,GB,60.0,44.0,-108.0,-112.0,total_con_mercado,41.61479444918948,-18.385205550810525,18.385205550810525,1,0.0,-2.385205550810518,2.385205550810518,UNDER,0,0.5031321509502877,0.49686784904971226,0.5031321509502877,-112.0,1.8928571428571428,0.5283018867924528,-0.025169735842165086,-0.04764271427266964,-1.0
2024_04_NE_SF,2024,4,2024-09-29,NE,SF,43.0,41.5,-110.0,-110.0,total_con_mercado,50.23449298500916,7.234492985009155,7.234492985009155,1,0.0,8.734492985009162,8.734492985009162,OVER,1,0.603677052258823,0.603677052258823,0.39632294774117705,-110.0,1.9090909090909092,0.5238095238095238,0.07986752844929912,0.15247437249411666,0.9090909090909092
2024_04_NO_ATL,2024,4,2024-09-29,NO,ATL,50.0,41.5,-108.0,-112.0,total_con_mercado,43.500170078838,-6.4998299211619965,6.4998299211619965,1,0.0,2.0001700788380035,2.0001700788380035,OVER,1,0.49694245098526,0.49694245098526,0.50305754901474,-108.0,1.925925925925926,0.5192307692307692,-0.022288318245509142,-0.04292564995431403,0.925925925925926
2024_04_PHI_TB,2024,4,2024-09-29,PHI,TB,49.0,42.0,-112.0,-108.0,total_con_mercado,43.71369305798988,-5.286306942010121,5.286306942010121,1,0.0,1.7136930579898788,1.7136930579898788,OVER,1,0.4923376462893548,0.4923376462893548,0.5076623537106453,-112.0,1.8928571428571428,0.5283018867924528,-0.035964240503098044,-0.06807516952372139,0.8928571428571428
2024_04_PIT_IND,2024,4,2024-09-29,PIT,IND,51.0,40.0,-110.0,-110.0,total_con_mercado,44.60182373222193,-6.398176267778069,6.398176267778069,1,0.0,4.601823732221931,4.601823732221931,OVER,1,0.5386887590061447,0.5386887590061447,0.46131124099385534,-110.0,1.9090909090909092,0.5238095238095238,0.014879235196620821,0.028405812648094386,0.9090909090909092
2024_04_WAS_ARI,2024,4,2024-09-29,WAS,ARI,56.0,49.0,-108.0,-112.0,total_con_mercado,50.315661845970425,-5.684338154029575,5.684338154029575,1,0.0,1.3156618459704248,1.3156618459704248,OVER,1,0.48594205558246345,0.48594205558246345,0.5140579444175366,-108.0,1.925925925925926,0.5192307692307692,-0.03328871364830571,-0.0641115966559963,0.925925925925926
2024_04_SEA_DET,2024,4,2024-09-30,SEA,DET,71.0,46.5,-112.0,-108.0,total_con_mercado,46.88927428905347,-24.11072571094653,24.11072571094653,1,0.0,0.3892742890534677,0.3892742890534677,OVER,1,0.4710781876220952,0.4710781876220952,0.5289218123779048,-112.0,1.8928571428571428,0.5283018867924528,-0.057223699170357634,-0.10831628771531987,0.8928571428571428
2024_04_TEN_MIA,2024,4,2024-09-30,TEN,MIA,43.0,37.0,-110.0,-110.0,total_con_mercado,34.954471460077215,-8.045528539922785,8.045528539922785,1,0.0,-2.0455285399227847,2.0455285399227847,UNDER,0,0.49767160629280405,0.502328393707196,0.49767160629280405,-110.0,1.9090909090909092,0.5238095238095238,-0.02613791751671979,-0.04989966071373764,-1.0
2024_05_TB_ATL,2024,5,2024-10-03,TB,ATL,66.0,44.0,-110.0,-110.0,total_con_mercado,48.59262526692358,-17.407374733076423,17.407374733076423,1,0.0,4.5926252669235765,4.5926252669235765,OVER,1,0.5385417677005833,0.5385417677005833,0.46145823229941674,-110.0,1.9090909090909092,0.5238095238095238,0.014732243891059427,0.028125192882931804,0.9090909090909092
2024_05_ARI_SF,2024,5,2024-10-06,ARI,SF,47.0,48.5,-112.0,-108.0,total_con_mercado,50.01166068937805,3.011660689378054,3.011660689378054,0,0.0,1.511660689378047,1.511660689378047,OVER,0,0.489090932398296,0.489090932398296,0.5109090676017041,-112.0,1.8928571428571428,0.5283018867924528,-0.03921095439415684,-0.07422073510322547,-1.0
2024_05_BAL_CIN,2024,5,2024-10-06,BAL,CIN,79.0,48.5,-108.0,-112.0,total_con_mercado,45.59613630254992,-33.40386369745008,33.40386369745008,1,0.0,-2.9038636974500776,2.9038636974500776,UNDER,0,0.5114680597011726,0.4885319402988274,0.5114680597011726,-112.0,1.8928571428571428,0.5283018867924528,-0.01683382709128023,-0.03186402985135195,-1.0
2024_05_BUF_HOU,2024,5,2024-10-06,BUF,HOU,43.0,48.0,-110.0,-110.0,total_con_mercado,48.47635970880764,5.476359708807635,5.476359708807635,0,0.0,0.47635970880764233,0.47635970880764233,OVER,0,0.4724736994685694,0.4724736994685694,0.5275263005314306,-110.0,1.9090909090909092,0.5238095238095238,-0.05133582434095446,-0.09800475556000388,-1.0
2024_05_CAR_CHI,2024,5,2024-10-06,CAR,CHI,46.0,40.0,-112.0,-108.0,total_con_mercado,42.02733090562539,-3.972669094374609,3.972669094374609,1,0.0,2.0273309056253908,2.0273309056253908,OVER,1,0.4973790707180197,0.4973790707180197,0.5026209292819803,-112.0,1.8928571428571428,0.5283018867924528,-0.030922816074433146,-0.05853247328374844,0.8928571428571428
2024_05_CLE_WAS,2024,5,2024-10-06,CLE,WAS,47.0,44.0,-108.0,-112.0,total_con_mercado,46.44556014090916,-0.5544398590908415,0.5544398590908415,1,0.0,2.4455601409091585,2.4455601409091585,OVER,1,0.5041023522296761,0.5041023522296761,0.49589764777032386,-108.0,1.925925925925926,0.5192307692307692,-0.01512841700109302,-0.02913621052062365,0.925925925925926
2024_05_DAL_PIT,2024,5,2024-10-06,DAL,PIT,37.0,43.5,-112.0,-108.0,total_con_mercado,44.14269763049969,7.14269763049969,7.14269763049969,0,0.0,0.6426976304996899,0.6426976304996899,OVER,0,0.4751403810820927,0.4751403810820927,0.5248596189179073,-112.0,1.8928571428571428,0.5283018867924528,-0.0531615057103601,-0.10062713580889593,-1.0
2024_05_GB_LA,2024,5,2024-10-06,GB,LA,43.0,49.5,-108.0,-112.0,total_con_mercado,51.73477269503483,8.734772695034827,8.734772695034827,0,0.0,2.2347726950348274,2.2347726950348274,OVER,0,0.500713852850136,0.500713852850136,0.49928614714986397,-108.0,1.925925925925926,0.5192307692307692,-0.01851691638063313,-0.035662209325663885,-1.0
2024_05_IND_JAX,2024,5,2024-10-06,IND,JAX,71.0,45.0,-110.0,-110.0,total_con_mercado,44.70604941278692,-26.29395058721308,26.29395058721308,1,0.0,-0.2939505872130823,0.2939505872130823,UNDER,0,0.4695511792278652,0.5304488207721347,0.46955117922786527,-110.0,1.9090909090909092,0.5238095238095238,-0.054258344581658624,-0.10358411238316634,-1.0
2024_05_LV_DEN,2024,5,2024-10-06,LV,DEN,52.0,36.0,-112.0,-108.0,total_con_mercado,39.800649755907365,-12.199350244092637,12.199350244092637,1,0.0,3.800649755907365,3.800649755907365,OVER,1,0.5258635799255545,0.5258635799255545,0.47413642007444545,-112.0,1.8928571428571428,0.5283018867924528,-0.0024383068668982766,-0.0046153665694860235,0.8928571428571428
2024_05_MIA_NE,2024,5,2024-10-06,MIA,NE,25.0,37.0,-112.0,-108.0,total_con_mercado,42.74165729749196,17.74165729749196,17.74165729749196,0,0.0,5.741657297491962,5.741657297491962,OVER,0,0.5568432545593328,0.5568432545593328,0.4431567454406672,-112.0,1.8928571428571428,0.5283018867924528,0.028541367766879988,0.054024731844451335,-1.0
2024_05_NYG_SEA,2024,5,2024-10-06,NYG,SEA,49.0,42.5,-110.0,-110.0,total_con_mercado,51.5195319452006,2.519531945200597,2.519531945200597,1,0.0,9.019531945200598,9.019531945200598,OVER,1,0.6080538438576238,0.6080538438576238,0.39194615614237616,-110.0,1.9090909090909092,0.5238095238095238,0.08424432004810001,0.1608300655463728,0.9090909090909092
2024_05_NYJ_MIN,2024,5,2024-10-06,NYJ,MIN,40.0,42.0,-108.0,-112.0,total_con_mercado,39.49449829966812,-0.5055017003318767,0.5055017003318767,0,0.0,-2.5055017003318767,2.5055017003318767,UNDER,1,0.5050658834721914,0.4949341165278086,0.5050658834721914,-112.0,1.8928571428571428,0.5283018867924528,-0.023236003320261434,-0.04398243485620923,0.8928571428571428
2024_05_NO_KC,2024,5,2024-10-07,NO,KC,39.0,43.0,-110.0,-110.0,total_con_mercado,43.87816301722587,4.878163017225873,4.878163017225873,0,0.0,0.878163017225873,0.878163017225873,OVER,0,0.4789176836652974,0.4789176836652974,0.5210823163347026,-110.0,1.9090909090909092,0.5238095238095238,-0.044891840144226425,-0.08570260391170492,-1.0
2024_06_SF_SEA,2024,6,2024-10-10,SF,SEA,60.0,49.0,-110.0,-110.0,total_con_mercado,48.3157142133187,-11.6842857866813,11.6842857866813,1,0.0,-0.6842857866813006,0.6842857866813006,UNDER,0,0.475807337997325,0.524192662002675,0.475807337997325,-110.0,1.9090909090909092,0.5238095238095238,-0.04800218581219884,-0.09164053655056137,-1.0
2024_06_ATL_CAR,2024,6,2024-10-13,ATL,CAR,58.0,45.5,-110.0,-110.0,total_con_mercado,42.824879025803945,-15.175120974196057,15.175120974196057,1,0.0,-2.675120974196055,2.675120974196055,UNDER,0,0.5077922027848774,0.49220779721512264,0.5077922027848774,-110.0,1.9090909090909092,0.5238095238095238,-0.01601732102464648,-0.03057852195614319,-1.0
2024_06_CIN_NYG,2024,6,2024-10-13,CIN,NYG,24.0,46.0,-118.0,-102.0,total_con_mercado,42.89330829100221,18.893308291002214,18.893308291002214,0,0.0,-3.1066917089977935,3.1066917089977935,UNDER,1,0.5147264469806575,0.4852735530193425,0.5147264469806575,-102.0,1.9803921568627452,0.504950495049505,0.009775951931152549,0.01936021853032166,0.9803921568627452
2024_06_CLE_PHI,2024,6,2024-10-13,CLE,PHI,36.0,42.0,-110.0,-110.0,total_con_mercado,42.70404292286442,6.704042922864417,6.704042922864417,0,0.0,0.7040429228644172,0.7040429228644172,OVER,0,0.47612421721174236,0.47612421721174236,0.5238757827882576,-110.0,1.9090909090909092,0.5238095238095238,-0.047685306597781474,-0.09103558532303724,-1.0
2024_06_DET_DAL,2024,6,2024-10-13,DET,DAL,56.0,52.5,-110.0,-110.0,total_con_mercado,50.562105003553256,-5.437894996446744,5.437894996446744,1,0.0,-1.9378949964467438,1.9378949964467438,UNDER,0,0.4959413760729784,0.5040586239270216,0.4959413760729784,-110.0,1.9090909090909092,0.5238095238095238,-0.027868147736545446,-0.053202827497041194,-1.0
2024_06_HOU_NE,2024,6,2024-10-13,HOU,NE,62.0,38.5,-108.0,-112.0,total_con_mercado,37.81924202107138,-24.180757978928614,24.180757978928614,1,0.0,-0.680757978928618,0.680757978928618,UNDER,0,0.4757507585117862,0.5242492414882138,0.47575075851178616,-112.0,1.8928571428571428,0.5283018867924528,-0.052551128280666604,-0.09947177853126188,-1.0
2024_06_IND_TEN,2024,6,2024-10-13,IND,TEN,37.0,42.0,-108.0,-112.0,total_con_mercado,44.47818525154763,7.478185251547629,7.478185251547629,0,0.0,2.478185251547629,2.478185251547629,OVER,0,0.5046267891579462,0.5046267891579462,0.49537321084205377,-108.0,1.925925925925926,0.5192307692307692,-0.01460398007282293,-0.028126183843955377,-1.0
2024_06_JAX_CHI,2024,6,2024-10-13,JAX,CHI,51.0,44.5,-112.0,-108.0,total_con_mercado,45.44406905957547,-5.555930940424531,5.555930940424531,1,0.0,0.9440690595754688,0.9440690595754688,OVER,1,0.47997538972487,0.47997538972487,0.52002461027513,-112.0,1.8928571428571428,0.5283018867924528,-0.048326497067582797,-0.09147515516363891,0.8928571428571428
2024_06_LAC_DEN,2024,6,2024-10-13,LAC,DEN,39.0,37.0,-112.0,-108.0,total_con_mercado,34.7544237825404,-4.2455762174596,4.2455762174596,1,0.0,-2.2455762174596003,2.2455762174596003,UNDER,0,0.5008875283929514,0.49911247160704864,0.5008875283929514,-108.0,1.925925925925926,0.5192307692307692,-0.018343240837817798,-0.03532772309505661,-1.0
2024_06_PIT_LV,2024,6,2024-10-13,PIT,LV,45.0,36.5,-112.0,-108.0,total_con_mercado,30.715995857268325,-14.284004142731677,14.284004142731677,1,0.0,-5.784004142731675,5.784004142731675,UNDER,0,0.5575151138072384,0.4424848861927616,0.5575151138072384,-108.0,1.925925925925926,0.5192307692307692,0.03828434457646923,0.0737328117769036,-1.0
2024_06_TB_NO,2024,6,2024-10-13,TB,NO,78.0,42.5,-110.0,-110.0,total_con_mercado,44.50378046571119,-33.49621953428881,33.49621953428881,1,0.0,2.0037804657111877,2.0037804657111877,OVER,1,0.4970004889551158,0.4970004889551158,0.5029995110448842,-110.0,1.9090909090909092,0.5238095238095238,-0.026809034854408054,-0.05118088472205162,0.9090909090909092
2024_06_WAS_BAL,2024,6,2024-10-13,WAS,BAL,53.0,51.5,-110.0,-110.0,total_con_mercado,55.94683537844829,2.9468353784482844,2.9468353784482844,1,0.0,4.4468353784482915,4.4468353784482915,OVER,1,0.5362111697712842,0.5362111697712842,0.46378883022871575,-110.0,1.9090909090909092,0.5238095238095238,0.01240164596176041,0.023675869563360985,0.9090909090909092
2024_06_BUF_NYJ,2024,6,2024-10-14,BUF,NYJ,43.0,42.0,-110.0,-110.0,total_con_mercado,40.03531767159475,-2.964682328405253,2.964682328405253,1,0.0,-1.964682328405253,1.964682328405253,UNDER,0,0.49637198018943934,0.5036280198105607,0.4963719801894393,-110.0,1.9090909090909092,0.5238095238095238,-0.027437543620084492,-0.05238076509288847,-1.0
2024_07_DEN_NO,2024,7,2024-10-17,DEN,NO,43.0,37.0,-110.0,-110.0,total_con_mercado,36.41224079590717,-6.587759204092833,6.587759204092833,1,0.0,-0.5877592040928334,0.5877592040928334,UNDER,0,0.4742594597554592,0.5257405402445408,0.47425945975545925,-110.0,1.9090909090909092,0.5238095238095238,-0.049550064054064646,-0.09459557683048692,-1.0
2024_07_CAR_WAS,2024,7,2024-10-20,CAR,WAS,47.0,51.0,-110.0,-110.0,total_con_mercado,51.426003171322506,4.426003171322506,4.426003171322506,0,0.0,0.4260031713225061,0.4260031713225061,OVER,0,0.4716667006026107,0.4716667006026107,0.5283332993973893,-110.0,1.9090909090909092,0.5238095238095238,-0.05214282320691316,-0.09954538975865235,-1.0
2024_07_CIN_CLE,2024,7,2024-10-20,CIN,CLE,35.0,42.0,-108.0,-112.0,total_con_mercado,40.77580257208474,5.775802572084743,5.775802572084743,0,0.0,-1.2241974279152572,1.2241974279152572,UNDER,1,0.48447297379277154,0.5155270262072285,0.48447297379277154,-112.0,1.8928571428571428,0.5283018867924528,-0.04382891299968128,-0.08296187103511099,0.8928571428571428
2024_07_DET_MIN,2024,7,2024-10-20,DET,MIN,60.0,50.5,-108.0,-112.0,total_con_mercado,47.20385194942537,-12.79614805057463,12.79614805057463,1,0.0,-3.2961480505746295,3.2961480505746295,UNDER,0,0.5177688964259894,0.48223110357401056,0.5177688964259894,-112.0,1.8928571428571428,0.5283018867924528,-0.01053299036646338,-0.01993744605080572,-1.0
2024_07_HOU_GB,2024,7,2024-10-20,HOU,GB,46.0,48.0,-112.0,-108.0,total_con_mercado,50.94280397937135,4.942803979371348,4.942803979371348,0,0.0,2.942803979371348,2.942803979371348,OVER,0,0.5120937108858963,0.5120937108858963,0.4879062891141037,-112.0,1.8928571428571428,0.5283018867924528,-0.016208175906556543,-0.0306797615374107,-1.0
2024_07_KC_SF,2024,7,2024-10-20,KC,SF,46.0,47.5,-110.0,-110.0,total_con_mercado,46.29452355288105,0.2945235528810528,0.2945235528810528,0,0.0,-1.2054764471189472,1.2054764471189472,UNDER,1,0.48417231367920915,0.5158276863207909,0.4841723136792091,-110.0,1.9090909090909092,0.5238095238095238,-0.03963721013031468,-0.07567103752150972,0.9090909090909092
2024_07_LV_LA,2024,7,2024-10-20,LV,LA,35.0,43.0,-115.0,-105.0,total_con_mercado,46.60093278968163,11.600932789681629,11.600932789681629,0,0.0,3.6009327896816288,3.6009327896816288,OVER,0,0.5226605273151772,0.5226605273151772,0.4773394726848228,-115.0,1.8695652173913042,0.5348837209302326,-0.012223193615055417,-0.022852057628147016,-1.0
2024_07_MIA_IND,2024,7,2024-10-20,MIA,IND,26.0,44.0,-112.0,-108.0,total_con_mercado,44.90983073391857,18.909830733918568,18.909830733918568,0,0.0,0.9098307339185681,0.9098307339185681,OVER,0,0.47942588622816856,0.47942588622816856,0.5205741137718314,-112.0,1.8928571428571428,0.5283018867924528,-0.04887600056428426,-0.09251528678239529,-1.0
2024_07_NE_JAX,2024,7,2024-10-20,NE,JAX,48.0,42.0,-112.0,-108.0,total_con_mercado,42.44366569628223,-5.556334303717769,5.556334303717769,1,0.0,0.4436656962822312,0.4436656962822312,OVER,1,0.4719497383209457,0.4719497383209457,0.5280502616790543,-112.0,1.8928571428571428,0.5283018867924528,-0.0563521484715071,-0.10666656674963848,0.8928571428571428
2024_07_NYJ_PIT,2024,7,2024-10-20,NYJ,PIT,52.0,40.0,-110.0,-110.0,total_con_mercado,41.83291177770446,-10.16708822229554,10.16708822229554,1,0.0,1.8329117777044601,1.8329117777044601,OVER,1,0.49425384365543895,0.49425384365543895,0.5057461563445611,-110.0,1.9090909090909092,0.5238095238095238,-0.029555680154084885,-0.056424480294161916,0.9090909090909092
2024_07_PHI_NYG,2024,7,2024-10-20,PHI,NYG,31.0,42.0,-110.0,-110.0,total_con_mercado,45.48454888221013,14.484548882210134,14.484548882210134,0,0.0,3.4845488822101274,3.4845488822101274,OVER,0,0.5207930900870638,0.5207930900870638,0.47920690991293624,-110.0,1.9090909090909092,0.5238095238095238,-0.003016433722460077,-0.005758646197423722,-1.0
2024_07_SEA_ATL,2024,7,2024-10-20,SEA,ATL,48.0,51.5,-110.0,-110.0,total_con_mercado,53.22524047504792,5.225240475047919,5.225240475047919,0,0.0,1.7252404750479187,1.7252404750479187,OVER,0,0.4925232384822213,0.4925232384822213,0.5074767615177787,-110.0,1.9090909090909092,0.5238095238095238,-0.03128628532730254,-0.05972836289757755,-1.0
2024_07_TEN_BUF,2024,7,2024-10-20,TEN,BUF,44.0,41.0,-112.0,-108.0,total_con_mercado,44.456560478525645,0.4565604785256454,0.4565604785256454,1,0.0,3.4565604785256454,3.4565604785256454,OVER,1,0.5203439136702785,0.5203439136702785,0.47965608632972145,-112.0,1.8928571428571428,0.5283018867924528,-0.007957973122174278,-0.015063306266972831,0.8928571428571428
2024_07_BAL_TB,2024,7,2024-10-21,BAL,TB,72.0,51.0,-110.0,-110.0,total_con_mercado,52.78955259016576,-19.210447409834245,19.210447409834245,1,0.0,1.789552590165762,1.789552590165762,OVER,1,0.49355691079911357,0.49355691079911357,0.5064430892008864,-110.0,1.9090909090909092,0.5238095238095238,-0.030252613010410268,-0.05775498847441951,0.9090909090909092
2024_07_LAC_ARI,2024,7,2024-10-21,LAC,ARI,32.0,44.0,-112.0,-108.0,total_con_mercado,43.18703615187024,11.187036151870238,11.187036151870238,0,0.0,-0.8129638481297619,0.8129638481297619,UNDER,1,0.4778715079247595,0.5221284920752405,0.4778715079247595,-108.0,1.925925925925926,0.5192307692307692,-0.04135926130600964,-0.07965487362638901,0.925925925925926
2024_08_MIN_LA,2024,8,2024-10-24,MIN,LA,50.0,47.5,-110.0,-110.0,total_con_mercado,53.03941401442377,3.0394140144237696,3.0394140144237696,1,0.0,5.53941401442377,5.53941401442377,OVER,1,0.5536317105833725,0.5536317105833725,0.44636828941662754,-110.0,1.9090909090909092,0.5238095238095238,0.029822186773848625,0.05693326565916568,0.9090909090909092
2024_08_ARI_MIA,2024,8,2024-10-27,ARI,MIA,55.0,46.5,-110.0,-110.0,total_con_mercado,46.910520880131415,-8.089479119868585,8.089479119868585,1,0.0,0.41052088013141486,0.41052088013141486,OVER,1,0.4714186155820686,0.4714186155820686,0.5285813844179315,-110.0,1.9090909090909092,0.5238095238095238,-0.052390908227455235,-0.10001900661605079,0.9090909090909092
2024_08_ATL_TB,2024,8,2024-10-27,ATL,TB,57.0,47.0,-112.0,-108.0,total_con_mercado,44.66335329221351,-12.336646707786493,12.336646707786493,1,0.0,-2.3366467077864925,2.3366467077864925,UNDER,0,0.5023515490795128,0.49764845092048715,0.5023515490795128,-108.0,1.925925925925926,0.5192307692307692,-0.016879220151256313,-0.032508127698715916,-1.0
2024_08_BAL_CLE,2024,8,2024-10-27,BAL,CLE,53.0,44.5,-115.0,-105.0,total_con_mercado,40.319918170018525,-12.680081829981477,12.680081829981477,1,0.0,-4.180081829981475,4.180081829981475,UNDER,0,0.5319428207098365,0.46805717929016355,0.5319428207098365,-105.0,1.9523809523809523,0.5121951219512195,0.019747698758616927,0.03855503090968071,-1.0
2024_08_BUF_SEA,2024,8,2024-10-27,BUF,SEA,41.0,45.5,-115.0,-105.0,total_con_mercado,44.5415779434548,3.5415779434548043,3.5415779434548043,0,0.0,-0.9584220565452028,0.9584220565452028,UNDER,1,0.48020576074879073,0.5197942392512093,0.48020576074879073,-105.0,1.9523809523809523,0.5121951219512195,-0.03198936120242879,-0.06245541949045619,0.9523809523809523
2024_08_CAR_DEN,2024,8,2024-10-27,CAR,DEN,42.0,40.5,-108.0,-112.0,total_con_mercado,39.40480048731133,-2.5951995126886658,2.5951995126886658,1,0.0,-1.0951995126886729,1.0951995126886729,UNDER,0,0.48240149897051754,0.5175985010294825,0.48240149897051754,-112.0,1.8928571428571428,0.5283018867924528,-0.045900387821935285,-0.08688287694866326,-1.0
2024_08_CHI_WAS,2024,8,2024-10-27,CHI,WAS,33.0,46.5,-112.0,-108.0,total_con_mercado,48.91782782848306,15.917827828483064,15.917827828483064,0,0.0,2.4178278284830625,2.4178278284830625,OVER,0,0.5036565581309913,0.5036565581309913,0.4963434418690087,-112.0,1.8928571428571428,0.5283018867924528,-0.02464532866146152,-0.04665008639490931,-1.0
2024_08_DAL_SF,2024,8,2024-10-27,DAL,SF,54.0,48.0,-110.0,-110.0,total_con_mercado,49.82889354124036,-4.171106458759638,4.171106458759638,1,0.0,1.8288935412403617,1.8288935412403617,OVER,1,0.49418925564809557,0.49418925564809557,0.5058107443519044,-110.0,1.9090909090909092,0.5238095238095238,-0.029620268161428265,-0.056547784671817536,0.9090909090909092
2024_08_GB_JAX,2024,8,2024-10-27,GB,JAX,57.0,49.0,-108.0,-112.0,total_con_mercado,49.07335087108357,-7.926649128916431,7.926649128916431,1,0.0,0.0733508710835693,0.0733508710835693,OVER,1,0.46601958378599184,0.46601958378599184,0.5339804162140082,-108.0,1.925925925925926,0.5192307692307692,-0.05321118544477732,-0.10248080159734896,0.925925925925926
2024_08_IND_HOU,2024,8,2024-10-27,IND,HOU,43.0,45.0,-112.0,-108.0,total_con_mercado,48.46674100398699,5.466741003986989,5.466741003986989,0,0.0,3.4667410039869893,3.4667410039869893,OVER,0,0.520507301321748,0.520507301321748,0.47949269867825195,-112.0,1.8928571428571428,0.5283018867924528,-0.0077945854707047735,-0.014754036783834135,-1.0
2024_08_KC_LV,2024,8,2024-10-27,KC,LV,47.0,42.0,-112.0,-108.0,total_con_mercado,40.00858406580694,-6.991415934193057,6.991415934193057,1,0.0,-1.991415934193057,1.991415934193057,UNDER,0,0.4968017260284607,0.5031982739715393,0.49680172602846073,-108.0,1.925925925925926,0.5192307692307692,-0.022429043202308485,-0.043196675797038675,-1.0
2024_08_NO_LAC,2024,8,2024-10-27,NO,LAC,34.0,41.5,-112.0,-108.0,total_con_mercado,43.73302139447714,9.733021394477142,9.733021394477142,0,0.0,2.2330213944771415,2.2330213944771415,OVER,0,0.5006856992303971,0.5006856992303971,0.4993143007696029,-112.0,1.8928571428571428,0.5283018867924528,-0.02761618756205575,-0.052273497885319875,-1.0
2024_08_NYJ_NE,2024,8,2024-10-27,NYJ,NE,47.0,41.0,-110.0,-110.0,total_con_mercado,37.03981999739233,-9.960180002607672,9.960180002607672,1,0.0,-3.9601800026076717,3.9601800026076717,UNDER,0,0.5284206040481613,0.47157939595183873,0.5284206040481613,-110.0,1.9090909090909092,0.5238095238095238,0.004611080238637433,0.008802971364671563,-1.0
2024_08_PHI_CIN,2024,8,2024-10-27,PHI,CIN,54.0,47.5,-112.0,-108.0,total_con_mercado,48.94829667047191,-5.051703329528095,5.051703329528095,1,0.0,1.4482966704719118,1.4482966704719118,OVER,1,0.4880728324185188,0.4880728324185188,0.5119271675814812,-112.0,1.8928571428571428,0.5283018867924528,-0.04022905437393404,-0.07614785292208948,0.8928571428571428
2024_08_TEN_DET,2024,8,2024-10-27,TEN,DET,66.0,45.0,-112.0,-108.0,total_con_mercado,45.71877212618804,-20.281227873811964,20.281227873811964,1,0.0,0.7187721261880426,0.7187721261880426,OVER,1,0.4763604673312826,0.4763604673312826,0.5236395326687173,-112.0,1.8928571428571428,0.5283018867924528,-0.0519414194611702,-0.09831768683721509,0.8928571428571428
2024_08_NYG_PIT,2024,8,2024-10-28,NYG,PIT,44.0,37.5,-110.0,-110.0,total_con_mercado,38.97251593456789,-5.0274840654321125,5.0274840654321125,1,0.0,1.4725159345678875,1.4725159345678875,OVER,1,0.488461963688084,0.488461963688084,0.511538036311916,-110.0,1.9090909090909092,0.5238095238095238,-0.03534756012143986,-0.06748170568638512,0.9090909090909092
2024_09_HOU_NYJ,2024,9,2024-10-31,HOU,NYJ,34.0,43.5,-115.0,-105.0,total_con_mercado,42.81033476860068,8.810334768600683,8.810334768600683,0,0.0,-0.6896652313993172,0.6896652313993172,UNDER,1,0.4758936154964982,0.5241063845035018,0.4758936154964982,-105.0,1.9523809523809523,0.5121951219512195,-0.0363015064547213,-0.07087436974493211,0.9523809523809523
2024_09_CHI_ARI,2024,9,2024-11-03,CHI,ARI,38.0,44.5,-110.0,-110.0,total_con_mercado,43.43107986644572,5.431079866445721,5.431079866445721,0,0.0,-1.068920133554279,1.068920133554279,UNDER,1,0.4819795711744361,0.5180204288255639,0.4819795711744361,-110.0,1.9090909090909092,0.5238095238095238,-0.04182995263508771,-0.07985718230334915,0.9090909090909092
2024_09_DAL_ATL,2024,9,2024-11-03,DAL,ATL,48.0,52.0,-108.0,-112.0,total_con_mercado,53.64721488479235,5.647214884792348,5.647214884792348,0,0.0,1.6472148847923478,1.6472148847923478,OVER,0,0.4912692396184959,0.4912692396184959,0.5087307603815041,-108.0,1.925925925925926,0.5192307692307692,-0.027961529612273273,-0.05385183480882272,-1.0
2024_09_DEN_BAL,2024,9,2024-11-03,DEN,BAL,51.0,46.5,-110.0,-110.0,total_con_mercado,50.6358522453089,-0.3641477546910963,0.3641477546910963,1,0.0,4.135852245308897,4.135852245308897,OVER,1,0.5312346299026058,0.5312346299026058,0.46876537009739416,-110.0,1.9090909090909092,0.5238095238095238,0.007425106093082001,0.014175202541338416,0.9090909090909092
2024_09_DET_GB,2024,9,2024-11-03,DET,GB,38.0,47.5,-112.0,-108.0,total_con_mercado,48.65419917445784,10.654199174457837,10.654199174457837,0,0.0,1.1541991744578368,1.1541991744578368,OVER,0,0.4833488568104498,0.4833488568104498,0.5166511431895502,-112.0,1.8928571428571428,0.5283018867924528,-0.04495302998200301,-0.08508966389450578,-1.0
2024_09_IND_MIN,2024,9,2024-11-03,IND,MIN,34.0,47.0,-110.0,-110.0,total_con_mercado,51.943457023618016,17.943457023618016,17.943457023618016,0,0.0,4.943457023618016,4.943457023618016,OVER,0,0.5441430728221222,0.5441430728221222,0.45585692717787785,-110.0,1.9090909090909092,0.5238095238095238,0.020333549012598318,0.03881859356950601,-1.0
2024_09_JAX_PHI,2024,9,2024-11-03,JAX,PHI,51.0,46.0,-110.0,-110.0,total_con_mercado,45.59421919372908,-5.405780806270919,5.405780806270919,1,0.0,-0.4057808062709185,0.4057808062709185,UNDER,0,0.471342664439597,0.528657335560403,0.47134266443959705,-110.0,1.9090909090909092,0.5238095238095238,-0.052466859369926844,-0.10016400425167848,-1.0
2024_09_LAC_CLE,2024,9,2024-11-03,LAC,CLE,37.0,42.5,-112.0,-108.0,total_con_mercado,40.794051979678684,3.794051979678685,3.794051979678685,0,0.0,-1.7059480203213155,1.7059480203213155,UNDER,1,0.4922131678115935,0.5077868321884065,0.4922131678115935,-108.0,1.925925925925926,0.5192307692307692,-0.02701760141917564,-0.05203389902952349,0.925925925925926
2024_09_LA_SEA,2024,9,2024-11-03,LA,SEA,46.0,48.5,-110.0,-110.0,total_con_mercado,46.41714997255727,0.4171499725572687,0.4171499725572687,0,0.0,-2.0828500274427313,2.0828500274427313,UNDER,1,0.49827157161721086,0.5017284283827892,0.4982715716172108,-110.0,1.9090909090909092,0.5238095238095238,-0.025537952192312974,-0.048754272367142915,0.9090909090909092
2024_09_LV_CIN,2024,9,2024-11-03,LV,CIN,65.0,45.0,-112.0,-108.0,total_con_mercado,43.713982313414114,-21.28601768658589,21.28601768658589,1,0.0,-1.286017686585886,1.286017686585886,UNDER,0,0.4854658896410018,0.5145341103589982,0.4854658896410018,-108.0,1.925925925925926,0.5192307692307692,-0.03376487958976737,-0.06502865698770022,-1.0
2024_09_MIA_BUF,2024,9,2024-11-03,MIA,BUF,57.0,49.0,-112.0,-108.0,total_con_mercado,51.3976578385488,-5.602342161451205,5.602342161451205,1,0.0,2.3976578385488025,2.3976578385488025,OVER,1,0.5033323239040305,0.5033323239040305,0.4966676760959695,-112.0,1.8928571428571428,0.5283018867924528,-0.024969562888422336,-0.04726381546737091,0.8928571428571428
2024_09_NE_TEN,2024,9,2024-11-03,NE,TEN,37.0,38.5,-110.0,-110.0,total_con_mercado,40.917370748435125,3.917370748435125,3.917370748435125,0,0.0,2.4173707484351254,2.4173707484351254,OVER,0,0.5036492105651111,0.5036492105651111,0.49635078943488886,-110.0,1.9090909090909092,0.5238095238095238,-0.020160313244412698,-0.03848787073933324,-1.0
2024_09_NO_CAR,2024,9,2024-11-03,NO,CAR,45.0,43.5,-112.0,-108.0,total_con_mercado,43.87300991868519,-1.1269900813148157,1.1269900813148157,1,0.0,0.3730099186851916,0.3730099186851916,OVER,1,0.4708176065005435,0.4708176065005435,0.5291823934994565,-112.0,1.8928571428571428,0.5283018867924528,-0.05748428029190933,-0.10880953055254272,0.8928571428571428
2024_09_WAS_NYG,2024,9,2024-11-03,WAS,NYG,49.0,44.5,-110.0,-110.0,total_con_mercado,54.8347494766973,5.834749476697304,5.834749476697304,1,0.0,10.334749476697297,10.334749476697297,OVER,1,0.6280153484069462,0.6280153484069462,0.37198465159305383,-110.0,1.9090909090909092,0.5238095238095238,0.10420582459742234,0.19893839241326083,0.9090909090909092
2024_09_TB_KC,2024,9,2024-11-04,TB,KC,54.0,45.5,-112.0,-108.0,total_con_mercado,45.6632064051365,-8.3367935948635,8.3367935948635,1,0.0,0.1632064051364992,0.1632064051364992,OVER,1,0.4674576960589791,0.4674576960589791,0.5325423039410209,-112.0,1.8928571428571428,0.5283018867924528,-0.060844190733473746,-0.11516936103121822,0.8928571428571428
2024_10_CIN_BAL,2024,10,2024-11-07,CIN,BAL,69.0,53.0,-112.0,-108.0,total_con_mercado,52.95950691235688,-16.04049308764312,16.04049308764312,1,0.0,-0.04049308764312087,0.04049308764312087,UNDER,0,0.4654938440344122,0.5345061559655878,0.4654938440344122,-108.0,1.925925925925926,0.5192307692307692,-0.05373692519635698,-0.10349333741520605,-1.0
2024_10_ATL_NO,2024,10,2024-11-10,ATL,NO,37.0,46.5,-108.0,-112.0,total_con_mercado,46.36012017759382,9.36012017759382,9.36012017759382,0,0.0,-0.13987982240617924,0.13987982240617924,UNDER,1,0.4670843077942336,0.5329156922057664,0.4670843077942336,-112.0,1.8928571428571428,0.5283018867924528,-0.061217578998219224,-0.11587613167520072,0.8928571428571428
2024_10_BUF_IND,2024,10,2024-11-10,BUF,IND,50.0,46.5,-112.0,-108.0,total_con_mercado,46.17490667364466,-3.825093326355344,3.825093326355344,1,0.0,-0.3250933263553435,0.3250933263553435,UNDER,0,0.4700499993517078,0.5299500006482922,0.47004999935170777,-108.0,1.925925925925926,0.5192307692307692,-0.04918076987906134,-0.09471851976708112,-1.0
2024_10_DEN_KC,2024,10,2024-11-10,DEN,KC,30.0,42.5,-110.0,-110.0,total_con_mercado,44.2435356865488,14.243535686548803,14.243535686548803,0,0.0,1.7435356865488032,1.7435356865488032,OVER,0,0.49281728665648694,0.49281728665648694,0.5071827133435131,-110.0,1.9090909090909092,0.5238095238095238,-0.030992237153036895,-0.05916699820125215,-1.0
2024_10_MIN_JAX,2024,10,2024-11-10,MIN,JAX,19.0,42.5,-112.0,-108.0,total_con_mercado,37.018737606521256,18.018737606521256,18.018737606521256,0,0.0,-5.481262393478744,5.481262393478744,UNDER,1,0.552707444295778,0.447292555704222,0.552707444295778,-108.0,1.925925925925926,0.5192307692307692,0.03347667506500884,0.06447359642149841,0.925925925925926
2024_10_NE_CHI,2024,10,2024-11-10,NE,CHI,22.0,37.5,-108.0,-112.0,total_con_mercado,39.5415430176818,17.541543017681803,17.541543017681803,0,0.0,2.0415430176818035,2.0415430176818035,OVER,0,0.49760753699521804,0.49760753699521804,0.502392463004782,-108.0,1.925925925925926,0.5192307692307692,-0.021623232235551126,-0.04164474356476522,-1.0
2024_10_NYG_CAR,2024,10,2024-11-10,NYG,CAR,37.0,40.5,-105.0,-115.0,total_con_mercado,39.23591320793648,2.235913207936484,2.235913207936484,0,0.0,-1.264086792063523,1.264086792063523,UNDER,1,0.48511363667321006,0.5148863633267899,0.48511363667321006,-115.0,1.8695652173913042,0.5348837209302326,-0.04977008425702256,-0.09304841839356393,0.8695652173913042
2024_10_NYJ_ARI,2024,10,2024-11-10,NYJ,ARI,37.0,45.5,-112.0,-108.0,total_con_mercado,41.30223421339136,4.302234213391358,4.302234213391358,0,0.0,-4.197765786608642,4.197765786608642,UNDER,1,0.5322259350574361,0.4677740649425639,0.5322259350574361,-108.0,1.925925925925926,0.5192307692307692,0.012995165826666932,0.025027726777284487,0.925925925925926
2024_10_PHI_DAL,2024,10,2024-11-10,PHI,DAL,40.0,44.5,-110.0,-110.0,total_con_mercado,41.21924748178361,1.2192474817836114,1.2192474817836114,0,0.0,-3.2807525182163886,3.2807525182163886,UNDER,1,0.5175217081388367,0.4824782918611633,0.5175217081388367,-110.0,1.9090909090909092,0.5238095238095238,-0.006287815670687147,-0.012004011734948139,0.9090909090909092
2024_10_PIT_WAS,2024,10,2024-11-10,PIT,WAS,55.0,45.0,-112.0,-108.0,total_con_mercado,46.94970687319963,-8.05029312680037,8.05029312680037,1,0.0,1.9497068731996308,1.9497068731996308,OVER,1,0.4961312502976684,0.4961312502976684,0.5038687497023315,-112.0,1.8928571428571428,0.5283018867924528,-0.03217063649478441,-0.0608944190794134,0.8928571428571428
2024_10_SF_TB,2024,10,2024-11-10,SF,TB,43.0,50.5,-108.0,-112.0,total_con_mercado,45.56615638068932,2.5661563806893213,2.5661563806893213,0,0.0,-4.933843619310679,4.933843619310679,UNDER,1,0.5439897294162029,0.45601027058379706,0.5439897294162029,-112.0,1.8928571428571428,0.5283018867924528,0.015687842623750115,0.029694844966384082,0.8928571428571428
2024_10_TEN_LAC,2024,10,2024-11-10,TEN,LAC,44.0,40.0,-110.0,-110.0,total_con_mercado,46.07157277258887,2.0715727725888726,2.0715727725888726,1,0.0,6.071572772588873,6.071572772588873,OVER,1,0.5620718824704335,0.5620718824704335,0.4379281175295665,-110.0,1.9090909090909092,0.5238095238095238,0.03826235866090966,0.0730463210799186,0.9090909090909092
2024_10_MIA_LA,2024,10,2024-11-11,MIA,LA,38.0,49.5,-112.0,-108.0,total_con_mercado,48.23932312545752,10.239323125457515,10.239323125457515,0,0.0,-1.260676874542483,1.260676874542483,UNDER,1,0.485058868062517,0.514941131937483,0.48505886806251697,-108.0,1.925925925925926,0.5192307692307692,-0.03417190116825214,-0.06581255039811529,0.925925925925926
2024_11_WAS_PHI,2024,11,2024-11-14,WAS,PHI,44.0,49.5,-110.0,-110.0,total_con_mercado,47.88816160261613,3.8881616026161296,3.8881616026161296,0,0.0,-1.6118383973838704,1.6118383973838704,UNDER,1,0.4907007168492397,0.5092992831507603,0.49070071684923966,-110.0,1.9090909090909092,0.5238095238095238,-0.03310880696028412,-0.06320772237872418,0.9090909090909092
2024_11_ATL_DEN,2024,11,2024-11-17,ATL,DEN,44.0,44.5,-108.0,-112.0,total_con_mercado,44.350382375215126,0.3503823752151263,0.3503823752151263,0,0.0,-0.14961762478487373,0.14961762478487373,UNDER,1,0.4672401761937173,0.5327598238062827,0.46724017619371727,-112.0,1.8928571428571428,0.5283018867924528,-0.0610617105987355,-0.11558109506189218,0.8928571428571428
2024_11_BAL_PIT,2024,11,2024-11-17,BAL,PIT,34.0,48.0,-112.0,-108.0,total_con_mercado,51.875495232551735,17.875495232551735,17.875495232551735,0,0.0,3.875495232551735,3.875495232551735,OVER,0,0.5270634147711194,0.5270634147711194,0.4729365852288806,-112.0,1.8928571428571428,0.5283018867924528,-0.0012384720213334255,-0.0023442506118097617,-1.0
2024_11_CIN_LAC,2024,11,2024-11-17,CIN,LAC,61.0,48.0,-115.0,-105.0,total_con_mercado,54.46148751935931,-6.538512480640691,6.538512480640691,1,0.0,6.461487519359309,6.461487519359309,OVER,1,0.5682335839899502,0.5682335839899502,0.43176641601004984,-115.0,1.8695652173913042,0.5348837209302326,0.033349863059717544,0.06234974398121107,0.8695652173913042
2024_11_CLE_NO,2024,11,2024-11-17,CLE,NO,49.0,44.0,-110.0,-110.0,total_con_mercado,45.81524797269265,-3.184752027307347,3.184752027307347,1,0.0,1.815247972692653,1.815247972692653,OVER,1,0.4939699220621079,0.4939699220621079,0.5060300779378921,-110.0,1.9090909090909092,0.5238095238095238,-0.029839601747415956,-0.056966512426884885,0.9090909090909092
2024_11_GB_CHI,2024,11,2024-11-17,GB,CHI,39.0,41.0,-112.0,-108.0,total_con_mercado,45.25275675173735,6.252756751737351,6.252756751737351,0,0.0,4.252756751737351,4.252756751737351,OVER,0,0.5331061889860292,0.5331061889860292,0.46689381101397076,-112.0,1.8928571428571428,0.5283018867924528,0.004804302193576415,0.00909385772355531,-1.0
2024_11_IND_NYJ,2024,11,2024-11-17,IND,NYJ,55.0,43.0,-110.0,-110.0,total_con_mercado,46.90640011433883,-8.09359988566117,8.09359988566117,1,0.0,3.9064001143388296,3.9064001143388296,OVER,1,0.5275587551889386,0.5275587551889386,0.4724412448110614,-110.0,1.9090909090909092,0.5238095238095238,0.0037492313794147414,0.007157623542519254,0.9090909090909092
2024_11_JAX_DET,2024,11,2024-11-17,JAX,DET,58.0,47.5,-110.0,-110.0,total_con_mercado,45.56939346090681,-12.43060653909319,12.43060653909319,1,0.0,-1.9306065390931906,1.9306065390931906,UNDER,0,0.4958242157469067,0.5041757842530933,0.4958242157469067,-110.0,1.9090909090909092,0.5238095238095238,-0.02798530806261712,-0.053426497210450785,-1.0
2024_11_KC_BUF,2024,11,2024-11-17,KC,BUF,51.0,46.5,-112.0,-108.0,total_con_mercado,47.85264796313654,-3.1473520368634595,3.1473520368634595,1,0.0,1.3526479631365405,1.3526479631365405,OVER,1,0.4865361890479492,0.4865361890479492,0.5134638109520508,-112.0,1.8928571428571428,0.5283018867924528,-0.041765697744503616,-0.07905649930209613,0.8928571428571428
2024_11_LA_NE,2024,11,2024-11-17,LA,NE,50.0,42.5,-108.0,-112.0,total_con_mercado,41.02682333392407,-8.97317666607593,8.97317666607593,1,0.0,-1.4731766660759291,1.4731766660759291,UNDER,0,0.4884725798689715,0.5115274201310285,0.4884725798689715,-112.0,1.8928571428571428,0.5283018867924528,-0.0398293069234813,-0.0753911881051611,-1.0
2024_11_LV_MIA,2024,11,2024-11-17,LV,MIA,53.0,43.5,-108.0,-112.0,total_con_mercado,46.14910644745214,-6.850893552547859,6.850893552547859,1,0.0,2.649106447452141,2.649106447452141,OVER,1,0.5073740929308327,0.5073740929308327,0.4926259070691673,-108.0,1.925925925925926,0.5192307692307692,-0.011856676299936475,-0.022835080281359166,0.925925925925926
2024_11_MIN_TEN,2024,11,2024-11-17,MIN,TEN,36.0,40.0,-110.0,-110.0,total_con_mercado,39.90461248534775,3.904612485347748,3.904612485347748,0,0.0,-0.09538751465225204,0.09538751465225204,UNDER,1,0.4663722226556107,0.5336277773443894,0.4663722226556106,-110.0,1.9090909090909092,0.5238095238095238,-0.057437301153913156,-0.10965302947565225,0.9090909090909092
2024_11_SEA_SF,2024,11,2024-11-17,SEA,SF,37.0,49.0,-108.0,-112.0,total_con_mercado,49.43715577841184,12.437155778411835,12.437155778411835,0,0.0,0.4371557784118423,0.4371557784118423,OVER,0,0.47184541634315313,0.47184541634315313,0.5281545836568469,-108.0,1.925925925925926,0.5192307692307692,-0.04738535288761603,-0.09126067963540874,-1.0
2024_11_HOU_DAL,2024,11,2024-11-18,HOU,DAL,44.0,41.5,-115.0,-105.0,total_con_mercado,38.787801354230766,-5.212198645769234,5.212198645769234,1,0.0,-2.7121986457692344,2.7121986457692344,UNDER,0,0.5083881023834448,0.4916118976165552,0.5083881023834448,-105.0,1.9523809523809523,0.5121951219512195,-0.0038070195677747387,-0.0074327524894649555,-1.0
2024_12_PIT_CLE,2024,12,2024-11-21,PIT,CLE,43.0,36.5,-112.0,-108.0,total_con_mercado,34.82900885830768,-8.170991141692319,8.170991141692319,1,0.0,-1.670991141692319,1.670991141692319,UNDER,0,0.49165135204714056,0.5083486479528594,0.4916513520471406,-108.0,1.925925925925926,0.5192307692307692,-0.027579417183628607,-0.05311591457587739,-1.0
2024_12_ARI_SEA,2024,12,2024-11-24,ARI,SEA,22.0,46.5,-112.0,-108.0,total_con_mercado,42.209102130268086,20.20910213026809,20.20910213026809,0,0.0,-4.290897869731914,4.290897869731914,UNDER,1,0.5337166025530402,0.4662833974469598,0.5337166025530402,-108.0,1.925925925925926,0.5192307692307692,0.014485833322271047,0.02789864195400349,0.925925925925926
2024_12_DAL_WAS,2024,12,2024-11-24,DAL,WAS,60.0,45.0,-110.0,-110.0,total_con_mercado,43.57658052257776,-16.423419477422243,16.423419477422243,1,0.0,-1.423419477422243,1.423419477422243,UNDER,0,0.4876731452497749,0.5123268547502251,0.4876731452497749,-110.0,1.9090909090909092,0.5238095238095238,-0.03613637855974894,-0.0689876317958843,-1.0
2024_12_DEN_LV,2024,12,2024-11-24,DEN,LV,48.0,41.5,-112.0,-108.0,total_con_mercado,36.49159555195437,-11.508404448045631,11.508404448045631,1,0.0,-5.008404448045631,5.008404448045631,UNDER,0,0.5451788284565424,0.4548211715434576,0.5451788284565424,-108.0,1.925925925925926,0.5192307692307692,0.025948059225773257,0.04997403999037808,-1.0
2024_12_DET_IND,2024,12,2024-11-24,DET,IND,30.0,50.5,-110.0,-110.0,total_con_mercado,50.76299588843445,20.762995888434453,20.762995888434453,0,0.0,0.2629958884344532,0.2629958884344532,OVER,0,0.4690554312649904,0.4690554312649904,0.5309445687350096,-110.0,1.9090909090909092,0.5238095238095238,-0.05475409254453345,-0.10453054031229103,-1.0
2024_12_KC_CAR,2024,12,2024-11-24,KC,CAR,57.0,43.0,-110.0,-110.0,total_con_mercado,40.05734636523987,-16.942653634760127,16.942653634760127,1,0.0,-2.942653634760127,2.942653634760127,UNDER,0,0.5120912953796094,0.4879087046203906,0.5120912953796094,-110.0,1.9090909090909092,0.5238095238095238,-0.011718228429914435,-0.022371163366200153,-1.0
2024_12_MIN_CHI,2024,12,2024-11-24,MIN,CHI,57.0,39.5,-112.0,-108.0,total_con_mercado,40.5679059394173,-16.4320940605827,16.4320940605827,1,0.0,1.067905939417301,1.067905939417301,OVER,1,0.4819632883215293,0.4819632883215293,0.5180367116784708,-112.0,1.8928571428571428,0.5283018867924528,-0.04633859847092353,-0.08771234710567677,0.8928571428571428
2024_12_NE_MIA,2024,12,2024-11-24,NE,MIA,49.0,46.0,-112.0,-108.0,total_con_mercado,49.3721188568073,0.3721188568072975,0.3721188568072975,1,0.0,3.3721188568072975,3.3721188568072975,OVER,1,0.518988542291015,0.518988542291015,0.481011457708985,-112.0,1.8928571428571428,0.5283018867924528,-0.009313344501437837,-0.0176288306634359,0.8928571428571428
2024_12_PHI_LA,2024,12,2024-11-24,PHI,LA,57.0,49.0,-112.0,-108.0,total_con_mercado,53.07941660329214,-3.920583396707862,3.920583396707862,1,0.0,4.079416603292138,4.079416603292138,OVER,1,0.5303308170373243,0.5303308170373243,0.4696691829626757,-112.0,1.8928571428571428,0.5283018867924528,0.0020289302448714963,0.003840475106363872,0.8928571428571428
2024_12_SF_GB,2024,12,2024-11-24,SF,GB,48.0,44.5,-112.0,-108.0,total_con_mercado,44.24850466216452,-3.751495337835479,3.751495337835479,1,0.0,-0.25149533783547895,0.25149533783547895,UNDER,0,0.46887126231029597,0.531128737689704,0.46887126231029597,-108.0,1.925925925925926,0.5192307692307692,-0.050359506920473196,-0.0969886799949855,-1.0
2024_12_TB_NYG,2024,12,2024-11-24,TB,NYG,37.0,40.5,-110.0,-110.0,total_con_mercado,34.4091477059124,-2.590852294087597,2.590852294087597,0,0.0,-6.090852294087597,6.090852294087597,UNDER,1,0.5623770173566266,0.4376229826433734,0.5623770173566266,-110.0,1.9090909090909092,0.5238095238095238,0.03856749354710276,0.07362885131719632,0.9090909090909092
2024_12_TEN_HOU,2024,12,2024-11-24,TEN,HOU,59.0,40.5,-108.0,-112.0,total_con_mercado,39.98859000949328,-19.01140999050672,19.01140999050672,1,0.0,-0.5114099905067206,0.5114099905067206,UNDER,0,0.4730354900128793,0.5269645099871207,0.47303549001287926,-112.0,1.8928571428571428,0.5283018867924528,-0.05526639677957351,-0.10461139390419272,-1.0
2024_12_BAL_LAC,2024,12,2024-11-25,BAL,LAC,53.0,51.0,-108.0,-112.0,total_con_mercado,53.51437718402366,0.5143771840236582,0.5143771840236582,1,0.0,2.514377184023658,2.514377184023658,OVER,1,0.5052085495048823,0.5052085495048823,0.49479145049511775,-108.0,1.925925925925926,0.5192307692307692,-0.014022219725886909,-0.02700575650911563,0.925925925925926
2024_13_CHI_DET,2024,13,2024-11-28,CHI,DET,43.0,47.5,-120.0,100.0,total_con_mercado,45.73678073005741,2.7367807300574114,2.7367807300574114,0,0.0,-1.7632192699425886,1.7632192699425886,UNDER,1,0.4931336548593706,0.5068663451406294,0.49313365485937055,100.0,2.0,0.5,-0.006866345140629393,-0.013732690281258786,1.0
2024_13_MIA_GB,2024,13,2024-11-28,MIA,GB,47.0,47.5,-110.0,-110.0,total_con_mercado,48.365463939755,1.3654639397549957,1.3654639397549957,0,0.0,0.8654639397550028,0.8654639397550028,OVER,0,0.4787139014510779,0.4787139014510779,0.521286098548922,-110.0,1.9090909090909092,0.5238095238095238,-0.04509562235844594,-0.0860916426843058,-1.0
2024_13_NYG_DAL,2024,13,2024-11-28,NYG,DAL,47.0,39.0,-110.0,-110.0,total_con_mercado,45.00984728895241,-1.9901527110475925,1.9901527110475925,1,0.0,6.0098472889524075,6.0098472889524075,OVER,1,0.5610946451815685,0.5610946451815685,0.4389053548184315,-110.0,1.9090909090909092,0.5238095238095238,0.03728512137204465,0.0711806862557216,0.9090909090909092
2024_13_LV_KC,2024,13,2024-11-29,LV,KC,36.0,42.0,-112.0,-108.0,total_con_mercado,41.48487238427533,5.484872384275334,5.484872384275334,0,0.0,-0.5151276157246727,0.5151276157246727,UNDER,1,0.473095080631259,0.526904919368741,0.47309508063125905,-108.0,1.925925925925926,0.5192307692307692,-0.04613568859951017,-0.08885391878424187,0.925925925925926
2024_13_ARI_MIN,2024,13,2024-12-01,ARI,MIN,45.0,45.5,-108.0,-112.0,total_con_mercado,52.898987951092174,7.898987951092174,7.898987951092174,0,0.0,7.398987951092174,7.398987951092174,OVER,0,0.582959010873179,0.582959010873179,0.41704098912682097,-108.0,1.925925925925926,0.5192307692307692,0.06372824164240987,0.12273587279278941,-1.0
2024_13_HOU_JAX,2024,13,2024-12-01,HOU,JAX,43.0,44.5,-112.0,-108.0,total_con_mercado,44.36080583297597,1.36080583297597,1.36080583297597,0,0.0,-0.13919416702402998,0.13919416702402998,UNDER,1,0.4670733330744249,0.5329266669255751,0.4670733330744249,-108.0,1.925925925925926,0.5192307692307692,-0.05215743615634427,-0.10045135852332976,0.925925925925926
2024_13_IND_NE,2024,13,2024-12-01,IND,NE,49.0,41.5,-110.0,-110.0,total_con_mercado,42.139167635965975,-6.8608323640340245,6.8608323640340245,1,0.0,0.6391676359659755,0.6391676359659755,OVER,1,0.4750837739595479,0.4750837739595479,0.5249162260404521,-110.0,1.9090909090909092,0.5238095238095238,-0.04872574984997596,-0.09302188607722672,0.9090909090909092
2024_13_LAC_ATL,2024,13,2024-12-01,LAC,ATL,30.0,47.0,-110.0,-110.0,total_con_mercado,47.0327649128798,17.0327649128798,17.0327649128798,0,0.0,0.03276491287979866,0.03276491287979866,OVER,0,0.46537020075127994,0.46537020075127994,0.5346297992487201,-110.0,1.9090909090909092,0.5238095238095238,-0.0584393230582439,-0.11156598038392007,-1.0
2024_13_LA_NO,2024,13,2024-12-01,LA,NO,35.0,48.5,-112.0,-108.0,total_con_mercado,52.22308408424319,17.22308408424319,17.22308408424319,0,0.0,3.7230840842431903,3.7230840842431903,OVER,0,0.5246198230586224,0.5246198230586224,0.4753801769413776,-112.0,1.8928571428571428,0.5283018867924528,-0.0036820637338303985,-0.006969620639036167,-1.0
2024_13_PHI_BAL,2024,13,2024-12-01,PHI,BAL,43.0,50.0,-110.0,-110.0,total_con_mercado,47.72215656527525,4.722156565275249,4.722156565275249,0,0.0,-2.277843434724751,2.277843434724751,UNDER,1,0.5014062491113405,0.49859375088865954,0.5014062491113405,-110.0,1.9090909090909092,0.5238095238095238,-0.022403274698183373,-0.042769888060168126,0.9090909090909092
2024_13_PIT_CIN,2024,13,2024-12-01,PIT,CIN,82.0,46.0,-112.0,-108.0,total_con_mercado,43.2193384604116,-38.7806615395884,38.7806615395884,1,0.0,-2.780661539588401,2.780661539588401,UNDER,0,0.5094883506000013,0.4905116493999987,0.5094883506000013,-108.0,1.925925925925926,0.5192307692307692,-0.009742418630767857,-0.0187631766222196,-1.0
2024_13_SEA_NYJ,2024,13,2024-12-01,SEA,NYJ,47.0,41.5,-110.0,-110.0,total_con_mercado,43.31579372524894,-3.6842062747510624,3.6842062747510624,1,0.0,1.8157937252489376,1.8157937252489376,OVER,1,0.4939786942334142,0.4939786942334142,0.5060213057665859,-110.0,1.9090909090909092,0.5238095238095238,-0.029830829576109663,-0.05694976555439113,0.9090909090909092
2024_13_TB_CAR,2024,13,2024-12-01,TB,CAR,49.0,46.0,-110.0,-110.0,total_con_mercado,41.16413210654349,-7.835867893456509,7.835867893456509,1,0.0,-4.835867893456509,4.835867893456509,UNDER,0,0.542426448046407,0.45757355195359295,0.542426448046407,-110.0,1.9090909090909092,0.5238095238095238,0.018616924236883214,0.035541400815868096,-1.0
2024_13_TEN_WAS,2024,13,2024-12-01,TEN,WAS,61.0,45.0,-112.0,-108.0,total_con_mercado,47.55820237650684,-13.44179762349316,13.44179762349316,1,0.0,2.5582023765068413,2.5582023765068413,OVER,1,0.5059129902130352,0.5059129902130352,0.49408700978696485,-112.0,1.8928571428571428,0.5283018867924528,-0.022388896579417672,-0.04237898281104069,0.8928571428571428
2024_13_CLE_DEN,2024,13,2024-12-02,CLE,DEN,73.0,41.5,-110.0,-110.0,total_con_mercado,46.84548367384073,-26.154516326159268,26.154516326159268,1,0.0,5.345483673840732,5.345483673840732,OVER,1,0.5505479590846863,0.5505479590846863,0.44945204091531366,-110.0,1.9090909090909092,0.5238095238095238,0.02673843527516251,0.05104610370712859,0.9090909090909092
2024_14_GB_DET,2024,14,2024-12-05,GB,DET,65.0,53.0,-110.0,-110.0,total_con_mercado,56.01191701931967,-8.988082980680332,8.988082980680332,1,0.0,3.011917019319668,3.011917019319668,OVER,1,0.5132040514207776,0.5132040514207776,0.48679594857922237,-110.0,1.9090909090909092,0.5238095238095238,-0.010605472388746207,-0.02024681092396996,0.9090909090909092
2024_14_ATL_MIN,2024,14,2024-12-08,ATL,MIN,63.0,46.5,-112.0,-108.0,total_con_mercado,50.73499604903026,-12.265003950969742,12.265003950969742,1,0.0,4.234996049030258,4.234996049030258,OVER,1,0.5328219113099247,0.5328219113099247,0.46717808869007527,-112.0,1.8928571428571428,0.5283018867924528,0.00452002451747191,0.008555760693786052,0.8928571428571428
2024_14_BUF_LA,2024,14,2024-12-08,BUF,LA,86.0,49.5,-112.0,-108.0,total_con_mercado,45.804151474148505,-40.195848525851495,40.195848525851495,1,0.0,-3.6958485258514955,3.6958485258514955,UNDER,0,0.5241830306718269,0.4758169693281731,0.5241830306718269,-108.0,1.925925925925926,0.5192307692307692,0.004952261441057759,0.009537688701296343,-1.0
2024_14_CAR_PHI,2024,14,2024-12-08,CAR,PHI,38.0,44.5,-108.0,-112.0,total_con_mercado,41.090412285576,3.090412285576001,3.090412285576001,0,0.0,-3.409587714423999,3.409587714423999,UNDER,1,0.5195899901196721,0.4804100098803279,0.5195899901196721,-112.0,1.8928571428571428,0.5283018867924528,-0.008711896672780717,-0.016490375844906424,0.8928571428571428
2024_14_CHI_SF,2024,14,2024-12-08,CHI,SF,51.0,43.5,-112.0,-108.0,total_con_mercado,42.09139362040513,-8.908606379594872,8.908606379594872,1,0.0,-1.4086063795948718,1.4086063795948718,UNDER,0,0.4874351594099436,0.5125648405900565,0.48743515940994353,-108.0,1.925925925925926,0.5192307692307692,-0.03179560982082558,-0.06123598928455298,-1.0
2024_14_CLE_PIT,2024,14,2024-12-08,CLE,PIT,41.0,43.0,-110.0,-110.0,total_con_mercado,43.67810765279464,2.678107652794644,2.678107652794644,0,0.0,0.6781076527946368,0.6781076527946368,OVER,0,0.4757082526114178,0.4757082526114178,0.5242917473885822,-110.0,1.9090909090909092,0.5238095238095238,-0.04810127119810603,-0.09182969956002052,-1.0
2024_14_JAX_TEN,2024,14,2024-12-08,JAX,TEN,16.0,40.0,-112.0,-108.0,total_con_mercado,35.42910120522131,19.429101205221308,19.429101205221308,0,0.0,-4.570898794778692,4.570898794778692,UNDER,1,0.5381945525122219,0.4618054474877781,0.5381945525122219,-108.0,1.925925925925926,0.5192307692307692,0.018963783281452762,0.036522841875390455,0.925925925925926
2024_14_LAC_KC,2024,14,2024-12-08,LAC,KC,36.0,43.5,-110.0,-110.0,total_con_mercado,43.678646604881095,7.678646604881095,7.678646604881095,0,0.0,0.17864660488109507,0.17864660488109507,OVER,0,0.46770486718416465,0.46770486718416465,0.5322951328158354,-110.0,1.9090909090909092,0.5238095238095238,-0.056104656625359184,-0.1071088899211402,-1.0
2024_14_LV_TB,2024,14,2024-12-08,LV,TB,41.0,47.0,-108.0,-112.0,total_con_mercado,46.61123044336266,5.611230443362658,5.611230443362658,0,0.0,-0.38876955663734236,0.38876955663734236,UNDER,1,0.4710701007670282,0.5289298992329718,0.47107010076702815,-112.0,1.8928571428571428,0.5283018867924528,-0.057231786025424614,-0.10833159497669664,0.8928571428571428
2024_14_NO_NYG,2024,14,2024-12-08,NO,NYG,25.0,41.0,-110.0,-110.0,total_con_mercado,42.44299335607096,17.442993356070957,17.442993356070957,0,0.0,1.4429933560709571,1.4429933560709571,OVER,0,0.4879876259016034,0.4879876259016034,0.5120123740983966,-110.0,1.9090909090909092,0.5238095238095238,-0.03582189790792045,-0.06838725964239345,-1.0
2024_14_NYJ_MIA,2024,14,2024-12-08,NYJ,MIA,58.0,45.0,-108.0,-112.0,total_con_mercado,43.958679955458834,-14.041320044541166,14.041320044541166,1,0.0,-1.0413200445411661,1.0413200445411661,UNDER,0,0.4815364664364844,0.5184635335635156,0.4815364664364844,-112.0,1.8928571428571428,0.5283018867924528,-0.04676542035596842,-0.08852025995951174,-1.0
2024_14_SEA_ARI,2024,14,2024-12-08,SEA,ARI,48.0,45.5,-110.0,-110.0,total_con_mercado,43.411842458763765,-4.588157541236235,4.588157541236235,1,0.0,-2.088157541236235,2.088157541236235,UNDER,0,0.4983568935331138,0.5016431064668863,0.49835689353311374,-110.0,1.9090909090909092,0.5238095238095238,-0.025452630276410038,-0.04859138507314631,-1.0
2024_14_CIN_DAL,2024,14,2024-12-09,CIN,DAL,47.0,51.0,-108.0,-112.0,total_con_mercado,47.988011550749725,0.9880115507497252,0.9880115507497252,0,0.0,-3.011988449250275,3.011988449250275,UNDER,1,0.5132051989179651,0.4867948010820349,0.5132051989179651,-112.0,1.8928571428571428,0.5283018867924528,-0.015096687874487702,-0.02857587347670887,0.8928571428571428
2024_15_LA_SF,2024,15,2024-12-12,LA,SF,18.0,48.5,-110.0,-110.0,total_con_mercado,49.38826451075383,31.388264510753828,31.388264510753828,0,0.0,0.8882645107538281,0.8882645107538281,OVER,0,0.4790797874396818,0.4790797874396818,0.5209202125603182,-110.0,1.9090909090909092,0.5238095238095238,-0.04472973636984201,-0.08539313306969831,-1.0
2024_15_BAL_NYG,2024,15,2024-12-15,BAL,NYG,49.0,43.5,-108.0,-112.0,total_con_mercado,45.537280728257386,-3.462719271742614,3.462719271742614,1,0.0,2.037280728257386,2.037280728257386,OVER,1,0.4975390186113532,0.4975390186113532,0.5024609813886468,-108.0,1.925925925925926,0.5192307692307692,-0.021691750619415973,-0.04177670489665308,0.925925925925926
2024_15_BUF_DET,2024,15,2024-12-15,BUF,DET,90.0,55.5,-110.0,-110.0,total_con_mercado,55.00859063326211,-34.99140936673789,34.99140936673789,1,0.0,-0.4914093667378907,0.4914093667378907,UNDER,0,0.4727149089170523,0.5272850910829476,0.47271490891705237,-110.0,1.9090909090909092,0.5238095238095238,-0.051094614892471524,-0.09754426479471823,-1.0
2024_15_CIN_TEN,2024,15,2024-12-15,CIN,TEN,64.0,46.5,-108.0,-112.0,total_con_mercado,36.322058803831005,-27.677941196168995,27.677941196168995,1,0.0,-10.177941196168995,10.177941196168995,UNDER,0,0.6256567394616904,0.3743432605383096,0.6256567394616904,-112.0,1.8928571428571428,0.5283018867924528,0.0973548526692376,0.1842788282667711,-1.0
2024_15_DAL_CAR,2024,15,2024-12-15,DAL,CAR,44.0,42.0,-108.0,-112.0,total_con_mercado,39.986165837197134,-4.0138341628028655,4.0138341628028655,1,0.0,-2.0138341628028655,2.0138341628028655,UNDER,0,0.49716210534398353,0.5028378946560165,0.49716210534398353,-112.0,1.8928571428571428,0.5283018867924528,-0.031139781448469295,-0.05894315774174552,-1.0
2024_15_GB_SEA,2024,15,2024-12-15,GB,SEA,43.0,48.0,-110.0,-110.0,total_con_mercado,45.57941658890652,2.5794165889065184,2.5794165889065184,0,0.0,-2.4205834110934816,2.4205834110934816,UNDER,1,0.5037008541126551,0.4962991458873449,0.5037008541126551,-110.0,1.9090909090909092,0.5238095238095238,-0.020108669696868753,-0.03838927851220386,0.9090909090909092
2024_15_IND_DEN,2024,15,2024-12-15,IND,DEN,44.0,43.5,-112.0,-108.0,total_con_mercado,48.34250515427061,4.342505154270604,4.342505154270604,1,0.0,4.8425051542706115,4.8425051542706115,OVER,1,0.5425323776094625,0.5425323776094625,0.4574676223905375,-112.0,1.8928571428571428,0.5283018867924528,0.014230490817009667,0.02693628618933963,0.8928571428571428
2024_15_KC_CLE,2024,15,2024-12-15,KC,CLE,28.0,41.5,-108.0,-112.0,total_con_mercado,39.5690616429021,11.5690616429021,11.5690616429021,0,0.0,-1.9309383570979008,1.9309383570979008,UNDER,1,0.49582954963744535,0.5041704503625546,0.4958295496374454,-112.0,1.8928571428571428,0.5283018867924528,-0.03247233715500747,-0.06146549532912138,0.8928571428571428
2024_15_MIA_HOU,2024,15,2024-12-15,MIA,HOU,32.0,46.5,-108.0,-112.0,total_con_mercado,46.26743279190077,14.267432791900774,14.267432791900774,0,0.0,-0.23256720809923337,0.23256720809923337,UNDER,1,0.4685681671455508,0.5314318328544492,0.46856816714555083,-112.0,1.8928571428571428,0.5283018867924528,-0.05973371964690205,-0.11306739790306464,0.8928571428571428
2024_15_NE_ARI,2024,15,2024-12-15,NE,ARI,47.0,46.5,-110.0,-110.0,total_con_mercado,46.64655717463039,-0.353442825369612,0.353442825369612,1,0.0,0.14655717463038798,0.14655717463038798,OVER,1,0.46719118832430395,0.46719118832430395,0.532808811675696,-110.0,1.9090909090909092,0.5238095238095238,-0.056618335485219884,-0.10808954956269246,0.9090909090909092
2024_15_NYJ_JAX,2024,15,2024-12-15,NYJ,JAX,57.0,41.5,-108.0,-112.0,total_con_mercado,41.56480650466347,-15.435193495336527,15.435193495336527,1,0.0,0.06480650466347271,0.06480650466347271,OVER,1,0.46588286265597467,0.46588286265597467,0.5341171373440253,-108.0,1.925925925925926,0.5192307692307692,-0.05334790657479449,-0.1027441163662709,0.925925925925926
2024_15_PIT_PHI,2024,15,2024-12-15,PIT,PHI,40.0,43.0,-110.0,-110.0,total_con_mercado,46.20878314252816,6.208783142528155,6.208783142528155,0,0.0,3.208783142528162,3.208783142528162,OVER,0,0.5163660671854263,0.5163660671854263,0.4836339328145737,-110.0,1.9090909090909092,0.5238095238095238,-0.007443456624097511,-0.014210235373276925,-1.0
2024_15_TB_LAC,2024,15,2024-12-15,TB,LAC,57.0,46.0,-112.0,-108.0,total_con_mercado,45.40863032686352,-11.591369673136484,11.591369673136484,1,0.0,-0.5913696731364766,0.5913696731364766,UNDER,0,0.4743173476941259,0.5256826523058741,0.4743173476941259,-108.0,1.925925925925926,0.5192307692307692,-0.04491342153664324,-0.08649992295946118,-1.0
2024_15_WAS_NO,2024,15,2024-12-15,WAS,NO,39.0,44.5,-112.0,-108.0,total_con_mercado,38.04042754810522,-0.959572451894779,0.959572451894779,0,0.0,-6.459572451894779,6.459572451894779,UNDER,1,0.5682033707096374,0.43179662929036255,0.5682033707096374,-108.0,1.925925925925926,0.5192307692307692,0.04897260147886828,0.09431760284819068,0.925925925925926
2024_15_ATL_LV,2024,15,2024-12-16,ATL,LV,24.0,44.5,-110.0,-110.0,total_con_mercado,39.72495192087378,15.724951920873778,15.724951920873778,0,0.0,-4.775048079126222,4.775048079126222,UNDER,1,0.5414555966245119,0.4585444033754881,0.5414555966245119,-110.0,1.9090909090909092,0.5238095238095238,0.01764607281498809,0.03368795719225015,0.9090909090909092
2024_15_CHI_MIN,2024,15,2024-12-16,CHI,MIN,42.0,43.5,-110.0,-110.0,total_con_mercado,44.46198825396527,2.461988253965273,2.461988253965273,0,0.0,0.9619882539652735,0.9619882539652735,OVER,0,0.4802630008740255,0.4802630008740255,0.5197369991259745,-110.0,1.9090909090909092,0.5238095238095238,-0.04354652293549832,-0.08313427105867854,-1.0
2024_16_DEN_LAC,2024,16,2024-12-19,DEN,LAC,61.0,41.5,-110.0,-110.0,total_con_mercado,40.81177038405235,-20.188229615947648,20.188229615947648,1,0.0,-0.6882296159476482,0.6882296159476482,UNDER,0,0.4758705904305668,0.5241294095694332,0.4758705904305668,-110.0,1.9090909090909092,0.5238095238095238,-0.04793893337895705,-0.09151978190528154,-1.0
2024_16_HOU_KC,2024,16,2024-12-21,HOU,KC,46.0,42.5,-112.0,-108.0,total_con_mercado,43.212184779182095,-2.787815220817905,2.787815220817905,1,0.0,0.7121847791820954,0.7121847791820954,OVER,1,0.47625480778966917,0.47625480778966917,0.5237451922103309,-112.0,1.8928571428571428,0.5283018867924528,-0.05204707900278366,-0.09851768525526916,0.8928571428571428
2024_16_PIT_BAL,2024,16,2024-12-21,PIT,BAL,51.0,44.5,-108.0,-112.0,total_con_mercado,41.756915658024056,-9.243084341975944,9.243084341975944,1,0.0,-2.743084341975944,2.743084341975944,UNDER,0,0.5088844685569835,0.49111553144301645,0.5088844685569835,-112.0,1.8928571428571428,0.5283018867924528,-0.019417418235469275,-0.036754398802852584,-1.0
2024_16_ARI_CAR,2024,16,2024-12-22,ARI,CAR,66.0,47.0,-110.0,-110.0,total_con_mercado,42.71229515895023,-23.287704841049774,23.287704841049774,1,0.0,-4.2877048410497665,4.2877048410497665,UNDER,0,0.5336655049078557,0.4663344950921443,0.5336655049078557,-110.0,1.9090909090909092,0.5238095238095238,0.009855981098331856,0.01881596391499718,-1.0
2024_16_CLE_CIN,2024,16,2024-12-22,CLE,CIN,30.0,46.5,-108.0,-112.0,total_con_mercado,40.34698317811346,10.346983178113462,10.346983178113462,0,0.0,-6.153016821886538,6.153016821886538,UNDER,1,0.5633605660538639,0.43663943394613614,0.5633605660538639,-112.0,1.8928571428571428,0.5283018867924528,0.03505867926141104,0.06636107145909942,0.8928571428571428
2024_16_DET_CHI,2024,16,2024-12-22,DET,CHI,51.0,47.5,-110.0,-110.0,total_con_mercado,50.21184518621536,-0.7881548137846437,0.7881548137846437,1,0.0,2.7118451862153634,2.7118451862153634,OVER,1,0.5083824218127695,0.5083824218127695,0.4916175781872305,-110.0,1.9090909090909092,0.5238095238095238,-0.015427101996754344,-0.0294517401756218,0.9090909090909092
2024_16_JAX_LV,2024,16,2024-12-22,JAX,LV,33.0,41.5,-108.0,-112.0,total_con_mercado,43.66818866793464,10.668188667934643,10.668188667934643,0,0.0,2.1681886679346434,2.1681886679346434,OVER,0,0.49964345742971045,0.49964345742971045,0.5003565425702896,-108.0,1.925925925925926,0.5192307692307692,-0.019587311801058715,-0.03772371161685395,-1.0
2024_16_LA_NYJ,2024,16,2024-12-22,LA,NYJ,28.0,47.0,-110.0,-110.0,total_con_mercado,48.317813483235405,20.317813483235405,20.317813483235405,0,0.0,1.3178134832354047,1.3178134832354047,OVER,0,0.485976617741139,0.485976617741139,0.514023382258861,-110.0,1.9090909090909092,0.5238095238095238,-0.03783290606838485,-0.0722264570396437,-1.0
2024_16_MIN_SEA,2024,16,2024-12-22,MIN,SEA,51.0,43.0,-105.0,-115.0,total_con_mercado,41.9151398743757,-9.084860125624305,9.084860125624305,1,0.0,-1.084860125624303,1.084860125624303,UNDER,0,0.4822354922188671,0.5177645077811329,0.4822354922188671,-115.0,1.8695652173913042,0.5348837209302326,-0.05264822871136554,-0.09842929715603121,-1.0
2024_16_NE_BUF,2024,16,2024-12-22,NE,BUF,45.0,48.0,-110.0,-110.0,total_con_mercado,48.89882778306895,3.8988277830689526,3.8988277830689526,0,0.0,0.8988277830689526,0.8988277830689526,OVER,0,0.4792493063236124,0.4792493063236124,0.5207506936763876,-110.0,1.9090909090909092,0.5238095238095238,-0.044560217485911435,-0.08506950610946717,-1.0
2024_16_NYG_ATL,2024,16,2024-12-22,NYG,ATL,41.0,42.5,-110.0,-110.0,total_con_mercado,35.4621360192495,-5.537863980750501,5.537863980750501,0,0.0,-7.037863980750501,7.037863980750501,UNDER,1,0.577302802910766,0.42269719708923403,0.577302802910766,-110.0,1.9090909090909092,0.5238095238095238,0.05349327910124213,0.10212353282964415,0.9090909090909092
2024_16_PHI_WAS,2024,16,2024-12-22,PHI,WAS,69.0,47.0,-110.0,-110.0,total_con_mercado,42.56493830060563,-26.435061699394367,26.435061699394367,1,0.0,-4.4350616993943675,4.4350616993943675,UNDER,0,0.5360228852508023,0.46397711474919767,0.5360228852508023,-110.0,1.9090909090909092,0.5238095238095238,0.012213361441278492,0.023316417296986414,-1.0
2024_16_SF_MIA,2024,16,2024-12-22,SF,MIA,46.0,44.0,-112.0,-108.0,total_con_mercado,45.692693326658926,-0.3073066733410741,0.3073066733410741,1,0.0,1.692693326658926,1.692693326658926,OVER,1,0.4920001402258941,0.4920001402258941,0.5079998597741059,-112.0,1.8928571428571428,0.5283018867924528,-0.03630174656655871,-0.06871402028670048,0.8928571428571428
2024_16_TB_DAL,2024,16,2024-12-22,TB,DAL,50.0,47.5,-110.0,-110.0,total_con_mercado,54.85236931001066,4.852369310010658,4.852369310010658,1,0.0,7.352369310010658,7.352369310010658,OVER,1,0.5822300260938624,0.5822300260938624,0.41776997390613757,-110.0,1.9090909090909092,0.5238095238095238,0.058420502284338593,0.11153004981555559,0.9090909090909092
2024_16_TEN_IND,2024,16,2024-12-22,TEN,IND,68.0,42.5,-112.0,-108.0,total_con_mercado,40.85404639561442,-27.145953604385586,27.145953604385586,1,0.0,-1.645953604385582,1.645953604385582,UNDER,0,0.491248969639057,0.508751030360943,0.49124896963905695,-108.0,1.925925925925926,0.5192307692307692,-0.027981799591712153,-0.053890873287742,-1.0
2024_16_NO_GB,2024,16,2024-12-23,NO,GB,34.0,44.0,-110.0,-110.0,total_con_mercado,42.49172204896472,8.491722048964718,8.491722048964718,0,0.0,-1.5082779510352822,1.5082779510352822,UNDER,1,0.48903657796248284,0.5109634220375172,0.4890365779624828,-110.0,1.9090909090909092,0.5238095238095238,-0.03477294584704099,-0.0663847147988964,0.9090909090909092
2024_17_BAL_HOU,2024,17,2024-12-25,BAL,HOU,33.0,46.5,-108.0,-112.0,total_con_mercado,44.77284986416976,11.772849864169764,11.772849864169764,0,0.0,-1.727150135830243,1.727150135830243,UNDER,1,0.49255393109853,0.5074460689014699,0.4925539310985301,-112.0,1.8928571428571428,0.5283018867924528,-0.035747955693922806,-0.06766577327778245,0.8928571428571428
2024_17_KC_PIT,2024,17,2024-12-25,KC,PIT,39.0,43.5,-110.0,-110.0,total_con_mercado,46.36078573757451,7.36078573757451,7.36078573757451,0,0.0,2.86078573757451,2.86078573757451,OVER,0,0.5107758869091286,0.5107758869091286,0.48922411309087144,-110.0,1.9090909090909092,0.5238095238095238,-0.013033636900395273,-0.0248823977189363,-1.0
2024_17_SEA_CHI,2024,17,2024-12-26,SEA,CHI,9.0,43.5,-108.0,-112.0,total_con_mercado,48.61010740676396,39.61010740676396,39.61010740676396,0,0.0,5.110107406763959,5.110107406763959,OVER,0,0.5467999582682117,0.5467999582682117,0.4532000417317883,-108.0,1.925925925925926,0.5192307692307692,0.027569189037442543,0.05309621592396341,-1.0
2024_17_ARI_LA,2024,17,2024-12-28,ARI,LA,22.0,48.0,-108.0,-112.0,total_con_mercado,52.16859275959624,30.168592759596244,30.168592759596244,0,0.0,4.168592759596237,4.168592759596237,OVER,0,0.5317588734262512,0.5317588734262512,0.46824112657374883,-108.0,1.925925925925926,0.5192307692307692,0.012528104195482004,0.024128200672780098,-1.0
2024_17_DEN_CIN,2024,17,2024-12-28,DEN,CIN,54.0,50.5,-110.0,-110.0,total_con_mercado,53.08889395748501,-0.9111060425149872,0.9111060425149872,1,0.0,2.5888939574850127,2.5888939574850127,OVER,1,0.506406309067713,0.506406309067713,0.493593690932287,-110.0,1.9090909090909092,0.5238095238095238,-0.017403214741810835,-0.03322431905254786,0.9090909090909092
2024_17_LAC_NE,2024,17,2024-12-28,LAC,NE,47.0,42.0,-112.0,-108.0,total_con_mercado,46.74872446884034,-0.2512755311596635,0.2512755311596635,1,0.0,4.7487244688403365,4.7487244688403365,OVER,1,0.5410353013898276,0.5410353013898276,0.4589646986101724,-112.0,1.8928571428571428,0.5283018867924528,0.01273341459737476,0.024102534773602136,0.8928571428571428
2024_17_ATL_WAS,2024,17,2024-12-29,ATL,WAS,54.0,46.5,-110.0,-110.0,total_con_mercado,44.3738329396668,-9.626167060333202,9.626167060333202,1,0.0,-2.126167060333202,2.126167060333202,UNDER,0,0.498967925058949,0.5010320749410511,0.49896792505894894,-110.0,1.9090909090909092,0.5238095238095238,-0.024841598750574845,-0.04742487034200649,-1.0
2024_17_CAR_TB,2024,17,2024-12-29,CAR,TB,62.0,47.5,-112.0,-108.0,total_con_mercado,44.75372841083023,-17.246271589169773,17.246271589169773,1,0.0,-2.7462715891697727,2.7462715891697727,UNDER,0,0.5089356900480497,0.4910643099519503,0.5089356900480497,-108.0,1.925925925925926,0.5192307692307692,-0.010295079182719435,-0.01982755990745977,-1.0
2024_17_DAL_PHI,2024,17,2024-12-29,DAL,PHI,48.0,37.5,-112.0,-108.0,total_con_mercado,38.55096529136073,-9.449034708639267,9.449034708639267,1,0.0,1.0509652913607326,1.0509652913607326,OVER,1,0.4816913124748245,0.4816913124748245,0.5183086875251754,-112.0,1.8928571428571428,0.5283018867924528,-0.04661057431762833,-0.08822715852979657,0.8928571428571428
2024_17_GB_MIN,2024,17,2024-12-29,GB,MIN,52.0,49.0,-110.0,-110.0,total_con_mercado,51.67317204686156,-0.3268279531384408,0.3268279531384408,1,0.0,2.673172046861559,2.673172046861559,OVER,1,0.5077608796670546,0.5077608796670546,0.49223912033294537,-110.0,1.9090909090909092,0.5238095238095238,-0.016048644142469204,-0.030638320635622884,0.9090909090909092
2024_17_IND_NYG,2024,17,2024-12-29,IND,NYG,78.0,40.5,-108.0,-112.0,total_con_mercado,43.4405375676756,-34.5594624323244,34.5594624323244,1,0.0,2.940537567675598,2.940537567675598,OVER,1,0.5120572976040738,0.5120572976040738,0.4879427023959262,-108.0,1.925925925925926,0.5192307692307692,-0.007173471626695349,-0.013815574984746726,0.925925925925926
2024_17_LV_NO,2024,17,2024-12-29,LV,NO,35.0,37.5,-108.0,-112.0,total_con_mercado,38.52468224416973,3.524682244169732,3.524682244169732,0,0.0,1.0246822441697319,1.0246822441697319,OVER,0,0.481269369391966,0.481269369391966,0.5187306306080339,-108.0,1.925925925925926,0.5192307692307692,-0.037961399838803145,-0.07311084413399127,-1.0
2024_17_MIA_CLE,2024,17,2024-12-29,MIA,CLE,23.0,32.5,-108.0,-112.0,total_con_mercado,29.28378446943882,6.283784469438821,6.283784469438821,0,0.0,-3.216215530561179,3.216215530561179,UNDER,1,0.5164854203190997,0.4835145796809003,0.5164854203190997,-112.0,1.8928571428571428,0.5283018867924528,-0.011816466473353104,-0.0223668829674184,0.8928571428571428
2024_17_NYJ_BUF,2024,17,2024-12-29,NYJ,BUF,54.0,44.5,-108.0,-112.0,total_con_mercado,41.13154526076838,-12.868454739231623,12.868454739231623,1,0.0,-3.3684547392316233,3.3684547392316233,UNDER,0,0.5189297231158365,0.4810702768841635,0.5189297231158365,-112.0,1.8928571428571428,0.5283018867924528,-0.009372163676616307,-0.017740166959309467,-1.0
2024_17_TEN_JAX,2024,17,2024-12-29,TEN,JAX,33.0,38.0,-110.0,-110.0,total_con_mercado,33.205528233392045,0.2055282333920445,0.2055282333920445,0,0.0,-4.7944717666079555,4.7944717666079555,UNDER,1,0.5417656866378324,0.4582343133621676,0.5417656866378324,-110.0,1.9090909090909092,0.5238095238095238,0.017956162828308586,0.03427994721768002,0.9090909090909092
2024_17_DET_SF,2024,17,2024-12-30,DET,SF,74.0,50.5,-110.0,-110.0,total_con_mercado,48.23466393461264,-25.76533606538737,25.76533606538737,1,0.0,-2.265336065387359,2.265336065387359,UNDER,0,0.5012051836788972,0.4987948163211028,0.5012051836788972,-110.0,1.9090909090909092,0.5238095238095238,-0.02260434013062662,-0.043153740249378014,-1.0
2024_18_CIN_PIT,2024,18,2025-01-04,CIN,PIT,36.0,48.5,-108.0,-112.0,total_con_mercado,46.99894743386931,10.998947433869311,10.998947433869311,0,0.0,-1.5010525661306886,1.5010525661306886,UNDER,1,0.48892048007442557,0.5110795199255744,0.48892048007442557,-112.0,1.8928571428571428,0.5283018867924528,-0.039381406718027256,-0.07454337700198022,0.8928571428571428
2024_18_CLE_BAL,2024,18,2025-01-04,CLE,BAL,45.0,42.5,-112.0,-108.0,total_con_mercado,38.41719584554257,-6.582804154457428,6.582804154457428,1,0.0,-4.082804154457428,4.082804154457428,UNDER,0,0.5303850741049817,0.4696149258950183,0.5303850741049817,-108.0,1.925925925925926,0.5192307692307692,0.01115430487421254,0.02148236494292788,-1.0
2024_18_BUF_NE,2024,18,2025-01-05,BUF,NE,39.0,36.5,-112.0,-108.0,total_con_mercado,33.73234285313441,-5.267657146865588,5.267657146865588,1,0.0,-2.767657146865588,2.767657146865588,UNDER,0,0.5092793673503809,0.49072063264961907,0.5092793673503809,-108.0,1.925925925925926,0.5192307692307692,-0.009951401880388233,-0.019165662880747836,-1.0
2024_18_CAR_ATL,2024,18,2025-01-05,CAR,ATL,82.0,48.5,-112.0,-108.0,total_con_mercado,48.4749173777689,-33.5250826222311,33.5250826222311,1,0.0,-0.025082622231103358,0.025082622231103358,UNDER,0,0.46524729578705765,0.5347527042129423,0.4652472957870577,-108.0,1.925925925925926,0.5192307692307692,-0.053983473443711516,-0.1039681710767778,-1.0
2024_18_CHI_GB,2024,18,2025-01-05,CHI,GB,46.0,41.5,-112.0,-108.0,total_con_mercado,38.93868885379906,-7.061311146200936,7.061311146200936,1,0.0,-2.561311146200943,2.561311146200943,UNDER,0,0.5059629593326703,0.4940370406673297,0.5059629593326703,-108.0,1.925925925925926,0.5192307692307692,-0.013267809898098837,-0.025552819063005217,-1.0
2024_18_HOU_TEN,2024,18,2025-01-05,HOU,TEN,37.0,36.5,-112.0,-108.0,total_con_mercado,31.629222855172507,-5.370777144827493,5.370777144827493,1,0.0,-4.870777144827493,4.870777144827493,UNDER,0,0.5429835506155525,0.4570164493844475,0.5429835506155525,-108.0,1.925925925925926,0.5192307692307692,0.023752781384783317,0.045746097481804915,-1.0
2024_18_JAX_IND,2024,18,2025-01-05,JAX,IND,49.0,45.5,-110.0,-105.0,total_con_mercado,43.7178382081851,-5.2821617918149,5.2821617918149,1,0.0,-1.7821617918149002,1.7821617918149002,UNDER,0,0.4934381174029916,0.5065618825970084,0.4934381174029916,-105.0,1.9523809523809523,0.5121951219512195,-0.01875700454822793,-0.03662081840368314,-1.0
2024_18_KC_DEN,2024,18,2025-01-05,KC,DEN,38.0,40.5,-105.0,-115.0,total_con_mercado,45.01791653770098,7.017916537700984,7.017916537700984,0,0.0,4.517916537700977,4.517916537700977,OVER,0,0.5373476775402166,0.5373476775402166,0.4626523224597834,-105.0,1.9523809523809523,0.5121951219512195,0.025152555588997094,0.049107370435661046,-1.0
2024_18_LAC_LV,2024,18,2025-01-05,LAC,LV,54.0,42.5,-108.0,-112.0,total_con_mercado,42.37795901499191,-11.622040985008091,11.622040985008091,1,0.0,-0.12204098500809124,0.12204098500809124,UNDER,0,0.4667987866444353,0.5332012133555647,0.4667987866444353,-112.0,1.8928571428571428,0.5283018867924528,-0.06150310014801752,-0.11641658242303321,-1.0
2024_18_MIA_NYJ,2024,18,2025-01-05,MIA,NYJ,52.0,39.5,-108.0,-112.0,total_con_mercado,36.86878039682759,-15.131219603172411,15.131219603172411,1,0.0,-2.6312196031724113,2.6312196031724113,UNDER,0,0.5070866065379416,0.4929133934620584,0.5070866065379416,-112.0,1.8928571428571428,0.5283018867924528,-0.02121528025451125,-0.04015749476746777,-1.0
2024_18_MIN_DET,2024,18,2025-01-05,MIN,DET,40.0,56.5,-118.0,-102.0,total_con_mercado,60.88365295775091,20.88365295775091,20.88365295775091,0,0.0,4.383652957750911,4.383652957750911,OVER,0,0.5352006377033194,0.5352006377033194,0.4647993622966806,-118.0,1.847457627118644,0.5412844036697247,-0.006083765966405363,-0.011239499836240507,-1.0
2024_18_NO_TB,2024,18,2025-01-05,NO,TB,46.0,44.5,-108.0,-112.0,total_con_mercado,50.49622150478743,4.496221504787428,4.496221504787428,1,0.0,5.996221504787428,5.996221504787428,OVER,1,0.560878857759782,0.560878857759782,0.43912114224021803,-108.0,1.925925925925926,0.5192307692307692,0.041648088529012806,0.08021113346328379,0.925925925925926
2024_18_NYG_PHI,2024,18,2025-01-05,NYG,PHI,33.0,36.5,-102.0,-118.0,total_con_mercado,36.292928078054885,3.292928078054885,3.292928078054885,0,0.0,-0.20707192194511492,0.20707192194511492,UNDER,1,0.46815994913928644,0.5318400508607135,0.4681599491392865,-118.0,1.847457627118644,0.5412844036697247,-0.07312445453043831,-0.13509433125114878,0.847457627118644
2024_18_SEA_LA,2024,18,2025-01-05,SEA,LA,55.0,38.5,-108.0,-112.0,total_con_mercado,38.30330374137217,-16.69669625862783,16.69669625862783,1,0.0,-0.19669625862783136,0.19669625862783136,UNDER,0,0.46799383128146177,0.5320061687185382,0.46799383128146177,-112.0,1.8928571428571428,0.5283018867924528,-0.060308055510991054,-0.11415453364580452,-1.0
2024_18_SF_ARI,2024,18,2025-01-05,SF,ARI,71.0,42.5,-110.0,-110.0,total_con_mercado,45.97469869655296,-25.02530130344704,25.02530130344704,1,0.0,3.474698696552963,3.474698696552963,OVER,1,0.5206350115881756,0.5206350115881756,0.4793649884118244,-110.0,1.9090909090909092,0.5238095238095238,-0.0031745122213482357,-0.006060432422573814,0.9090909090909092
2024_18_WAS_DAL,2024,18,2025-01-05,WAS,DAL,42.0,43.5,-102.0,-118.0,total_con_mercado,42.8671444658882,0.8671444658881953,0.8671444658881953,0,0.0,-0.6328555341117976,0.6328555341117976,UNDER,1,0.47498255445849036,0.5250174455415096,0.47498255445849036,-118.0,1.847457627118644,0.5412844036697247,-0.06630184921123439,-0.12248985701736526,0.847457627118644
2025_01_DAL_PHI,2025,1,2025-09-04,DAL,PHI,44.0,47.5,-110.0,-110.0,total_con_mercado,45.86813891353034,1.8681389135303377,1.8681389135303377,0,0.0,-1.6318610864696623,1.6318610864696623,UNDER,1,0.4910224914035602,0.5089775085964399,0.49102249140356014,-110.0,1.9090909090909092,0.5238095238095238,-0.032787032405963645,-0.06259342550229419,0.9090909090909092
2025_01_KC_LAC,2025,1,2025-09-05,KC,LAC,48.0,47.5,-110.0,-110.0,total_con_mercado,50.90678398590397,2.906783985903964,2.906783985903964,1,0.0,3.406783985903971,3.406783985903971,OVER,1,0.5195449867832528,0.5195449867832528,0.4804550132167472,-110.0,1.9090909090909092,0.5238095238095238,-0.004264537026271054,-0.008141388868335597,0.9090909090909092
2025_01_ARI_NO,2025,1,2025-09-07,ARI,NO,33.0,44.5,-108.0,-112.0,total_con_mercado,43.59998767055733,10.599987670557333,10.599987670557333,0,0.0,-0.9000123294426672,0.9000123294426672,UNDER,1,0.479268316165315,0.5207316838346849,0.47926831616531507,-112.0,1.8928571428571428,0.5283018867924528,-0.04903357062713781,-0.09281354440136802,0.8928571428571428
2025_01_BAL_BUF,2025,1,2025-09-07,BAL,BUF,81.0,50.5,-115.0,-105.0,total_con_mercado,51.63802016305063,-29.361979836949374,29.361979836949374,1,0.0,1.1380201630506335,1.1380201630506335,OVER,1,0.48308905815103664,0.48308905815103664,0.5169109418489634,-115.0,1.8695652173913042,0.5348837209302326,-0.05179466277919598,-0.09683349997849677,0.8695652173913042
2025_01_CAR_JAX,2025,1,2025-09-07,CAR,JAX,36.0,45.5,-112.0,-108.0,total_con_mercado,38.848298700666994,2.8482987006669944,2.8482987006669944,0,0.0,-6.651701299333006,6.651701299333006,UNDER,1,0.5712319483818546,0.42876805161814535,0.5712319483818546,-108.0,1.925925925925926,0.5192307692307692,0.052001179151085486,0.10015041910579425,0.925925925925926
2025_01_CIN_CLE,2025,1,2025-09-07,CIN,CLE,33.0,47.5,-120.0,100.0,total_con_mercado,42.49275427545507,9.49275427545507,9.49275427545507,0,0.0,-5.00724572454493,5.00724572454493,UNDER,1,0.545160352993653,0.45483964700634705,0.545160352993653,100.0,2.0,0.5,0.04516035299365295,0.0903207059873059,1.0
2025_01_DET_GB,2025,1,2025-09-07,DET,GB,40.0,48.5,-105.0,-115.0,total_con_mercado,46.08057064229489,6.080570642294887,6.080570642294887,0,0.0,-2.4194293577051127,2.4194293577051127,UNDER,1,0.5036823027151524,0.49631769728484765,0.5036823027151524,-115.0,1.8695652173913042,0.5348837209302326,-0.031201418215080268,-0.05833308622819344,0.8695652173913042
2025_01_HOU_LA,2025,1,2025-09-07,HOU,LA,23.0,43.5,-105.0,-115.0,total_con_mercado,36.17107684467527,13.17107684467527,13.17107684467527,0,0.0,-7.3289231553247305,7.3289231553247305,UNDER,1,0.5818632579502147,0.41813674204978535,0.5818632579502147,-115.0,1.8695652173913042,0.5348837209302326,0.04697953701998203,0.0878313083417055,0.8695652173913042
2025_01_LV_NE,2025,1,2025-09-07,LV,NE,33.0,44.5,-105.0,-115.0,total_con_mercado,40.8875191951032,7.887519195103195,7.887519195103195,0,0.0,-3.612480804896798,3.612480804896798,UNDER,1,0.5228457872331647,0.47715421276683534,0.5228457872331647,-115.0,1.8695652173913042,0.5348837209302326,-0.01203793369706796,-0.02250570212930092,0.8695652173913042
2025_01_MIA_IND,2025,1,2025-09-07,MIA,IND,41.0,47.5,100.0,-120.0,total_con_mercado,48.866502775106085,7.866502775106085,7.866502775106085,0,0.0,1.3665027751060848,1.3665027751060848,OVER,0,0.4867587583184423,0.4867587583184423,0.5132412416815577,100.0,2.0,0.5,-0.013241241681557714,-0.026482483363115428,-1.0
2025_01_NYG_WAS,2025,1,2025-09-07,NYG,WAS,27.0,45.5,-110.0,-110.0,total_con_mercado,49.32643858184699,22.326438581846997,22.326438581846997,0,0.0,3.8264385818469933,3.8264385818469933,OVER,0,0.526277030549331,0.526277030549331,0.47372296945066905,-110.0,1.9090909090909092,0.5238095238095238,0.0024675067398071127,0.004710694685086336,-1.0
2025_01_PIT_NYJ,2025,1,2025-09-07,PIT,NYJ,66.0,37.5,-112.0,-108.0,total_con_mercado,36.38536306944582,-29.614636930554177,29.614636930554177,1,0.0,-1.1146369305541768,1.1146369305541768,UNDER,0,0.4827135920387207,0.5172864079612793,0.48271359203872066,-108.0,1.925925925925926,0.5192307692307692,-0.036517177192048444,-0.07032937829579711,-1.0
2025_01_SF_SEA,2025,1,2025-09-07,SF,SEA,30.0,43.5,-108.0,-112.0,total_con_mercado,39.20109522932392,9.20109522932392,9.20109522932392,0,0.0,-4.2989047706760815,4.2989047706760815,UNDER,1,0.5338447328900894,0.4661552671099106,0.5338447328900894,-112.0,1.8928571428571428,0.5283018867924528,0.005542846097636556,0.010491815827669226,0.8928571428571428
2025_01_TB_ATL,2025,1,2025-09-07,TB,ATL,43.0,47.5,-115.0,-105.0,total_con_mercado,52.65182867162972,9.651828671629724,9.651828671629724,0,0.0,5.151828671629723,5.151828671629723,OVER,0,0.5474647038993362,0.5474647038993362,0.4525352961006638,-115.0,1.8695652173913042,0.5348837209302326,0.012580982969103593,0.023520968159628453,-1.0
2025_01_TEN_DEN,2025,1,2025-09-07,TEN,DEN,32.0,42.5,-112.0,-108.0,total_con_mercado,45.45558692159692,13.455586921596918,13.455586921596918,0,0.0,2.955586921596918,2.955586921596918,OVER,0,0.5122990854900584,0.5122990854900584,0.4877009145099416,-112.0,1.8928571428571428,0.5283018867924528,-0.016002801302394398,-0.03029101675096091,-1.0
2025_01_MIN_CHI,2025,1,2025-09-08,MIN,CHI,51.0,43.5,-108.0,-112.0,total_con_mercado,43.88625887203155,-7.113741127968453,7.113741127968453,1,0.0,0.3862588720315472,0.3862588720315472,OVER,1,0.47102987464335977,0.47102987464335977,0.5289701253566402,-108.0,1.925925925925926,0.5192307692307692,-0.04820089458740939,-0.09283135253871444,0.925925925925926
2025_02_WAS_GB,2025,2,2025-09-11,WAS,GB,45.0,48.5,-115.0,-105.0,total_con_mercado,50.93327489477024,5.933274894770243,5.933274894770243,0,0.0,2.4332748947702427,2.4332748947702427,OVER,0,0.5039048689114741,0.5039048689114741,0.4960951310885259,-115.0,1.8695652173913042,0.5348837209302326,-0.030978852018758496,-0.05791698420898328,-1.0
2025_02_ATL_MIN,2025,2,2025-09-14,ATL,MIN,28.0,44.5,-110.0,-110.0,total_con_mercado,45.61329528010395,17.613295280103948,17.613295280103948,0,0.0,1.113295280103948,1.113295280103948,OVER,0,0.48269204965664714,0.48269204965664714,0.5173079503433529,-110.0,1.9090909090909092,0.5238095238095238,-0.0411174741528767,-0.07849699611003724,-1.0
2025_02_BUF_NYJ,2025,2,2025-09-14,BUF,NYJ,40.0,47.5,-110.0,-110.0,total_con_mercado,47.150125642994574,7.150125642994574,7.150125642994574,0,0.0,-0.3498743570054259,0.3498743570054259,UNDER,1,0.4704469653875553,0.5295530346124446,0.47044696538755537,-110.0,1.9090909090909092,0.5238095238095238,-0.05336255842196852,-0.1018739751692126,0.9090909090909092
2025_02_CAR_ARI,2025,2,2025-09-14,CAR,ARI,49.0,45.5,-110.0,-110.0,total_con_mercado,46.51868480621764,-2.4813151937823648,2.4813151937823648,1,0.0,1.0186848062176423,1.0186848062176423,OVER,1,0.4811730913758331,0.4811730913758331,0.5188269086241669,-110.0,1.9090909090909092,0.5238095238095238,-0.04263643243369075,-0.08139682555522776,0.9090909090909092
2025_02_CHI_DET,2025,2,2025-09-14,CHI,DET,73.0,46.5,-108.0,-112.0,total_con_mercado,47.06982525960868,-25.930174740391323,25.930174740391323,1,0.0,0.5698252596086775,0.5698252596086775,OVER,1,0.47397192870746924,0.47397192870746924,0.5260280712925307,-108.0,1.925925925925926,0.5192307692307692,-0.045258840523299926,-0.08716517434117033,0.925925925925926
2025_02_CLE_BAL,2025,2,2025-09-14,CLE,BAL,58.0,46.5,-110.0,-110.0,total_con_mercado,48.58358246453847,-9.416417535461528,9.416417535461528,1,0.0,2.0835824645384733,2.0835824645384733,OVER,1,0.49828334603882074,0.49828334603882074,0.5017166539611793,-110.0,1.9090909090909092,0.5238095238095238,-0.025526177770703096,-0.04873179392588767,0.9090909090909092
2025_02_DEN_IND,2025,2,2025-09-14,DEN,IND,57.0,43.5,-108.0,-112.0,total_con_mercado,45.80061697252346,-11.199383027476545,11.199383027476545,1,0.0,2.300616972523457,2.300616972523457,OVER,1,0.501772349761472,0.501772349761472,0.498227650238528,-108.0,1.925925925925926,0.5192307692307692,-0.01745841946929716,-0.033623622681609455,0.925925925925926
2025_02_JAX_CIN,2025,2,2025-09-14,JAX,CIN,58.0,49.5,-105.0,-115.0,total_con_mercado,51.88899297475219,-6.111007025247808,6.111007025247808,1,0.0,2.388992974752192,2.388992974752192,OVER,1,0.503193034637949,0.503193034637949,0.49680696536205105,-105.0,1.9523809523809523,0.5121951219512195,-0.009002087313270568,-0.017575503802099712,0.9523809523809523
2025_02_LA_TEN,2025,2,2025-09-14,LA,TEN,52.0,41.5,-108.0,-112.0,total_con_mercado,47.43843303666171,-4.561566963338287,4.561566963338287,1,0.0,5.9384330366617135,5.9384330366617135,OVER,1,0.5599634243556387,0.5599634243556387,0.44003657564436127,-108.0,1.925925925925926,0.5192307692307692,0.040732655124869566,0.07844807653678587,0.925925925925926
2025_02_NE_MIA,2025,2,2025-09-14,NE,MIA,60.0,43.5,-105.0,-115.0,total_con_mercado,49.08643755659353,-10.91356244340647,10.91356244340647,1,0.0,5.5864375565935305,5.5864375565935305,OVER,1,0.5543788355918228,0.5543788355918228,0.44562116440817723,-105.0,1.9523809523809523,0.5121951219512195,0.04218371364060325,0.0823586790126063,0.9523809523809523
2025_02_NYG_DAL,2025,2,2025-09-14,NYG,DAL,77.0,44.5,-110.0,-110.0,total_con_mercado,53.00331305617036,-23.996686943829644,23.996686943829644,1,0.0,8.503313056170363,8.503313056170363,OVER,1,0.600115000198972,0.600115000198972,0.399884999801028,-110.0,1.9090909090909092,0.5238095238095238,0.07630547638944818,0.1456740912889467,0.9090909090909092
2025_02_PHI_KC,2025,2,2025-09-14,PHI,KC,37.0,46.5,-118.0,-102.0,total_con_mercado,40.66556139821847,3.665561398218472,3.665561398218472,0,0.0,-5.834438601781528,5.834438601781528,UNDER,1,0.5583150133878411,0.44168498661215894,0.5583150133878411,-102.0,1.9803921568627452,0.504950495049505,0.05336451833833611,0.1056826735719989,0.9803921568627452
2025_02_SEA_PIT,2025,2,2025-09-14,SEA,PIT,48.0,40.5,-112.0,-108.0,total_con_mercado,54.58678617146584,6.586786171465839,6.586786171465839,1,0.0,14.086786171465839,14.086786171465839,OVER,1,0.6824341811042326,0.6824341811042326,0.3175658188957674,-112.0,1.8928571428571428,0.5283018867924528,0.15413229431177977,0.2917504142330116,0.8928571428571428
2025_02_SF_NO,2025,2,2025-09-14,SF,NO,47.0,40.5,-115.0,-105.0,total_con_mercado,44.163561115637606,-2.836438884362394,2.836438884362394,1,0.0,3.663561115637606,3.663561115637606,OVER,1,0.5236651709402681,0.5236651709402681,0.4763348290597319,-115.0,1.8695652173913042,0.5348837209302326,-0.011218549989964521,-0.020973810850803187,0.8695652173913042
2025_02_LAC_LV,2025,2,2025-09-15,LAC,LV,29.0,46.5,-118.0,-102.0,total_con_mercado,42.75145124627383,13.751451246273833,13.751451246273833,0,0.0,-3.748548753726169,3.748548753726169,UNDER,1,0.5250281806184086,0.4749718193815914,0.5250281806184086,-102.0,1.9803921568627452,0.504950495049505,0.020077685568903658,0.039761691028613155,0.9803921568627452
2025_02_TB_HOU,2025,2,2025-09-15,TB,HOU,39.0,42.5,-110.0,-110.0,total_con_mercado,40.09282132313124,1.0928213231312398,1.0928213231312398,0,0.0,-2.40717867686876,2.40717867686876,UNDER,1,0.5034853725194856,0.49651462748051445,0.5034853725194856,-110.0,1.9090909090909092,0.5238095238095238,-0.020324151290038284,-0.03880065246280029,0.9090909090909092
2025_03_MIA_BUF,2025,3,2025-09-18,MIA,BUF,52.0,50.5,-108.0,-112.0,total_con_mercado,56.72444370578376,4.724443705783763,4.724443705783763,1,0.0,6.224443705783763,6.224443705783763,OVER,1,0.5644900455952065,0.5644900455952065,0.43550995440479345,-108.0,1.925925925925926,0.5192307692307692,0.045259276364437384,0.0871660137389163,0.925925925925926
2025_03_ARI_SF,2025,3,2025-09-21,ARI,SF,31.0,44.5,-108.0,-112.0,total_con_mercado,43.794749082667884,12.794749082667884,12.794749082667884,0,0.0,-0.7052509173321155,0.7052509173321155,UNDER,1,0.47614359252539,0.5238564074746099,0.47614359252539007,-112.0,1.8928571428571428,0.5283018867924528,-0.05215829426706281,-0.09872819986265469,0.8928571428571428
2025_03_ATL_CAR,2025,3,2025-09-21,ATL,CAR,30.0,44.5,-105.0,-115.0,total_con_mercado,45.0293595206545,15.029359520654502,15.029359520654502,0,0.0,0.5293595206545021,0.5293595206545021,OVER,0,0.473323213981956,0.473323213981956,0.526676786018044,-105.0,1.9523809523809523,0.5121951219512195,-0.03887190796926354,-0.07589277270189554,-1.0
2025_03_CIN_MIN,2025,3,2025-09-21,CIN,MIN,58.0,41.5,-115.0,-105.0,total_con_mercado,41.62050739160178,-16.379492608398216,16.379492608398216,1,0.0,0.1205073916017767,0.1205073916017767,OVER,1,0.4667742415868996,0.4667742415868996,0.5332257584131004,-115.0,1.8695652173913042,0.5348837209302326,-0.068109479343333,-0.12733511355492688,0.8695652173913042
2025_03_DAL_CHI,2025,3,2025-09-21,DAL,CHI,45.0,49.5,-120.0,100.0,total_con_mercado,47.50127676115385,2.5012767611538465,2.5012767611538465,0,0.0,-1.9987232388461535,1.9987232388461535,UNDER,1,0.4969191926543371,0.503080807345663,0.49691919265433704,100.0,2.0,0.5,-0.003080807345662906,-0.006161614691325812,1.0
2025_03_DEN_LAC,2025,3,2025-09-21,DEN,LAC,43.0,45.5,-110.0,-110.0,total_con_mercado,48.68086469016529,5.6808646901652935,5.6808646901652935,0,0.0,3.1808646901652935,3.1808646901652935,OVER,0,0.5159177216603565,0.5159177216603565,0.48408227833964346,-110.0,1.9090909090909092,0.5238095238095238,-0.007891802149167293,-0.015066167739319236,-1.0
2025_03_GB_CLE,2025,3,2025-09-21,GB,CLE,23.0,41.5,-105.0,-115.0,total_con_mercado,39.31830673545288,16.31830673545288,16.31830673545288,0,0.0,-2.181693264547121,2.181693264547121,UNDER,1,0.49986055547230873,0.5001394445276912,0.4998605554723088,-115.0,1.8695652173913042,0.5348837209302326,-0.03502316545792389,-0.06547809194307508,0.8695652173913042
2025_03_HOU_JAX,2025,3,2025-09-21,HOU,JAX,27.0,43.5,-105.0,-115.0,total_con_mercado,50.31900400193064,23.319004001930644,23.319004001930644,0,0.0,6.819004001930637,6.819004001930637,OVER,0,0.5738648546102917,0.5738648546102917,0.4261351453897083,-105.0,1.9523809523809523,0.5121951219512195,0.06166973265907216,0.12040281138199793,-1.0
2025_03_IND_TEN,2025,3,2025-09-21,IND,TEN,61.0,43.5,-105.0,-115.0,total_con_mercado,41.548022794989066,-19.45197720501093,19.45197720501093,1,0.0,-1.9519772050109339,1.9519772050109339,UNDER,0,0.4961677456854571,0.5038322543145429,0.4961677456854571,-115.0,1.8695652173913042,0.5348837209302326,-0.03871597524477555,-0.07238204067501508,-1.0
2025_03_KC_NYG,2025,3,2025-09-21,KC,NYG,31.0,44.5,-115.0,-105.0,total_con_mercado,43.07514349750682,12.075143497506822,12.075143497506822,0,0.0,-1.4248565024931779,1.4248565024931779,UNDER,1,0.4876962326588435,0.5123037673411566,0.48769623265884343,-105.0,1.9523809523809523,0.5121951219512195,-0.024498889292376036,-0.04783116480892469,0.9523809523809523
2025_03_LA_PHI,2025,3,2025-09-21,LA,PHI,59.0,45.5,-112.0,-108.0,total_con_mercado,46.31005333249966,-12.689946667500337,12.689946667500337,1,0.0,0.8100533324996633,0.8100533324996633,OVER,1,0.47782481070086846,0.47782481070086846,0.5221751892991315,-112.0,1.8928571428571428,0.5283018867924528,-0.05047707609158436,-0.09554589403049896,0.8928571428571428
2025_03_LV_WAS,2025,3,2025-09-21,LV,WAS,65.0,43.5,-110.0,-110.0,total_con_mercado,43.235196812076495,-21.764803187923505,21.764803187923505,1,0.0,-0.2648031879235049,0.2648031879235049,UNDER,0,0.4690843739911395,0.5309156260088606,0.46908437399113945,-110.0,1.9090909090909092,0.5238095238095238,-0.05472514981838433,-0.10447528601691547,-1.0
2025_03_NO_SEA,2025,3,2025-09-21,NO,SEA,57.0,41.5,-112.0,-108.0,total_con_mercado,46.22960670133432,-10.77039329866568,10.77039329866568,1,0.0,4.729606701334319,4.729606701334319,OVER,1,0.5407300214182852,0.5407300214182852,0.4592699785817148,-112.0,1.8928571428571428,0.5283018867924528,0.012428134625832366,0.023524683398896906,0.8928571428571428
2025_03_NYJ_TB,2025,3,2025-09-21,NYJ,TB,56.0,43.5,-105.0,-115.0,total_con_mercado,49.13775006400361,-6.862249935996388,6.862249935996388,1,0.0,5.637750064003612,5.637750064003612,OVER,1,0.5551938246419494,0.5551938246419494,0.44480617535805056,-105.0,1.9523809523809523,0.5121951219512195,0.04299870269072992,0.08394984811047279,0.9523809523809523
2025_03_PIT_NE,2025,3,2025-09-21,PIT,NE,35.0,44.5,-108.0,-112.0,total_con_mercado,45.61237713860399,10.61237713860399,10.61237713860399,0,0.0,1.1123771386039891,1.1123771386039891,OVER,0,0.4826773074372803,0.4826773074372803,0.5173226925627197,-108.0,1.925925925925926,0.5192307692307692,-0.03655346179348884,-0.07039925975042305,-1.0
2025_03_DET_BAL,2025,3,2025-09-22,DET,BAL,68.0,53.5,-115.0,-105.0,total_con_mercado,53.75746001071572,-14.242539989284282,14.242539989284282,1,0.0,0.2574600107157181,0.2574600107157181,OVER,1,0.4689667790791487,0.4689667790791487,0.5310332209208513,-115.0,1.8695652173913042,0.5348837209302326,-0.06591694185108393,-0.12323602172159165,0.8695652173913042
2025_04_SEA_ARI,2025,4,2025-09-25,SEA,ARI,43.0,43.5,-112.0,-108.0,total_con_mercado,49.41110796211563,6.411107962115629,6.411107962115629,0,0.0,5.911107962115629,5.911107962115629,OVER,0,0.5595304224200689,0.5595304224200689,0.4404695775799311,-112.0,1.8928571428571428,0.5283018867924528,0.031228535627616072,0.05911115672370171,-1.0
2025_04_BAL_KC,2025,4,2025-09-28,BAL,KC,57.0,48.5,-120.0,100.0,total_con_mercado,43.88496290416103,-13.115037095838971,13.115037095838971,1,0.0,-4.6150370958389715,4.6150370958389715,UNDER,0,0.5388998965335469,0.46110010346645314,0.5388998965335469,100.0,2.0,0.5,0.03889989653354686,0.07779979306709373,-1.0
2025_04_CAR_NE,2025,4,2025-09-28,CAR,NE,55.0,42.5,-112.0,-108.0,total_con_mercado,42.80568996331365,-12.194310036686351,12.194310036686351,1,0.0,0.30568996331364673,0.30568996331364673,OVER,1,0.46973920431511673,0.46973920431511673,0.5302607956848833,-112.0,1.8928571428571428,0.5283018867924528,-0.05856268247733609,-0.11085079183210045,0.8928571428571428
2025_04_CHI_LV,2025,4,2025-09-28,CHI,LV,49.0,47.5,-115.0,-105.0,total_con_mercado,54.51804295734978,5.518042957349778,5.518042957349778,1,0.0,7.018042957349778,7.018042957349778,OVER,1,0.5769917485902369,0.5769917485902369,0.42300825140976306,-115.0,1.8695652173913042,0.5348837209302326,0.04210802766000432,0.07872370388609506,0.8695652173913042
2025_04_CLE_DET,2025,4,2025-09-28,CLE,DET,44.0,44.5,-105.0,-115.0,total_con_mercado,47.669651937722,3.6696519377219934,3.6696519377219934,0,0.0,3.1696519377220014,3.1696519377220014,OVER,0,0.5157376475714858,0.5157376475714858,0.48426235242851423,-105.0,1.9523809523809523,0.5121951219512195,0.003542525620266246,0.006916359544329342,-1.0
2025_04_GB_DAL,2025,4,2025-09-28,GB,DAL,80.0,47.5,-105.0,-115.0,total_con_mercado,46.05531072162002,-33.94468927837998,33.94468927837998,1,0.0,-1.4446892783799825,1.4446892783799825,UNDER,0,0.4880148736226671,0.511985126377333,0.48801487362266704,-115.0,1.8695652173913042,0.5348837209302326,-0.04686884730756552,-0.08762436670544849,-1.0
2025_04_IND_LA,2025,4,2025-09-28,IND,LA,47.0,49.5,-115.0,-105.0,total_con_mercado,50.89581087173642,3.895810871736423,3.895810871736423,0,0.0,1.3958108717364226,1.3958108717364226,OVER,0,0.48722959256288173,0.48722959256288173,0.5127704074371182,-115.0,1.8695652173913042,0.5348837209302326,-0.04765412836735089,-0.08909250086069942,-1.0
2025_04_JAX_SF,2025,4,2025-09-28,JAX,SF,47.0,45.5,-112.0,-108.0,total_con_mercado,43.24087111436913,-3.759128885630872,3.759128885630872,1,0.0,-2.259128885630872,2.259128885630872,UNDER,0,0.5011053984155766,0.49889460158442345,0.5011053984155766,-108.0,1.925925925925926,0.5192307692307692,-0.01812537081519261,-0.03490812157000067,-1.0
2025_04_LAC_NYG,2025,4,2025-09-28,LAC,NYG,39.0,43.5,-105.0,-115.0,total_con_mercado,40.60600264577148,1.6060026457714756,1.6060026457714756,0,0.0,-2.8939973542285173,2.8939973542285173,UNDER,1,0.5113095319706591,0.4886904680293409,0.5113095319706591,-115.0,1.8695652173913042,0.5348837209302326,-0.023574188959573528,-0.04407348370702868,0.8695652173913042
2025_04_MIN_PIT,2025,4,2025-09-28,MIN,PIT,45.0,41.5,-105.0,-115.0,total_con_mercado,43.23465835474148,-1.765341645258523,1.765341645258523,1,0.0,1.7346583547414767,1.7346583547414767,OVER,1,0.4926746058902636,0.4926746058902636,0.5073253941097364,-105.0,1.9523809523809523,0.5121951219512195,-0.01952051606095595,-0.03811148373805684,0.9523809523809523
2025_04_NO_BUF,2025,4,2025-09-28,NO,BUF,50.0,48.5,-105.0,-115.0,total_con_mercado,44.53243828757469,-5.467561712425308,5.467561712425308,1,0.0,-3.967561712425308,3.967561712425308,UNDER,0,0.528538886430558,0.471461113569442,0.528538886430558,-115.0,1.8695652173913042,0.5348837209302326,-0.006344834499674601,-0.01186208189069593,-1.0
2025_04_PHI_TB,2025,4,2025-09-28,PHI,TB,56.0,44.5,-102.0,-118.0,total_con_mercado,43.3620357642919,-12.637964235708097,12.637964235708097,1,0.0,-1.1379642357080968,1.1379642357080968,UNDER,0,0.4830881600990454,0.5169118399009546,0.4830881600990454,-118.0,1.847457627118644,0.5412844036697247,-0.05819624357067932,-0.10751509405430593,-1.0
2025_04_TEN_HOU,2025,4,2025-09-28,TEN,HOU,26.0,39.5,-115.0,-105.0,total_con_mercado,39.97089815485594,13.970898154855938,13.970898154855938,0,0.0,0.4708981548559379,0.4708981548559379,OVER,0,0.47238616720144505,0.47238616720144505,0.5276138327985549,-115.0,1.8695652173913042,0.5348837209302326,-0.06249755372878757,-0.11684325262338535,-1.0
2025_04_WAS_ATL,2025,4,2025-09-28,WAS,ATL,61.0,43.5,-108.0,-112.0,total_con_mercado,48.02071287003328,-12.97928712996672,12.97928712996672,1,0.0,4.520712870033279,4.520712870033279,OVER,1,0.5373923798934376,0.5373923798934376,0.4626076201065624,-108.0,1.925925925925926,0.5192307692307692,0.018161610662668415,0.034977916831805844,0.925925925925926
2025_04_CIN_DEN,2025,4,2025-09-29,CIN,DEN,31.0,44.5,-105.0,-115.0,total_con_mercado,46.80269099227485,15.802690992274847,15.802690992274847,0,0.0,2.3026909922748473,2.3026909922748473,OVER,0,0.501805691000345,0.501805691000345,0.498194308999655,-105.0,1.9523809523809523,0.5121951219512195,-0.010389430950874523,-0.020284127094564508,-1.0
2025_04_NYJ_MIA,2025,4,2025-09-29,NYJ,MIA,48.0,44.5,100.0,-120.0,total_con_mercado,44.38797721745797,-3.6120227825420272,3.6120227825420272,1,0.0,-0.11202278254202724,0.11202278254202724,UNDER,0,0.46663844890923906,0.533361551090761,0.466638448909239,-120.0,1.8333333333333335,0.5454545454545454,-0.07881609654530636,-0.14449617699972828,-1.0
2025_05_SF_LA,2025,5,2025-10-02,SF,LA,49.0,43.5,-112.0,-108.0,total_con_mercado,47.60225979446041,-1.397740205539591,1.397740205539591,1,0.0,4.102259794460409,4.102259794460409,OVER,1,0.5306966734516444,0.5306966734516444,0.4693033265483556,-112.0,1.8928571428571428,0.5283018867924528,0.0023947866591915723,0.00453298903346977,0.8928571428571428
2025_05_DAL_NYJ,2025,5,2025-10-05,DAL,NYJ,59.0,48.5,-110.0,-110.0,total_con_mercado,54.75276954633032,-4.24723045366968,4.24723045366968,1,0.0,6.25276954633032,6.25276954633032,OVER,1,0.5649377799765388,0.5649377799765388,0.4350622200234612,-110.0,1.9090909090909092,0.5238095238095238,0.04112825616701499,0.07851757995521047,0.9090909090909092
2025_05_DEN_PHI,2025,5,2025-10-05,DEN,PHI,38.0,44.5,-105.0,-115.0,total_con_mercado,49.80746960761317,11.807469607613164,11.807469607613164,0,0.0,5.3074696076131715,5.3074696076131715,OVER,0,0.5499430213349582,0.5499430213349582,0.4500569786650418,-105.0,1.9523809523809523,0.5121951219512195,0.03774789938373868,0.07369827974920407,-1.0
2025_05_DET_CIN,2025,5,2025-10-05,DET,CIN,61.0,49.5,-108.0,-112.0,total_con_mercado,38.77365222975046,-22.22634777024954,22.22634777024954,1,0.0,-10.72634777024954,10.72634777024954,UNDER,0,0.633878753023662,0.36612124697633797,0.633878753023662,-112.0,1.8928571428571428,0.5283018867924528,0.10557686623120921,0.19984192536621737,-1.0
2025_05_HOU_BAL,2025,5,2025-10-05,HOU,BAL,54.0,41.5,-105.0,-115.0,total_con_mercado,48.72340070382109,-5.276599296178908,5.276599296178908,1,0.0,7.223400703821092,7.223400703821092,OVER,1,0.5802114552345232,0.5802114552345232,0.4197885447654768,-105.0,1.9523809523809523,0.5121951219512195,0.0680163332833037,0.1327937935531167,0.9523809523809523
2025_05_LV_IND,2025,5,2025-10-05,LV,IND,46.0,46.5,-112.0,-108.0,total_con_mercado,47.57305321213749,1.5730532121374878,1.5730532121374878,0,0.0,1.0730532121374878,1.0730532121374878,OVER,0,0.48204592800810514,0.48204592800810514,0.5179540719918949,-112.0,1.8928571428571428,0.5283018867924528,-0.046255958784347684,-0.08755592198465811,-1.0
2025_05_MIA_CAR,2025,5,2025-10-05,MIA,CAR,51.0,44.5,-115.0,-105.0,total_con_mercado,47.507703216464776,-3.492296783535224,3.492296783535224,1,0.0,3.007703216464776,3.007703216464776,OVER,1,0.5131363578860472,0.5131363578860472,0.48686364211395283,-115.0,1.8695652173913042,0.5348837209302326,-0.021747363044185453,-0.040658113517390126,0.8695652173913042
2025_05_MIN_CLE,2025,5,2025-10-05,MIN,CLE,38.0,35.5,-108.0,-112.0,total_con_mercado,30.160863089736303,-7.839136910263694,7.839136910263694,1,0.0,-5.339136910263697,5.339136910263697,UNDER,0,0.5504469700584624,0.44955302994153756,0.5504469700584624,-112.0,1.8928571428571428,0.5283018867924528,0.022145083266009613,0.041917479039232486,-1.0
2025_05_NE_BUF,2025,5,2025-10-05,NE,BUF,43.0,49.5,-112.0,-108.0,total_con_mercado,49.54950955867808,6.549509558678082,6.549509558678082,0,0.0,0.049509558678082044,0.049509558678082044,OVER,0,0.4656381041641442,0.4656381041641442,0.5343618958358558,-112.0,1.8928571428571428,0.5283018867924528,-0.06266378262830863,-0.11861358854644133,-1.0
2025_05_NYG_NO,2025,5,2025-10-05,NYG,NO,40.0,41.5,-115.0,-105.0,total_con_mercado,44.11237284869363,4.112372848693632,4.112372848693632,0,0.0,2.6123728486936315,2.6123728486936315,OVER,0,0.5067836869167153,0.5067836869167153,0.49321631308328473,-115.0,1.8695652173913042,0.5348837209302326,-0.02810003401351735,-0.05253484619918458,-1.0
2025_05_TB_SEA,2025,5,2025-10-05,TB,SEA,73.0,44.5,-110.0,-110.0,total_con_mercado,42.45940191235961,-30.54059808764039,30.54059808764039,1,0.0,-2.04059808764039,2.04059808764039,UNDER,0,0.4975923467755299,0.5024076532244701,0.4975923467755299,-110.0,1.9090909090909092,0.5238095238095238,-0.026217177033993955,-0.05005097433762473,-1.0
2025_05_TEN_ARI,2025,5,2025-10-05,TEN,ARI,43.0,41.5,-110.0,-110.0,total_con_mercado,41.71579628877126,-1.2842037112287414,1.2842037112287414,1,0.0,0.21579628877125856,0.21579628877125856,OVER,1,0.4682996346490794,0.4682996346490794,0.5317003653509206,-110.0,1.9090909090909092,0.5238095238095238,-0.055509889160444414,-0.10597342476084837,0.9090909090909092
2025_05_WAS_LAC,2025,5,2025-10-05,WAS,LAC,37.0,47.5,-105.0,-115.0,total_con_mercado,48.87130145572405,11.871301455724044,11.871301455724044,0,0.0,1.3713014557240513,1.3713014557240513,OVER,0,0.4868358474822906,0.4868358474822906,0.5131641525177094,-105.0,1.9523809523809523,0.5121951219512195,-0.02535927446892894,-0.049510964439337446,-1.0
2025_05_KC_JAX,2025,5,2025-10-06,KC,JAX,59.0,45.5,-112.0,-108.0,total_con_mercado,44.99559156556594,-14.004408434434062,14.004408434434062,1,0.0,-0.5044084344340618,0.5044084344340618,UNDER,0,0.47292326264407936,0.5270767373559206,0.47292326264407936,-108.0,1.925925925925926,0.5192307692307692,-0.046307506586689806,-0.08918482750029155,-1.0
2025_06_PHI_NYG,2025,6,2025-10-09,PHI,NYG,51.0,40.5,-115.0,-105.0,total_con_mercado,44.92987178521236,-6.070128214787637,6.070128214787637,1,0.0,4.429871785212363,4.429871785212363,OVER,1,0.5359398849469532,0.5359398849469532,0.4640601150530468,-115.0,1.8695652173913042,0.5348837209302326,0.0010561640167205955,0.0019745675095210746,0.8695652173913042
2025_06_ARI_IND,2025,6,2025-10-12,ARI,IND,58.0,46.5,102.0,-122.0,total_con_mercado,47.73166808511866,-10.268331914881337,10.268331914881337,1,0.0,1.2316680851186632,1.2316680851186632,OVER,1,0.4845929561609076,0.4845929561609076,0.5154070438390924,102.0,2.02,0.49504950495049505,-0.010456548789587461,-0.021122228554966704,1.02
2025_06_CIN_GB,2025,6,2025-10-12,CIN,GB,45.0,44.5,-110.0,-110.0,total_con_mercado,43.17679165873415,-1.8232083412658469,1.8232083412658469,1,0.0,-1.3232083412658469,1.3232083412658469,UNDER,0,0.4860632769608914,0.5139367230391085,0.48606327696089147,-110.0,1.9090909090909092,0.5238095238095238,-0.037746246848632425,-0.0720610167110255,-1.0
2025_06_CLE_PIT,2025,6,2025-10-12,CLE,PIT,32.0,37.5,-120.0,100.0,total_con_mercado,40.51800720583569,8.518007205835687,8.518007205835687,0,0.0,3.018007205835687,3.018007205835687,OVER,0,0.5133018876644471,0.5133018876644471,0.48669811233555293,-120.0,1.8333333333333335,0.5454545454545454,-0.03215265779009835,-0.05894653928184701,-1.0
2025_06_DAL_CAR,2025,6,2025-10-12,DAL,CAR,57.0,47.5,-115.0,-105.0,total_con_mercado,44.78021814929352,-12.219781850706482,12.219781850706482,1,0.0,-2.7197818507064824,2.7197818507064824,UNDER,0,0.5085099741672442,0.4914900258327558,0.5085099741672442,-105.0,1.9523809523809523,0.5121951219512195,-0.003685147783975329,-0.007194812340142298,-1.0
2025_06_DEN_NYJ,2025,6,2025-10-12,DEN,NYJ,24.0,43.5,-108.0,-112.0,total_con_mercado,44.86108150885818,20.861081508858184,20.861081508858184,0,0.0,1.3610815088581774,1.3610815088581774,OVER,0,0.4866716682872992,0.4866716682872992,0.5133283317127009,-108.0,1.925925925925926,0.5192307692307692,-0.032559100943469976,-0.06270641663186816,-1.0
2025_06_DET_KC,2025,6,2025-10-12,DET,KC,47.0,51.5,-115.0,-105.0,total_con_mercado,46.44795760711452,-0.5520423928854825,0.5520423928854825,0,0.0,-5.0520423928854825,5.0520423928854825,UNDER,1,0.54587453005472,0.45412546994528,0.54587453005472,-105.0,1.9523809523809523,0.5121951219512195,0.03367940810350045,0.06575503486873902,0.9523809523809523
2025_06_LAC_MIA,2025,6,2025-10-12,LAC,MIA,56.0,45.5,-105.0,-115.0,total_con_mercado,41.67854186567014,-14.32145813432986,14.32145813432986,1,0.0,-3.821458134329859,3.821458134329859,UNDER,0,0.5261971859999608,0.4738028140000392,0.5261971859999608,-115.0,1.8695652173913042,0.5348837209302326,-0.008686534930271828,-0.01624004356529074,-1.0
2025_06_LA_BAL,2025,6,2025-10-12,LA,BAL,20.0,43.5,-112.0,-108.0,total_con_mercado,44.79213482858261,24.792134828582604,24.792134828582604,0,0.0,1.2921348285826113,1.2921348285826113,OVER,0,0.4855641454706765,0.4855641454706765,0.5144358545293235,-112.0,1.8928571428571428,0.5283018867924528,-0.042737741321776324,-0.08089643893050524,-1.0
2025_06_NE_NO,2025,6,2025-10-12,NE,NO,44.0,46.5,-105.0,-115.0,total_con_mercado,54.17858084997006,10.17858084997006,10.17858084997006,0,0.0,7.678580849970061,7.678580849970061,OVER,0,0.5873233485520454,0.5873233485520454,0.4126766514479546,-105.0,1.9523809523809523,0.5121951219512195,0.07512822660082585,0.14667891860161242,-1.0
2025_06_SEA_JAX,2025,6,2025-10-12,SEA,JAX,32.0,47.5,-105.0,-115.0,total_con_mercado,51.93063256327692,19.930632563276923,19.930632563276923,0,0.0,4.430632563276923,4.430632563276923,OVER,0,0.5359520519029429,0.5359520519029429,0.4640479480970571,-105.0,1.9523809523809523,0.5121951219512195,0.023756929951723404,0.046382577524793245,-1.0
2025_06_SF_TB,2025,6,2025-10-12,SF,TB,49.0,46.5,-115.0,-105.0,total_con_mercado,44.48966062973717,-4.510339370262827,4.510339370262827,1,0.0,-2.0103393702628267,2.0103393702628267,UNDER,0,0.497105925369757,0.502894074630243,0.49710592536975695,-105.0,1.9523809523809523,0.5121951219512195,-0.015089196581462516,-0.02945985999237921,-1.0
2025_06_TEN_LV,2025,6,2025-10-12,TEN,LV,30.0,41.5,-115.0,-105.0,total_con_mercado,44.75007433775172,14.75007433775172,14.75007433775172,0,0.0,3.2500743377517196,3.2500743377517196,OVER,0,0.5170291185654925,0.5170291185654925,0.4829708814345075,-115.0,1.8695652173913042,0.5348837209302326,-0.017854602364740124,-0.03338034355147057,-1.0
2025_06_BUF_ATL,2025,6,2025-10-13,BUF,ATL,38.0,49.5,-118.0,-102.0,total_con_mercado,52.59835650270112,14.598356502701115,14.598356502701115,0,0.0,3.0983565027011224,3.0983565027011224,OVER,0,0.5145925664966665,0.5145925664966665,0.4854074335033335,-118.0,1.847457627118644,0.5412844036697247,-0.02669183717305823,-0.04931203816717544,-1.0
2025_06_CHI_WAS,2025,6,2025-10-13,CHI,WAS,49.0,49.5,-115.0,-105.0,total_con_mercado,51.60155192982066,2.6015519298206584,2.6015519298206584,0,0.0,2.1015519298206584,2.1015519298206584,OVER,0,0.4985722179089922,0.4985722179089922,0.5014277820910078,-115.0,1.8695652173913042,0.5348837209302326,-0.03631150302124042,-0.06788672303971033,-1.0
2025_07_PIT_CIN,2025,7,2025-10-16,PIT,CIN,64.0,45.5,-105.0,-115.0,total_con_mercado,42.659520129016826,-21.34047987098317,21.34047987098317,1,0.0,-2.840479870983174,2.840479870983174,UNDER,0,0.5104495995751608,0.4895504004248392,0.5104495995751608,-115.0,1.8695652173913042,0.5348837209302326,-0.024434121355071836,-0.045681183402960346,-1.0
2025_07_ATL_SF,2025,7,2025-10-19,ATL,SF,30.0,46.5,-108.0,-112.0,total_con_mercado,46.04725877515352,16.047258775153516,16.047258775153516,0,0.0,-0.45274122484647705,0.45274122484647705,UNDER,1,0.47209517851102184,0.5279048214889781,0.4720951785110219,-112.0,1.8928571428571428,0.5283018867924528,-0.056206708281430984,-0.10639126924699438,0.8928571428571428
2025_07_CAR_NYJ,2025,7,2025-10-19,CAR,NYJ,19.0,39.5,-118.0,-102.0,total_con_mercado,38.69336072337892,19.69336072337892,19.69336072337892,0,0.0,-0.8066392766210768,0.8066392766210768,UNDER,1,0.47777003501365517,0.5222299649863449,0.4777700350136551,-102.0,1.9803921568627452,0.504950495049505,-0.027180460035849785,-0.05382796987491811,0.9803921568627452
2025_07_GB_ARI,2025,7,2025-10-19,GB,ARI,50.0,44.5,-110.0,-110.0,total_con_mercado,46.68223861464329,-3.317761385356711,3.317761385356711,1,0.0,2.182238614643289,2.182238614643289,OVER,1,0.4998693224472988,0.4998693224472988,0.5001306775527012,-110.0,1.9090909090909092,0.5238095238095238,-0.023940201362225022,-0.04570402078242952,0.9090909090909092
2025_07_IND_LAC,2025,7,2025-10-19,IND,LAC,62.0,48.5,-110.0,-110.0,total_con_mercado,46.35296405539473,-15.647035944605271,15.647035944605271,1,0.0,-2.147035944605271,2.147035944605271,UNDER,0,0.4993034094524278,0.5006965905475722,0.4993034094524278,-110.0,1.9090909090909092,0.5238095238095238,-0.024506114357096043,-0.04678440013627416,-1.0
2025_07_LA_JAX,2025,7,2025-10-19,LA,JAX,42.0,44.5,-115.0,-105.0,total_con_mercado,44.74133448352253,2.741334483522529,2.741334483522529,0,0.0,0.24133448352252884,0.24133448352252884,OVER,0,0.468708554204891,0.468708554204891,0.531291445795109,-115.0,1.8695652173913042,0.5348837209302326,-0.06617516672534163,-0.12371878996476904,-1.0
2025_07_LV_KC,2025,7,2025-10-19,LV,KC,31.0,44.5,-105.0,-115.0,total_con_mercado,42.21879989057005,11.218799890570049,11.218799890570049,0,0.0,-2.281200109429953,2.281200109429953,UNDER,1,0.5014602101241279,0.4985397898758721,0.5014602101241279,-115.0,1.8695652173913042,0.5348837209302326,-0.03342351080610473,-0.06248743324619577,0.8695652173913042
2025_07_MIA_CLE,2025,7,2025-10-19,MIA,CLE,37.0,34.5,-108.0,-112.0,total_con_mercado,28.02342199010089,-8.97657800989911,8.97657800989911,1,0.0,-6.476578009899111,6.476578009899111,UNDER,0,0.5684716430541809,0.43152835694581915,0.5684716430541809,-112.0,1.8928571428571428,0.5283018867924528,0.04016975626172803,0.07603561006684223,-1.0
2025_07_NE_TEN,2025,7,2025-10-19,NE,TEN,44.0,40.5,-112.0,-108.0,total_con_mercado,39.81848842682352,-4.181511573176479,4.181511573176479,1,0.0,-0.6815115731764791,0.6815115731764791,UNDER,0,0.4757628447119327,0.5242371552880674,0.47576284471193264,-108.0,1.925925925925926,0.5192307692307692,-0.043467924518836465,-0.0837160027770184,-1.0
2025_07_NO_CHI,2025,7,2025-10-19,NO,CHI,40.0,43.5,-110.0,-110.0,total_con_mercado,41.377753623711385,1.377753623711385,1.377753623711385,0,0.0,-2.122246376288615,2.122246376288615,UNDER,1,0.49890489694886725,0.5010951030511328,0.4989048969488672,-110.0,1.9090909090909092,0.5238095238095238,-0.024904626860656587,-0.04754519673398072,0.9090909090909092
2025_07_NYG_DEN,2025,7,2025-10-19,NYG,DEN,65.0,39.5,-115.0,-105.0,total_con_mercado,45.51285412278638,-19.48714587721362,19.48714587721362,1,0.0,6.012854122786379,6.012854122786379,OVER,1,0.5611422603907957,0.5611422603907957,0.43885773960920427,-115.0,1.8695652173913042,0.5348837209302326,0.026258539460563113,0.049092052034965805,0.8695652173913042
2025_07_PHI_MIN,2025,7,2025-10-19,PHI,MIN,50.0,43.5,-115.0,-105.0,total_con_mercado,43.68610376744245,-6.313896232557546,6.313896232557546,1,0.0,0.1861037674424466,0.1861037674424466,OVER,1,0.4678242492552616,0.4678242492552616,0.5321757507447384,-115.0,1.8695652173913042,0.5348837209302326,-0.067059471674971,-0.12537205574016308,0.8695652173913042
2025_07_WAS_DAL,2025,7,2025-10-19,WAS,DAL,66.0,54.5,-112.0,-108.0,total_con_mercado,48.807443173540726,-17.192556826459274,17.192556826459274,1,0.0,-5.692556826459274,5.692556826459274,UNDER,0,0.5560639845317771,0.4439360154682229,0.5560639845317771,-108.0,1.925925925925926,0.5192307692307692,0.036833215301007916,0.07093804428342265,-1.0
2025_07_HOU_SEA,2025,7,2025-10-20,HOU,SEA,46.0,41.5,-110.0,-110.0,total_con_mercado,46.02745545666658,0.0274554566665798,0.0274554566665798,1,0.0,4.52745545666658,4.52745545666658,OVER,1,0.5375001648548007,0.5375001648548007,0.4624998351451993,-110.0,1.9090909090909092,0.5238095238095238,0.013690641045276841,0.026136678359165,0.9090909090909092
2025_07_TB_DET,2025,7,2025-10-20,TB,DET,33.0,54.5,-105.0,-115.0,total_con_mercado,56.46223629639606,23.462236296396057,23.462236296396057,0,0.0,1.962236296396057,1.962236296396057,OVER,0,0.496332660196943,0.496332660196943,0.503667339803057,-105.0,1.9523809523809523,0.5121951219512195,-0.015862461754276524,-0.03096956818692087,-1.0
2025_08_MIN_LAC,2025,8,2025-10-23,MIN,LAC,47.0,45.5,-110.0,-110.0,total_con_mercado,47.73170101394468,0.7317010139446793,0.7317010139446793,1,0.0,2.2317010139446793,2.2317010139446793,OVER,1,0.500664473007228,0.500664473007228,0.49933552699277195,-110.0,1.9090909090909092,0.5238095238095238,-0.023145050802295786,-0.044186006077110096,0.9090909090909092
2025_08_BUF_CAR,2025,8,2025-10-26,BUF,CAR,49.0,47.5,-112.0,-108.0,total_con_mercado,49.78458639098564,0.7845863909856376,0.7845863909856376,1,0.0,2.2845863909856376,2.2845863909856376,OVER,1,0.5015146470543254,0.5015146470543254,0.49848535294567464,-112.0,1.8928571428571428,0.5283018867924528,-0.026787239738127466,-0.05070441807574133,0.8928571428571428
2025_08_CHI_BAL,2025,8,2025-10-26,CHI,BAL,46.0,45.5,-108.0,-112.0,total_con_mercado,45.784893694594416,-0.2151063054055839,0.2151063054055839,1,0.0,0.28489369459441605,0.28489369459441605,OVER,1,0.4694061243540801,0.4694061243540801,0.5305938756459199,-108.0,1.925925925925926,0.5192307692307692,-0.049824644876689084,-0.09595857531806795,0.925925925925926
2025_08_CLE_NE,2025,8,2025-10-26,CLE,NE,45.0,40.5,-105.0,-115.0,total_con_mercado,45.914273220263446,0.9142732202634464,0.9142732202634464,1,0.0,5.414273220263446,5.414273220263446,OVER,1,0.5516422619931214,0.5516422619931214,0.4483577380068786,-105.0,1.9523809523809523,0.5121951219512195,0.03944714004190186,0.07701584484371304,0.9523809523809523
2025_08_DAL_DEN,2025,8,2025-10-26,DAL,DEN,68.0,51.5,-110.0,-110.0,total_con_mercado,55.87848000863181,-12.121519991368189,12.121519991368189,1,0.0,4.378480008631811,4.378480008631811,OVER,1,0.5351178892604156,0.5351178892604156,0.4648821107395844,-110.0,1.9090909090909092,0.5238095238095238,0.011308365450891755,0.0215886976789752,0.9090909090909092
2025_08_GB_PIT,2025,8,2025-10-26,GB,PIT,60.0,46.5,-105.0,-115.0,total_con_mercado,48.63396006121829,-11.36603993878171,11.36603993878171,1,0.0,2.133960061218289,2.133960061218289,OVER,1,0.49909320383332284,0.49909320383332284,0.5009067961666771,-105.0,1.9523809523809523,0.5121951219512195,-0.013101918117896683,-0.025579935373036378,0.9523809523809523
2025_08_MIA_ATL,2025,8,2025-10-26,MIA,ATL,44.0,44.5,-105.0,-115.0,total_con_mercado,39.26187212545892,-4.738127874541085,4.738127874541085,0,0.0,-5.238127874541078,5.238127874541078,UNDER,1,0.5488391707581494,0.45116082924185064,0.5488391707581494,-115.0,1.8695652173913042,0.5348837209302326,0.013955449827916744,0.026090623591322748,0.8695652173913042
2025_08_NYG_PHI,2025,8,2025-10-26,NYG,PHI,58.0,43.5,-112.0,-108.0,total_con_mercado,46.89310142611068,-11.106898573889318,11.106898573889318,1,0.0,3.3931014261106824,3.3931014261106824,OVER,1,0.5193253601118861,0.5193253601118861,0.4806746398881139,-112.0,1.8928571428571428,0.5283018867924528,-0.008976526680566699,-0.01699128264535843,0.8928571428571428
2025_08_NYJ_CIN,2025,8,2025-10-26,NYJ,CIN,77.0,43.5,-118.0,-102.0,total_con_mercado,42.3401708850982,-34.659829114901804,34.659829114901804,1,0.0,-1.1598291149017967,1.1598291149017967,UNDER,0,0.4834392631532252,0.5165607368467748,0.48343926315322516,-102.0,1.9803921568627452,0.504950495049505,-0.021511231896279737,-0.04260067493184805,-1.0
2025_08_SF_HOU,2025,8,2025-10-26,SF,HOU,41.0,41.5,-108.0,-112.0,total_con_mercado,42.777519582075925,1.777519582075925,1.777519582075925,0,0.0,1.277519582075925,1.277519582075925,OVER,0,0.48532939176430634,0.48532939176430634,0.5146706082356937,-108.0,1.925925925925926,0.5192307692307692,-0.03390137746646282,-0.06529154178726182,-1.0
2025_08_TB_NO,2025,8,2025-10-26,TB,NO,26.0,46.5,-110.0,-110.0,total_con_mercado,43.8180124844873,17.818012484487298,17.818012484487298,0,0.0,-2.681987515512702,2.681987515512702,UNDER,1,0.5079025611987786,0.49209743880122137,0.5079025611987786,-110.0,1.9090909090909092,0.5238095238095238,-0.0159069626107452,-0.030367837711422596,0.9090909090909092
2025_08_TEN_IND,2025,8,2025-10-26,TEN,IND,52.0,47.5,-118.0,-102.0,total_con_mercado,45.43160078937712,-6.568399210622886,6.568399210622886,1,0.0,-2.0683992106228786,2.0683992106228786,UNDER,0,0.49803926537345417,0.5019607346265458,0.4980392653734542,-102.0,1.9803921568627452,0.504950495049505,-0.00691122967605079,-0.013686945044728005,-1.0
2025_08_WAS_KC,2025,8,2025-10-27,WAS,KC,35.0,48.5,-105.0,-115.0,total_con_mercado,49.14140882536565,14.141408825365652,14.141408825365652,0,0.0,0.6414088253656516,0.6414088253656516,OVER,0,0.47511971368130523,0.47511971368130523,0.5248802863186948,-105.0,1.9523809523809523,0.5121951219512195,-0.03707540826991429,-0.07238532090792793,-1.0
2025_09_BAL_MIA,2025,9,2025-10-30,BAL,MIA,34.0,51.5,-110.0,-110.0,total_con_mercado,53.34284560515772,19.34284560515772,19.34284560515772,0,0.0,1.84284560515772,1.84284560515772,OVER,0,0.4944135180338981,0.4944135180338981,0.5055864819661019,-110.0,1.9090909090909092,0.5238095238095238,-0.029396005775625733,-0.056119647389830885,-1.0
2025_09_ATL_NE,2025,9,2025-11-02,ATL,NE,47.0,45.5,-108.0,-112.0,total_con_mercado,50.69059653964845,3.690596539648453,3.690596539648453,1,0.0,5.190596539648453,5.190596539648453,OVER,1,0.5480822413319986,0.5480822413319986,0.45191775866800143,-108.0,1.925925925925926,0.5192307692307692,0.028851472101229403,0.055565798120886134,0.925925925925926
2025_09_CAR_GB,2025,9,2025-11-02,CAR,GB,29.0,43.5,-105.0,-115.0,total_con_mercado,42.575199520675945,13.575199520675945,13.575199520675945,0,0.0,-0.9248004793240554,0.9248004793240554,UNDER,1,0.4796661351385552,0.5203338648614448,0.47966613513855516,-115.0,1.8695652173913042,0.5348837209302326,-0.055217585791677404,-0.10323287778444035,0.8695652173913042
2025_09_CHI_CIN,2025,9,2025-11-02,CHI,CIN,89.0,51.5,-112.0,-108.0,total_con_mercado,52.19278900176543,-36.807210998234574,36.807210998234574,1,0.0,0.6927890017654335,0.6927890017654335,OVER,1,0.4759437163272609,0.4759437163272609,0.5240562836727392,-112.0,1.8928571428571428,0.5283018867924528,-0.05235817046519192,-0.09910653695197047,0.8928571428571428
2025_09_DEN_HOU,2025,9,2025-11-02,DEN,HOU,33.0,40.5,-115.0,-105.0,total_con_mercado,44.84784616146459,11.847846161464588,11.847846161464588,0,0.0,4.347846161464588,4.347846161464588,OVER,0,0.5346278192283503,0.5346278192283503,0.46537218077164966,-115.0,1.8695652173913042,0.5348837209302326,-0.00025590170188227734,-0.0004784249209103253,-1.0
2025_09_IND_PIT,2025,9,2025-11-02,IND,PIT,47.0,51.5,-115.0,-105.0,total_con_mercado,51.06969996240036,4.069699962400357,4.069699962400357,0,0.0,-0.4303000375996433,0.4303000375996433,UNDER,1,0.4717355551824162,0.5282644448175837,0.4717355551824163,-105.0,1.9523809523809523,0.5121951219512195,-0.0404595667688033,-0.07899248750099697,0.9523809523809523
2025_09_JAX_LV,2025,9,2025-11-02,JAX,LV,59.0,43.5,-115.0,-105.0,total_con_mercado,46.47763936850512,-12.522360631494884,12.522360631494884,1,0.0,2.9776393685051232,2.9776393685051232,OVER,1,0.5126533769510412,0.5126533769510412,0.4873466230489588,-115.0,1.8695652173913042,0.5348837209302326,-0.022230343979191436,-0.04156107787414043,0.8695652173913042
2025_09_KC_BUF,2025,9,2025-11-02,KC,BUF,49.0,53.5,-105.0,-115.0,total_con_mercado,57.83119310120645,8.831193101206452,8.831193101206452,0,0.0,4.331193101206452,4.331193101206452,OVER,0,0.5343613810321736,0.5343613810321736,0.46563861896782643,-105.0,1.9523809523809523,0.5121951219512195,0.022166259080954043,0.04327698201519592,-1.0
2025_09_LAC_TEN,2025,9,2025-11-02,LAC,TEN,47.0,44.5,-110.0,-110.0,total_con_mercado,44.80236335525952,-2.1976366447404843,2.1976366447404843,1,0.0,0.30236335525952285,0.30236335525952285,OVER,1,0.469685922434475,0.469685922434475,0.5303140775655251,-110.0,1.9090909090909092,0.5238095238095238,-0.054123601375048846,-0.10332687535236584,0.9090909090909092
2025_09_MIN_DET,2025,9,2025-11-02,MIN,DET,51.0,47.5,-115.0,-105.0,total_con_mercado,53.73818096468597,2.7381809646859736,2.7381809646859736,1,0.0,6.2381809646859665,6.2381809646859665,OVER,1,0.564707197721223,0.564707197721223,0.435292802278777,-115.0,1.8695652173913042,0.5348837209302326,0.0298234767909904,0.05575693487011257,0.8695652173913042
2025_09_NO_LA,2025,9,2025-11-02,NO,LA,44.0,44.5,-115.0,-105.0,total_con_mercado,49.11047234753519,5.110472347535186,5.110472347535186,0,0.0,4.610472347535193,4.610472347535193,OVER,0,0.5388269575833627,0.5388269575833627,0.46117304241663726,-115.0,1.8695652173913042,0.5348837209302326,0.003943236653130122,0.007372138090634639,-1.0
2025_09_SEA_WAS,2025,9,2025-11-02,SEA,WAS,52.0,47.5,-105.0,-115.0,total_con_mercado,52.89238415396591,0.8923841539659065,0.8923841539659065,1,0.0,5.3923841539659065,5.3923841539659065,OVER,1,0.5512941048331198,0.5512941048331198,0.4487058951668802,-105.0,1.9523809523809523,0.5121951219512195,0.03909898288190028,0.07633610943609104,0.9523809523809523
2025_09_SF_NYG,2025,9,2025-11-02,SF,NYG,58.0,47.5,-112.0,-108.0,total_con_mercado,45.35160834100424,-12.648391658995765,12.648391658995765,1,0.0,-2.148391658995763,2.148391658995763,UNDER,0,0.49932520369570593,0.5006747963042941,0.4993252036957059,-108.0,1.925925925925926,0.5192307692307692,-0.01990556553506323,-0.03833664473419596,-1.0
2025_09_ARI_DAL,2025,9,2025-11-03,ARI,DAL,44.0,53.5,-115.0,-105.0,total_con_mercado,53.284091713504274,9.284091713504274,9.284091713504274,0,0.0,-0.21590828649572558,0.21590828649572558,UNDER,1,0.46830142787278894,0.531698572127211,0.46830142787278894,-105.0,1.9523809523809523,0.5121951219512195,-0.04389369407843058,-0.08569721224836446,0.9523809523809523
2025_10_LV_DEN,2025,10,2025-11-06,LV,DEN,17.0,42.5,-110.0,-110.0,total_con_mercado,43.427413399533215,26.42741339953321,26.42741339953321,0,0.0,0.927413399533215,0.927413399533215,OVER,0,0.4797080707690702,0.4797080707690702,0.5202919292309298,-110.0,1.9090909090909092,0.5238095238095238,-0.04410145304045365,-0.08419368307722963,-1.0
2025_10_ARI_SEA,2025,10,2025-11-09,ARI,SEA,66.0,44.5,-118.0,-102.0,total_con_mercado,49.48550664417315,-16.51449335582685,16.51449335582685,1,0.0,4.9855066441731495,4.9855066441731495,OVER,1,0.5448137075552119,0.5448137075552119,0.45518629244478814,-118.0,1.847457627118644,0.5412844036697247,0.0035293038854871117,0.006520239381662574,0.847457627118644
2025_10_ATL_IND,2025,10,2025-11-09,ATL,IND,56.0,48.5,-108.0,-112.0,total_con_mercado,50.59129291399383,-5.408707086006167,5.408707086006167,1,0.0,2.0912929139938328,2.0912929139938328,OVER,1,0.49840729684085555,0.49840729684085555,0.5015927031591445,-108.0,1.925925925925926,0.5192307692307692,-0.02082347238991361,-0.0401044653435374,0.925925925925926
2025_10_BAL_MIN,2025,10,2025-11-09,BAL,MIN,46.0,48.5,-115.0,-105.0,total_con_mercado,57.79377792351788,11.79377792351788,11.79377792351788,0,0.0,9.29377792351788,9.29377792351788,OVER,0,0.6122485844286625,0.6122485844286625,0.3877514155713375,-115.0,1.8695652173913042,0.5348837209302326,0.07736486349842986,0.1446386578448906,-1.0
2025_10_BUF_MIA,2025,10,2025-11-09,BUF,MIA,43.0,50.5,-105.0,-115.0,total_con_mercado,47.36919138373925,4.369191383739249,4.369191383739249,0,0.0,-3.130808616260751,3.130808616260751,UNDER,1,0.5151138019315582,0.4848861980684418,0.5151138019315582,-115.0,1.8695652173913042,0.5348837209302326,-0.01976991899867442,-0.03696115291056512,0.8695652173913042
2025_10_CLE_NYJ,2025,10,2025-11-09,CLE,NYJ,47.0,37.5,-105.0,-115.0,total_con_mercado,32.95033256530999,-14.049667434690008,14.049667434690008,1,0.0,-4.549667434690008,4.549667434690008,UNDER,0,0.5378552140078402,0.4621447859921598,0.5378552140078402,-115.0,1.8695652173913042,0.5348837209302326,0.0029714930776075787,0.005555400101614261,-1.0
2025_10_DET_WAS,2025,10,2025-11-09,DET,WAS,66.0,49.5,-108.0,-112.0,total_con_mercado,50.83584796320035,-15.16415203679965,15.16415203679965,1,0.0,1.3358479632003508,1.3358479632003508,OVER,1,0.4862663142646615,0.4862663142646615,0.5137336857353385,-108.0,1.925925925925926,0.5192307692307692,-0.03296445496610767,-0.06348709845324452,0.925925925925926
2025_10_JAX_HOU,2025,10,2025-11-09,JAX,HOU,65.0,37.5,-108.0,-112.0,total_con_mercado,38.058788341184574,-26.941211658815423,26.941211658815423,1,0.0,0.5587883411845738,0.5587883411845738,OVER,1,0.47379498475242465,0.47379498475242465,0.5262050152475753,-108.0,1.925925925925926,0.5192307692307692,-0.04543578447834451,-0.08750595529162652,0.925925925925926
2025_10_LA_SF,2025,10,2025-11-09,LA,SF,68.0,49.5,-110.0,-110.0,total_con_mercado,50.58787836847265,-17.41212163152735,17.41212163152735,1,0.0,1.0878783684726514,1.0878783684726514,OVER,1,0.48228395200805807,0.48228395200805807,0.5177160479919419,-110.0,1.9090909090909092,0.5238095238095238,-0.041525571801465766,-0.07927609162098004,0.9090909090909092
2025_10_NE_TB,2025,10,2025-11-09,NE,TB,51.0,48.5,-115.0,-105.0,total_con_mercado,48.35658365153501,-2.6434163484649886,2.6434163484649886,1,0.0,-0.14341634846498863,0.14341634846498863,UNDER,0,0.46714091455368667,0.5328590854463133,0.46714091455368667,-105.0,1.9523809523809523,0.5121951219512195,-0.04505420739753285,-0.08796297634756411,-1.0
2025_10_NO_CAR,2025,10,2025-11-09,NO,CAR,24.0,38.5,-115.0,-105.0,total_con_mercado,40.53872759500895,16.53872759500895,16.53872759500895,0,0.0,2.0387275950089503,2.0387275950089503,OVER,0,0.4975622776906865,0.4975622776906865,0.5024377223093135,-115.0,1.8695652173913042,0.5348837209302326,-0.037321443239546115,-0.0697748721434992,-1.0
2025_10_NYG_CHI,2025,10,2025-11-09,NYG,CHI,44.0,45.5,-108.0,-112.0,total_con_mercado,44.33643920708385,0.3364392070838491,0.3364392070838491,0,0.0,-1.1635607929161509,1.1635607929161509,UNDER,1,0.4834991875397175,0.5165008124602826,0.48349918753971743,-112.0,1.8928571428571428,0.5283018867924528,-0.044802699252735334,-0.08480510929982055,0.8928571428571428
2025_10_PIT_LAC,2025,10,2025-11-09,PIT,LAC,35.0,45.5,-105.0,-115.0,total_con_mercado,46.37765422253563,11.377654222535632,11.377654222535632,0,0.0,0.8776542225356323,0.8776542225356323,OVER,0,0.47890951889679234,0.47890951889679234,0.5210904811032077,-105.0,1.9523809523809523,0.5121951219512195,-0.03328560305442718,-0.06498617739197687,-1.0
2025_10_PHI_GB,2025,10,2025-11-10,PHI,GB,17.0,45.5,-112.0,-108.0,total_con_mercado,46.85450015327466,29.854500153274657,29.854500153274657,0,0.0,1.3545001532746568,1.3545001532746568,OVER,0,0.486565943067833,0.486565943067833,0.5134340569321669,-112.0,1.8928571428571428,0.5283018867924528,-0.041735943724619806,-0.07900017919303037,-1.0
2025_11_NYJ_NE,2025,11,2025-11-13,NYJ,NE,41.0,43.5,-105.0,-115.0,total_con_mercado,42.668360419028126,1.6683604190281258,1.6683604190281258,0,0.0,-0.8316395809718742,0.8316395809718742,UNDER,1,0.47817115639761815,0.5218288436023819,0.4781711563976181,-115.0,1.8695652173913042,0.5348837209302326,-0.05671256453261447,-0.10602783803923566,0.8695652173913042
2025_11_BAL_CLE,2025,11,2025-11-16,BAL,CLE,39.0,37.5,-115.0,-105.0,total_con_mercado,37.8487440878296,-1.151255912170399,1.151255912170399,1,0.0,0.3487440878296013,0.3487440878296013,OVER,1,0.47042885884707,0.47042885884707,0.52957114115293,-115.0,1.8695652173913042,0.5348837209302326,-0.06445486208316265,-0.12050256824243444,0.8695652173913042
2025_11_CAR_ATL,2025,11,2025-11-16,CAR,ATL,57.0,42.5,-110.0,-110.0,total_con_mercado,46.57654486591815,-10.423455134081848,10.423455134081848,1,0.0,4.076544865918152,4.076544865918152,OVER,1,0.530284820993656,0.530284820993656,0.46971517900634396,-110.0,1.9090909090909092,0.5238095238095238,0.0064752971841322005,0.012361930987888847,0.9090909090909092
2025_11_CHI_MIN,2025,11,2025-11-16,CHI,MIN,36.0,47.5,-118.0,-102.0,total_con_mercado,54.111365277897306,18.111365277897303,18.111365277897303,0,0.0,6.611365277897306,6.611365277897306,OVER,0,0.5705965554701856,0.5705965554701856,0.4294034445298144,-118.0,1.847457627118644,0.5412844036697247,0.029312151800460873,0.05415295841102097,-1.0
2025_11_CIN_PIT,2025,11,2025-11-16,CIN,PIT,46.0,48.5,-110.0,-110.0,total_con_mercado,43.51530901135254,-2.4846909886474577,2.4846909886474577,0,0.0,-4.984690988647458,4.984690988647458,UNDER,1,0.5448007004875008,0.45519929951249916,0.5448007004875008,-110.0,1.9090909090909092,0.5238095238095238,0.020991176677977008,0.04007406456704721,0.9090909090909092
2025_11_DET_PHI,2025,11,2025-11-16,DET,PHI,25.0,46.5,-112.0,-108.0,total_con_mercado,45.82147513224761,20.821475132247613,20.821475132247613,0,0.0,-0.6785248677523867,0.6785248677523867,UNDER,1,0.4757149438768362,0.5242850561231638,0.4757149438768362,-108.0,1.925925925925926,0.5192307692307692,-0.043515825353932946,-0.08380825623720423,0.925925925925926
2025_11_GB_NYG,2025,11,2025-11-16,GB,NYG,47.0,41.5,-110.0,-110.0,total_con_mercado,36.97275572512429,-10.027244274875711,10.027244274875711,1,0.0,-4.527244274875713,4.527244274875713,UNDER,0,0.5374967890193441,0.46250321098065594,0.5374967890193441,-110.0,1.9090909090909092,0.5238095238095238,0.01368726520982022,0.026130233582384088,-1.0
2025_11_HOU_TEN,2025,11,2025-11-16,HOU,TEN,29.0,37.5,-102.0,-118.0,total_con_mercado,34.93228027261094,5.932280272610939,5.932280272610939,0,0.0,-2.5677197273890613,2.5677197273890613,UNDER,1,0.5060659679243328,0.4939340320756672,0.5060659679243328,-118.0,1.847457627118644,0.5412844036697247,-0.03521843574539196,-0.06506456773301239,0.847457627118644
2025_11_KC_DEN,2025,11,2025-11-16,KC,DEN,41.0,44.5,-110.0,-110.0,total_con_mercado,49.57227164977202,8.57227164977202,8.57227164977202,0,0.0,5.07227164977202,5.07227164977202,OVER,0,0.5461969760895884,0.5461969760895884,0.4538030239104116,-110.0,1.9090909090909092,0.5238095238095238,0.022387452280064557,0.04273968162557784,-1.0
2025_11_LAC_JAX,2025,11,2025-11-16,LAC,JAX,41.0,43.5,-110.0,-110.0,total_con_mercado,45.16236044509007,4.162360445090066,4.162360445090066,0,0.0,1.6623604450900729,1.6623604450900729,OVER,0,0.4915126454447605,0.4915126454447605,0.5084873545552395,-110.0,1.9090909090909092,0.5238095238095238,-0.03229687836476336,-0.061657676878184464,-1.0
2025_11_SEA_LA,2025,11,2025-11-16,SEA,LA,40.0,49.5,-115.0,-105.0,total_con_mercado,50.08100556379101,10.08100556379101,10.08100556379101,0,0.0,0.5810055637910096,0.5810055637910096,OVER,0,0.4741511780890574,0.4741511780890574,0.5258488219109426,-115.0,1.8695652173913042,0.5348837209302326,-0.06073254284117524,-0.1135434496595884,-1.0
2025_11_SF_ARI,2025,11,2025-11-16,SF,ARI,63.0,48.5,-108.0,-112.0,total_con_mercado,49.59530394432895,-13.404696055671051,13.404696055671051,1,0.0,1.095303944328947,1.095303944328947,OVER,1,0.4824031757200961,0.4824031757200961,0.5175968242799038,-108.0,1.925925925925926,0.5192307692307692,-0.03682759351067305,-0.07092721713166672,0.925925925925926
2025_11_TB_BUF,2025,11,2025-11-16,TB,BUF,76.0,46.5,-108.0,-112.0,total_con_mercado,48.07654493172471,-27.923455068275292,27.923455068275292,1,0.0,1.5765449317247118,1.5765449317247118,OVER,1,0.49013355225970034,0.49013355225970034,0.5098664477402997,-108.0,1.925925925925926,0.5192307692307692,-0.029097216971068818,-0.05603908453687334,0.925925925925926
2025_11_WAS_MIA,2025,11,2025-11-16,WAS,MIA,29.0,47.5,-110.0,-110.0,total_con_mercado,40.81949385036994,11.819493850369938,11.819493850369938,0,0.0,-6.680506149630062,6.680506149630062,UNDER,1,0.5716855530391034,0.4283144469608966,0.5716855530391034,-110.0,1.9090909090909092,0.5238095238095238,0.047876029229579564,0.0913996921655611,0.9090909090909092
2025_11_DAL_LV,2025,11,2025-11-17,DAL,LV,49.0,48.5,-105.0,-115.0,total_con_mercado,48.65237638966661,-0.347623610333386,0.347623610333386,1,0.0,0.15237638966660683,0.15237638966660683,OVER,1,0.4672843356028686,0.4672843356028686,0.5327156643971314,-105.0,1.9523809523809523,0.5121951219512195,-0.04491078634835094,-0.08768296382297092,0.9523809523809523
2025_12_BUF_HOU,2025,12,2025-11-20,BUF,HOU,42.0,43.5,-115.0,-105.0,total_con_mercado,47.36644826295888,5.366448262958883,5.366448262958883,0,0.0,3.866448262958883,3.866448262958883,OVER,0,0.5269184007032423,0.5269184007032423,0.47308159929675775,-115.0,1.8695652173913042,0.5348837209302326,-0.007965320226990369,-0.014891685641764574,-1.0
2025_12_ATL_NO,2025,12,2025-11-23,ATL,NO,34.0,41.5,-102.0,-118.0,total_con_mercado,46.7320322105554,12.732032210555404,12.732032210555404,0,0.0,5.232032210555403,5.232032210555403,OVER,0,0.5487421107753644,0.5487421107753644,0.4512578892246356,-102.0,1.9803921568627452,0.504950495049505,0.043791615725859434,0.08672457231983932,-1.0
2025_12_CLE_LV,2025,12,2025-11-23,CLE,LV,34.0,35.5,-118.0,-102.0,total_con_mercado,40.34511672926398,6.345116729263978,6.345116729263978,0,0.0,4.845116729263978,4.845116729263978,OVER,0,0.5425740568520736,0.5425740568520736,0.4574259431479264,-118.0,1.847457627118644,0.5412844036697247,0.00128965318234886,0.0023825796080680917,-1.0
2025_12_IND_KC,2025,12,2025-11-23,IND,KC,43.0,50.5,-108.0,-112.0,total_con_mercado,40.31763159434996,-2.6823684056500454,2.6823684056500454,0,0.0,-10.182368405650038,10.182368405650038,UNDER,1,0.6257234132413964,0.37427658675860365,0.6257234132413964,-112.0,1.8928571428571428,0.5283018867924528,0.09742152644894353,0.18440503220692883,0.8928571428571428
2025_12_JAX_ARI,2025,12,2025-11-23,JAX,ARI,51.0,47.5,-105.0,-115.0,total_con_mercado,50.36483641034319,-0.6351635896568126,0.6351635896568126,1,0.0,2.8648364103431874,2.8648364103431874,OVER,1,0.5108409745569003,0.5108409745569003,0.48915902544309975,-105.0,1.9523809523809523,0.5121951219512195,-0.0013541473943192717,-0.0026438115793852024,0.9523809523809523
2025_12_MIN_GB,2025,12,2025-11-23,MIN,GB,29.0,41.5,-108.0,-112.0,total_con_mercado,40.26387303840523,11.26387303840523,11.26387303840523,0,0.0,-1.2361269615947705,1.2361269615947705,UNDER,1,0.4846645687210705,0.5153354312789296,0.48466456872107044,-112.0,1.8928571428571428,0.5283018867924528,-0.043637318071382325,-0.08259920920654518,0.8928571428571428
2025_12_NE_CIN,2025,12,2025-11-23,NE,CIN,46.0,50.5,-118.0,-102.0,total_con_mercado,44.49224569820139,-1.507754301798613,1.507754301798613,0,0.0,-6.007754301798613,6.007754301798613,UNDER,1,0.5610615006768902,0.4389384993231098,0.5610615006768902,-102.0,1.9803921568627452,0.504950495049505,0.056111005627385246,0.11112179545815515,0.9803921568627452
2025_12_NYG_DET,2025,12,2025-11-23,NYG,DET,61.0,50.5,-120.0,100.0,total_con_mercado,53.42541118899674,-7.5745888110032595,7.5745888110032595,1,0.0,2.9254111889967405,2.9254111889967405,OVER,1,0.5118142665272174,0.5118142665272174,0.4881857334727826,-120.0,1.8333333333333335,0.5454545454545454,-0.033640278927328016,-0.0616738447001014,0.8333333333333335
2025_12_NYJ_BAL,2025,12,2025-11-23,NYJ,BAL,33.0,44.5,-118.0,-102.0,total_con_mercado,42.43966624627153,9.439666246271528,9.439666246271528,0,0.0,-2.0603337537284716,2.0603337537284716,UNDER,1,0.49790960828954056,0.5020903917104594,0.49790960828954056,-102.0,1.9803921568627452,0.504950495049505,-0.007040886759964393,-0.013943716916792193,0.9803921568627452
2025_12_PHI_DAL,2025,12,2025-11-23,PHI,DAL,45.0,47.5,-120.0,100.0,total_con_mercado,46.22555577001634,1.2255557700163422,1.2255557700163422,0,0.0,-1.2744442299836578,1.2744442299836578,UNDER,1,0.485279995518813,0.514720004481187,0.48527999551881296,100.0,2.0,0.5,-0.014720004481186988,-0.029440008962373976,1.0
2025_12_PIT_CHI,2025,12,2025-11-23,PIT,CHI,59.0,46.5,-112.0,-108.0,total_con_mercado,50.32765902015628,-8.672340979843717,8.672340979843717,1,0.0,3.8276590201562826,3.8276590201562826,OVER,1,0.5262965959249905,0.5262965959249905,0.47370340407500955,-112.0,1.8928571428571428,0.5283018867924528,-0.0020052908674623726,-0.0037957291419823402,0.8928571428571428
2025_12_SEA_TEN,2025,12,2025-11-23,SEA,TEN,54.0,41.5,-110.0,-110.0,total_con_mercado,37.69604024778664,-16.303959752213366,16.303959752213366,1,0.0,-3.803959752213359,3.803959752213359,UNDER,0,0.5259166483169123,0.4740833516830877,0.5259166483169123,-110.0,1.9090909090909092,0.5238095238095238,0.0021071245073884803,0.00402269224137819,-1.0
2025_12_TB_LA,2025,12,2025-11-23,TB,LA,41.0,49.5,-120.0,100.0,total_con_mercado,51.325474526475695,10.325474526475697,10.325474526475697,0,0.0,1.8254745264756949,1.8254745264756949,OVER,0,0.4941342995151316,0.4941342995151316,0.5058657004848683,-120.0,1.8333333333333335,0.5454545454545454,-0.05132024593941381,-0.09408711755559196,-1.0
2025_12_CAR_SF,2025,12,2025-11-24,CAR,SF,29.0,48.5,-115.0,-105.0,total_con_mercado,48.24118894405327,19.24118894405327,19.24118894405327,0,0.0,-0.2588110559467296,0.2588110559467296,UNDER,1,0.4689884146932185,0.5310115853067815,0.4689884146932185,-105.0,1.9523809523809523,0.5121951219512195,-0.04320670725800102,-0.08435595226562109,0.9523809523809523
2025_13_CIN_BAL,2025,13,2025-11-27,CIN,BAL,46.0,52.5,-105.0,-115.0,total_con_mercado,45.8618421438696,-0.1381578561303982,0.1381578561303982,0,0.0,-6.638157856130398,6.638157856130398,UNDER,1,0.5710186314595708,0.42898136854042923,0.5710186314595708,-115.0,1.8695652173913042,0.5348837209302326,0.03613491052933815,0.0675565718591975,0.8695652173913042
2025_13_GB_DET,2025,13,2025-11-27,GB,DET,55.0,48.5,-110.0,-110.0,total_con_mercado,53.803228974625945,-1.1967710253740549,1.1967710253740549,1,0.0,5.303228974625945,5.303228974625945,OVER,1,0.5498755287298556,0.5498755287298556,0.45012447127014443,-110.0,1.9090909090909092,0.5238095238095238,0.02606600492033173,0.049762373029724305,0.9090909090909092
2025_13_KC_DAL,2025,13,2025-11-27,KC,DAL,59.0,53.5,-110.0,-110.0,total_con_mercado,48.86730541042141,-10.132694589578591,10.132694589578591,1,0.0,-4.632694589578591,4.632694589578591,UNDER,0,0.5391820254163373,0.4608179745836627,0.5391820254163373,-110.0,1.9090909090909092,0.5238095238095238,0.015372501606813471,0.029347503067553182,-1.0
2025_13_CHI_PHI,2025,13,2025-11-28,CHI,PHI,39.0,43.5,-105.0,-115.0,total_con_mercado,45.900078154496,6.900078154496001,6.900078154496001,0,0.0,2.4000781544960006,2.4000781544960006,OVER,0,0.5033712308328806,0.5033712308328806,0.4966287691671194,-105.0,1.9523809523809523,0.5121951219512195,-0.008823891118338922,-0.017227596945328383,-1.0
2025_13_ARI_TB,2025,13,2025-11-30,ARI,TB,37.0,44.5,-112.0,-108.0,total_con_mercado,44.876138686265335,7.876138686265335,7.876138686265335,0,0.0,0.3761386862653353,0.3761386862653353,OVER,0,0.47086773310990765,0.47086773310990765,0.5291322668900924,-112.0,1.8928571428571428,0.5283018867924528,-0.057434153682545175,-0.10871464804196052,-1.0
2025_13_ATL_NYJ,2025,13,2025-11-30,ATL,NYJ,51.0,38.5,-115.0,-105.0,total_con_mercado,40.71959963836087,-10.280400361639131,10.280400361639131,1,0.0,2.2195996383608687,2.2195996383608687,OVER,1,0.5004699331552842,0.5004699331552842,0.4995300668447158,-115.0,1.8695652173913042,0.5348837209302326,-0.03441378777494841,-0.06433882062272955,0.8695652173913042
2025_13_BUF_PIT,2025,13,2025-11-30,BUF,PIT,33.0,44.5,-108.0,-112.0,total_con_mercado,38.68302115152812,5.683021151528116,5.683021151528116,0,0.0,-5.8169788484718765,5.8169788484718765,UNDER,1,0.5580381325931155,0.4419618674068845,0.5580381325931155,-112.0,1.8928571428571428,0.5283018867924528,0.029736245800662697,0.05628646526554015,0.8928571428571428
2025_13_DEN_WAS,2025,13,2025-11-30,DEN,WAS,53.0,43.5,-108.0,-112.0,total_con_mercado,37.94448057622738,-15.055519423772624,15.055519423772624,1,0.0,-5.555519423772623,5.555519423772623,UNDER,0,0.5538876259097004,0.4461123740902996,0.5538876259097004,-112.0,1.8928571428571428,0.5283018867924528,0.025585739117247597,0.048430149043361403,-1.0
2025_13_HOU_IND,2025,13,2025-11-30,HOU,IND,36.0,44.5,-108.0,-112.0,total_con_mercado,47.01764783938957,11.017647839389568,11.017647839389568,0,0.0,2.517647839389568,2.517647839389568,OVER,0,0.5052611223622377,0.5052611223622377,0.49473887763776225,-108.0,1.925925925925926,0.5192307692307692,-0.013969646868531416,-0.026904505080134644,-1.0
2025_13_JAX_TEN,2025,13,2025-11-30,JAX,TEN,28.0,42.5,-115.0,-105.0,total_con_mercado,41.52497899340047,13.524978993400468,13.524978993400468,0,0.0,-0.9750210065995333,0.9750210065995333,UNDER,1,0.48047219065815666,0.5195278093418434,0.4804721906581566,-105.0,1.9523809523809523,0.5121951219512195,-0.03172293129306286,-0.06193524681026563,0.9523809523809523
2025_13_LA_CAR,2025,13,2025-11-30,LA,CAR,59.0,44.5,-115.0,-105.0,total_con_mercado,51.56052698146871,-7.439473018531295,7.439473018531295,1,0.0,7.060526981468712,7.060526981468712,OVER,1,0.5776583816977832,0.5776583816977832,0.42234161830221684,-115.0,1.8695652173913042,0.5348837209302326,0.04277466076755054,0.07997001795672487,0.8695652173913042
2025_13_LV_LAC,2025,13,2025-11-30,LV,LAC,45.0,40.5,-112.0,-108.0,total_con_mercado,46.41450494446588,1.4145049444658824,1.4145049444658824,1,0.0,5.914504944465882,5.914504944465882,OVER,1,0.5595842570411304,0.5595842570411304,0.44041574295886965,-112.0,1.8928571428571428,0.5283018867924528,0.03128237024867753,0.05921305797071108,0.8928571428571428
2025_13_MIN_SEA,2025,13,2025-11-30,MIN,SEA,26.0,42.5,-110.0,-110.0,total_con_mercado,50.6127090392404,24.6127090392404,24.6127090392404,0,0.0,8.1127090392404,8.1127090392404,OVER,0,0.5940725752550915,0.5940725752550915,0.4059274247449085,-110.0,1.9090909090909092,0.5238095238095238,0.07026305144556766,0.1341385527597201,-1.0
2025_13_NO_MIA,2025,13,2025-11-30,NO,MIA,38.0,41.5,-115.0,-105.0,total_con_mercado,43.4800128270386,5.4800128270386,5.4800128270386,0,0.0,1.9800128270385997,1.9800128270385997,OVER,0,0.49661841913270965,0.49661841913270965,0.5033815808672903,-115.0,1.8695652173913042,0.5348837209302326,-0.038265301797522966,-0.07153947727362986,-1.0
2025_13_SF_CLE,2025,13,2025-11-30,SF,CLE,34.0,35.5,-108.0,-112.0,total_con_mercado,34.47083347769845,0.4708334776984486,0.4708334776984486,0,0.0,-1.0291665223015514,1.0291665223015514,UNDER,1,0.48134135727390653,0.5186586427260935,0.4813413572739065,-112.0,1.8928571428571428,0.5283018867924528,-0.04696052951854629,-0.08888957373153406,0.8928571428571428
2025_13_NYG_NE,2025,13,2025-12-01,NYG,NE,48.0,46.5,-115.0,-105.0,total_con_mercado,47.36215191693448,-0.6378480830655207,0.6378480830655207,1,0.0,0.8621519169344793,0.8621519169344793,OVER,1,0.4786607545520992,0.4786607545520992,0.5213392454479008,-115.0,1.8695652173913042,0.5348837209302326,-0.0562229663781334,-0.10511250235911895,0.8695652173913042
2025_14_DAL_DET,2025,14,2025-12-04,DAL,DET,74.0,55.5,-110.0,-110.0,total_con_mercado,55.92598406805879,-18.07401593194121,18.07401593194121,1,0.0,0.4259840680587885,0.4259840680587885,OVER,1,0.47166639448722875,0.47166639448722875,0.5283336055127712,-110.0,1.9090909090909092,0.5238095238095238,-0.05214312932229509,-0.09954597416074507,0.9090909090909092
2025_14_CHI_GB,2025,14,2025-12-07,CHI,GB,49.0,44.5,-105.0,-115.0,total_con_mercado,41.158141656828406,-7.841858343171594,7.841858343171594,1,0.0,-3.3418583431715945,3.3418583431715945,UNDER,0,0.5185027621088446,0.4814972378911554,0.5185027621088446,-115.0,1.8695652173913042,0.5348837209302326,-0.016380958821388014,-0.03062527083998623,-1.0
2025_14_CIN_BUF,2025,14,2025-12-07,CIN,BUF,73.0,54.5,-112.0,-108.0,total_con_mercado,59.14764739998304,-13.852352600016964,13.852352600016964,1,0.0,4.647647399983043,4.647647399983043,OVER,1,0.5394209196378592,0.5394209196378592,0.4605790803621408,-112.0,1.8928571428571428,0.5283018867924528,0.011119032845406385,0.021046740743090542,0.8928571428571428
2025_14_DEN_LV,2025,14,2025-12-07,DEN,LV,41.0,40.5,-105.0,-115.0,total_con_mercado,39.26964756798,-1.7303524320200054,1.7303524320200054,1,0.0,-1.2303524320199983,1.2303524320199983,UNDER,0,0.4845718260065377,0.5154281739934623,0.4845718260065377,-115.0,1.8695652173913042,0.5348837209302326,-0.05031189492369492,-0.09406136877038607,-1.0
2025_14_HOU_KC,2025,14,2025-12-07,HOU,KC,30.0,41.5,-110.0,-110.0,total_con_mercado,42.34226519894425,12.342265198944247,12.342265198944247,0,0.0,0.8422651989442471,0.8422651989442471,OVER,0,0.47834164938123186,0.47834164938123186,0.5216583506187682,-110.0,1.9090909090909092,0.5238095238095238,-0.04546787442829198,-0.08680230572673919,-1.0
2025_14_IND_JAX,2025,14,2025-12-07,IND,JAX,55.0,44.5,-115.0,-105.0,total_con_mercado,44.964281953272746,-10.035718046727254,10.035718046727254,1,0.0,0.4642819532727458,0.4642819532727458,OVER,1,0.47228013168358035,0.47228013168358035,0.5277198683164197,-115.0,1.8695652173913042,0.5348837209302326,-0.06260358924665227,-0.11704149293939337,0.8695652173913042
2025_14_LA_ARI,2025,14,2025-12-07,LA,ARI,62.0,49.5,-110.0,-110.0,total_con_mercado,46.290831749408575,-15.709168250591423,15.709168250591423,1,0.0,-3.209168250591425,3.209168250591425,UNDER,0,0.5163722514960023,0.4836277485039977,0.5163722514960023,-110.0,1.9090909090909092,0.5238095238095238,-0.007437272313521537,-0.014198428962177378,-1.0
2025_14_MIA_NYJ,2025,14,2025-12-07,MIA,NYJ,44.0,41.5,-108.0,-112.0,total_con_mercado,40.323599752414246,-3.676400247585754,3.676400247585754,1,0.0,-1.1764002475857538,1.1764002475857538,UNDER,0,0.4837053709053359,0.5162946290946642,0.48370537090533583,-112.0,1.8928571428571428,0.5283018867924528,-0.04459651588711694,-0.08441483364347135,-1.0
2025_14_NO_TB,2025,14,2025-12-07,NO,TB,44.0,41.5,-115.0,-105.0,total_con_mercado,44.75688381680998,0.7568838168099816,0.7568838168099816,1,0.0,3.2568838168099816,3.2568838168099816,OVER,1,0.517138459049101,0.517138459049101,0.48286154095089895,-115.0,1.8695652173913042,0.5348837209302326,-0.01774526188113157,-0.03317592438646333,0.8695652173913042
2025_14_PIT_BAL,2025,14,2025-12-07,PIT,BAL,49.0,43.5,-115.0,-105.0,total_con_mercado,42.3054578874488,-6.694542112551204,6.694542112551204,1,0.0,-1.194542112551197,1.194542112551197,UNDER,0,0.4839967128735679,0.5160032871264322,0.4839967128735678,-105.0,1.9523809523809523,0.5121951219512195,-0.028198409077651643,-0.055054036770653236,-1.0
2025_14_SEA_ATL,2025,14,2025-12-07,SEA,ATL,46.0,44.5,-112.0,-108.0,total_con_mercado,43.623603278064266,-2.376396721935734,2.376396721935734,1,0.0,-0.876396721935734,0.876396721935734,UNDER,0,0.4788893394867258,0.5211106605132743,0.47888933948672574,-108.0,1.925925925925926,0.5192307692307692,-0.04034142974404337,-0.07769460543297246,-1.0
2025_14_TEN_CLE,2025,14,2025-12-07,TEN,CLE,60.0,33.5,-115.0,-105.0,total_con_mercado,36.63610146497384,-23.363898535026166,23.363898535026166,1,0.0,3.136101464973841,3.136101464973841,OVER,1,0.5151988108807722,0.5151988108807722,0.48480118911922776,-115.0,1.8695652173913042,0.5348837209302326,-0.01968491004946038,-0.03680222313594761,0.8695652173913042
2025_14_WAS_MIN,2025,14,2025-12-07,WAS,MIN,31.0,43.5,-118.0,-102.0,total_con_mercado,41.339863887470415,10.339863887470417,10.339863887470417,0,0.0,-2.1601361125295853,2.1601361125295853,UNDER,1,0.49951400571239596,0.5004859942876041,0.4995140057123959,-102.0,1.9803921568627452,0.504950495049505,-0.005436489337108996,-0.010766380844078549,0.9803921568627452
2025_14_PHI_LAC,2025,14,2025-12-08,PHI,LAC,41.0,41.5,-115.0,-105.0,total_con_mercado,44.64322560924473,3.6432256092447295,3.6432256092447295,0,0.0,3.1432256092447304,3.1432256092447304,OVER,0,0.5153132310535661,0.5153132310535661,0.4846867689464339,-115.0,1.8695652173913042,0.5348837209302326,-0.01957048987666654,-0.036588307160724365,-1.0
2025_15_ATL_TB,2025,15,2025-12-11,ATL,TB,57.0,43.5,-110.0,-110.0,total_con_mercado,45.210909859326826,-11.789090140673174,11.789090140673174,1,0.0,1.7109098593268257,1.7109098593268257,OVER,1,0.4922929145267819,0.4922929145267819,0.5077070854732181,-110.0,1.9090909090909092,0.5238095238095238,-0.031516609282741914,-0.060168072267052675,0.9090909090909092
2025_15_ARI_HOU,2025,15,2025-12-14,ARI,HOU,60.0,42.5,-108.0,-112.0,total_con_mercado,45.70672861950338,-14.29327138049662,14.29327138049662,1,0.0,3.20672861950338,3.20672861950338,OVER,1,0.5163330742613961,0.5163330742613961,0.4836669257386039,-108.0,1.925925925925926,0.5192307692307692,-0.002897694969373088,-0.005580745866940795,0.925925925925926
2025_15_BAL_CIN,2025,15,2025-12-14,BAL,CIN,24.0,51.5,-110.0,-110.0,total_con_mercado,47.468434957462144,23.468434957462144,23.468434957462144,0,0.0,-4.031565042537856,4.031565042537856,UNDER,1,0.5295643215101625,0.47043567848983747,0.5295643215101625,-110.0,1.9090909090909092,0.5238095238095238,0.005754797700638692,0.010986431973946775,0.9090909090909092
2025_15_BUF_NE,2025,15,2025-12-14,BUF,NE,66.0,49.5,-115.0,-105.0,total_con_mercado,52.86274025212671,-13.137259747873294,13.137259747873294,1,0.0,3.362740252126713,3.362740252126713,OVER,1,0.5188379888179806,0.5188379888179806,0.4811620111820194,-115.0,1.8695652173913042,0.5348837209302326,-0.01604573211225202,-0.029998542644645076,0.8695652173913042
2025_15_CAR_NO,2025,15,2025-12-14,CAR,NO,37.0,41.5,-112.0,-108.0,total_con_mercado,42.11682562901016,5.116825629010158,5.116825629010158,0,0.0,0.6168256290101581,0.6168256290101581,OVER,0,0.4747255116228292,0.4747255116228292,0.5252744883771707,-112.0,1.8928571428571428,0.5283018867924528,-0.0535763751696236,-0.10141242442821619,-1.0
2025_15_CLE_CHI,2025,15,2025-12-14,CLE,CHI,34.0,38.5,-105.0,-115.0,total_con_mercado,45.19422595681496,11.194225956814954,11.194225956814954,0,0.0,6.694225956814961,6.694225956814961,OVER,0,0.5719015635339109,0.5719015635339109,0.42809843646608914,-105.0,1.9523809523809523,0.5121951219512195,0.05970644158269134,0.11656971928049265,-1.0
2025_15_DET_LA,2025,15,2025-12-14,DET,LA,75.0,54.5,-115.0,-105.0,total_con_mercado,55.49354597176039,-19.50645402823961,19.50645402823961,1,0.0,0.9935459717603905,0.9935459717603905,OVER,1,0.4807695481626375,0.4807695481626375,0.5192304518373625,-115.0,1.8695652173913042,0.5348837209302326,-0.054114172767595115,-0.10116997517419946,0.8695652173913042
2025_15_GB_DEN,2025,15,2025-12-14,GB,DEN,60.0,42.5,-105.0,-115.0,total_con_mercado,42.784166857829945,-17.215833142170055,17.215833142170055,1,0.0,0.2841668578299448,0.2841668578299448,OVER,1,0.46939448358574465,0.46939448358574465,0.5306055164142554,-105.0,1.9523809523809523,0.5121951219512195,-0.042800638365474875,-0.08356315109449852,0.9523809523809523
2025_15_IND_SEA,2025,15,2025-12-14,IND,SEA,34.0,41.5,-112.0,-108.0,total_con_mercado,39.39366568163297,5.393665681632967,5.393665681632967,0,0.0,-2.1063343183670327,2.1063343183670327,UNDER,1,0.49864909835758603,0.501350901642414,0.498649098357586,-108.0,1.925925925925926,0.5192307692307692,-0.020581670873183133,-0.03963877353353795,0.925925925925926
2025_15_LAC_KC,2025,15,2025-12-14,LAC,KC,29.0,41.5,-112.0,-108.0,total_con_mercado,39.76557530795764,10.76557530795764,10.76557530795764,0,0.0,-1.73442469204236,1.73442469204236,UNDER,1,0.49267085036647623,0.5073291496335237,0.4926708503664763,-108.0,1.925925925925926,0.5192307692307692,-0.02655991886429293,-0.0511524363312309,0.925925925925926
2025_15_LV_PHI,2025,15,2025-12-14,LV,PHI,31.0,37.5,-102.0,-118.0,total_con_mercado,33.15224583811586,2.15224583811586,2.15224583811586,0,0.0,-4.34775416188414,4.34775416188414,UNDER,1,0.5346263473486895,0.4653736526513105,0.5346263473486895,-118.0,1.847457627118644,0.5412844036697247,-0.006658056321035222,-0.012300476932082138,0.847457627118644
2025_15_MIN_DAL,2025,15,2025-12-14,MIN,DAL,60.0,47.5,-118.0,-102.0,total_con_mercado,48.88294327169269,-11.117056728307311,11.117056728307311,1,0.0,1.3829432716926888,1.3829432716926888,OVER,1,0.4870228718719723,0.4870228718719723,0.5129771281280278,-118.0,1.847457627118644,0.5412844036697247,-0.05426153179775245,-0.10024588077889862,0.847457627118644
2025_15_NYJ_JAX,2025,15,2025-12-14,NYJ,JAX,68.0,40.5,-105.0,-115.0,total_con_mercado,40.71523019787239,-27.284769802127613,27.284769802127613,1,0.0,0.21523019787238695,0.21523019787238695,OVER,1,0.4682905708379783,0.4682905708379783,0.5317094291620217,-105.0,1.9523809523809523,0.5121951219512195,-0.04390455111324121,-0.08571840931632813,0.9523809523809523
2025_15_TEN_SF,2025,15,2025-12-14,TEN,SF,61.0,44.5,-108.0,-112.0,total_con_mercado,43.380909492268,-17.619090507731997,17.619090507731997,1,0.0,-1.1190905077319968,1.1190905077319968,UNDER,0,0.48278510193057284,0.5172148980694271,0.4827851019305729,-112.0,1.8928571428571428,0.5283018867924528,-0.04551678486187999,-0.08615677134570143,-1.0
2025_15_WAS_NYG,2025,15,2025-12-14,WAS,NYG,50.0,46.5,-105.0,-115.0,total_con_mercado,42.30264645757046,-7.697353542429539,7.697353542429539,1,0.0,-4.197353542429539,4.197353542429539,UNDER,0,0.5322193353987973,0.4677806646012027,0.5322193353987973,-115.0,1.8695652173913042,0.5348837209302326,-0.0026643855314353315,-0.004981242515292084,-1.0
2025_15_MIA_PIT,2025,15,2025-12-15,MIA,PIT,43.0,42.5,-115.0,-105.0,total_con_mercado,38.05746329758991,-4.942536702410095,4.942536702410095,1,0.0,-4.442536702410088,4.442536702410088,UNDER,0,0.5361424265943556,0.4638575734056444,0.5361424265943556,-105.0,1.9523809523809523,0.5121951219512195,0.023947304643136103,0.046754261446122936,-1.0
2025_16_LA_SEA,2025,16,2025-12-18,LA,SEA,75.0,42.5,-115.0,-105.0,total_con_mercado,39.99387336185319,-35.00612663814681,35.00612663814681,1,0.0,-2.50612663814681,2.50612663814681,UNDER,0,0.505075928856067,0.494924071143933,0.505075928856067,-105.0,1.9523809523809523,0.5121951219512195,-0.007119193095152521,-0.013899376995297752,-1.0
2025_16_GB_CHI,2025,16,2025-12-20,GB,CHI,38.0,45.5,-105.0,-115.0,total_con_mercado,49.81171643755872,11.811716437558722,11.811716437558722,0,0.0,4.311716437558722,4.311716437558722,OVER,0,0.5340497421410575,0.5340497421410575,0.4659502578589425,-105.0,1.9523809523809523,0.5121951219512195,0.02185462018983797,0.04266854418015975,-1.0
2025_16_PHI_WAS,2025,16,2025-12-20,PHI,WAS,47.0,43.5,-110.0,-110.0,total_con_mercado,42.7058101875158,-4.294189812484198,4.294189812484198,1,0.0,-0.7941898124841984,0.7941898124841984,UNDER,0,0.47757029825457437,0.5224297017454256,0.4775702982545744,-110.0,1.9090909090909092,0.5238095238095238,-0.04623922555494947,-0.08827488515035797,-1.0
2025_16_ATL_ARI,2025,16,2025-12-21,ATL,ARI,45.0,48.5,-115.0,-105.0,total_con_mercado,49.60559975288461,4.605599752884608,4.605599752884608,0,0.0,1.1055997528846078,1.1055997528846078,OVER,0,0.48256848668471053,0.48256848668471053,0.5174315133152895,-115.0,1.8695652173913042,0.5348837209302326,-0.05231523424552209,-0.09780674228510644,-1.0
2025_16_BUF_CLE,2025,16,2025-12-21,BUF,CLE,43.0,41.5,-102.0,-118.0,total_con_mercado,45.25455615994353,2.254556159943533,2.254556159943533,1,0.0,3.754556159943533,3.754556159943533,OVER,1,0.5251245119691156,0.5251245119691156,0.4748754880308844,-102.0,1.9803921568627452,0.504950495049505,0.020174016919610627,0.03995246488001314,0.9803921568627452
2025_16_CIN_MIA,2025,16,2025-12-21,CIN,MIA,66.0,48.5,-108.0,-112.0,total_con_mercado,47.6917684909392,-18.308231509060803,18.308231509060803,1,0.0,-0.8082315090608034,0.8082315090608034,UNDER,0,0.47779558099249525,0.5222044190075048,0.4777955809924952,-112.0,1.8928571428571428,0.5283018867924528,-0.050506305799957574,-0.09560122169277685,-1.0
2025_16_JAX_DEN,2025,16,2025-12-21,JAX,DEN,54.0,46.5,-112.0,-108.0,total_con_mercado,49.38287412512324,-4.617125874876763,4.617125874876763,1,0.0,2.8828741251232373,2.8828741251232373,OVER,1,0.5111308064664739,0.5111308064664739,0.4888691935335261,-112.0,1.8928571428571428,0.5283018867924528,-0.017171080325978916,-0.03250240204560295,0.8928571428571428
2025_16_KC_TEN,2025,16,2025-12-21,KC,TEN,35.0,37.5,-110.0,-110.0,total_con_mercado,35.0524277817806,0.0524277817806009,0.0524277817806009,0,0.0,-2.447572218219399,2.447572218219399,UNDER,1,0.5041346959223204,0.4958653040776796,0.5041346959223204,-110.0,1.9090909090909092,0.5238095238095238,-0.019674827887203428,-0.03756103505738828,0.9090909090909092
2025_16_LAC_DAL,2025,16,2025-12-21,LAC,DAL,51.0,50.5,-118.0,-102.0,total_con_mercado,46.942276740102365,-4.057723259897635,4.057723259897635,1,0.0,-3.557723259897635,3.557723259897635,UNDER,0,0.5219672802272077,0.47803271977279227,0.5219672802272077,-102.0,1.9803921568627452,0.504950495049505,0.017016785177702776,0.033699907900940795,-1.0
2025_16_LV_HOU,2025,16,2025-12-21,LV,HOU,44.0,39.5,-110.0,-110.0,total_con_mercado,43.45984572004545,-0.5401542799545496,0.5401542799545496,1,0.0,3.9598457200454504,3.9598457200454504,OVER,1,0.5284152475254676,0.5284152475254676,0.47158475247453235,-110.0,1.9090909090909092,0.5238095238095238,0.00460572371594381,0.00879274527589291,0.9090909090909092
2025_16_MIN_NYG,2025,16,2025-12-21,MIN,NYG,29.0,41.5,-105.0,-115.0,total_con_mercado,36.820955181631696,7.820955181631696,7.820955181631696,0,0.0,-4.679044818368304,4.679044818368304,UNDER,1,0.5399224827850757,0.4600775172149243,0.5399224827850757,-115.0,1.8695652173913042,0.5348837209302326,0.005038761854843088,0.00942029390253274,0.8695652173913042
2025_16_NE_BAL,2025,16,2025-12-21,NE,BAL,52.0,48.5,-108.0,-112.0,total_con_mercado,46.03796709918316,-5.962032900816837,5.962032900816837,1,0.0,-2.462032900816837,2.462032900816837,UNDER,0,0.5043671471256118,0.4956328528743882,0.5043671471256118,-112.0,1.8928571428571428,0.5283018867924528,-0.02393473966684101,-0.045305042940806284,-1.0
2025_16_NYJ_NO,2025,16,2025-12-21,NYJ,NO,35.0,39.5,-115.0,-105.0,total_con_mercado,43.71949256105064,8.719492561050643,8.719492561050643,0,0.0,4.219492561050643,4.219492561050643,OVER,0,0.5325737451674879,0.5325737451674879,0.4674262548325121,-115.0,1.8695652173913042,0.5348837209302326,-0.0023099757627447204,-0.004318650339044439,-1.0
2025_16_PIT_DET,2025,16,2025-12-21,PIT,DET,53.0,52.5,-105.0,-115.0,total_con_mercado,54.68192205587931,1.681922055879312,1.681922055879312,1,0.0,2.181922055879312,2.181922055879312,OVER,1,0.4998642334910636,0.4998642334910636,0.5001357665089363,-105.0,1.9523809523809523,0.5121951219512195,-0.012330888460155898,-0.024074591755542496,0.9523809523809523
2025_16_TB_CAR,2025,16,2025-12-21,TB,CAR,43.0,44.5,-112.0,-108.0,total_con_mercado,46.146651660380975,3.146651660380975,3.146651660380975,0,0.0,1.646651660380975,1.646651660380975,OVER,0,0.49126018806131955,0.49126018806131955,0.5087398119386805,-112.0,1.8928571428571428,0.5283018867924528,-0.03704169873113328,-0.07011464402678802,-1.0
2025_16_SF_IND,2025,16,2025-12-22,SF,IND,75.0,46.5,-102.0,-118.0,total_con_mercado,48.66441969624943,-26.335580303750568,26.335580303750568,1,0.0,2.164419696249432,2.164419696249432,OVER,1,0.4995828679784062,0.4995828679784062,0.5004171320215938,-102.0,1.9803921568627452,0.504950495049505,-0.0053676270710987795,-0.010630006552568183,0.9803921568627452
2025_17_DAL_WAS,2025,17,2025-12-25,DAL,WAS,53.0,50.5,-112.0,-108.0,total_con_mercado,49.88638888552664,-3.1136111144733647,3.1136111144733647,1,0.0,-0.6136111144733576,0.6136111144733576,UNDER,0,0.47467396782678356,0.5253260321732165,0.4746739678267835,-108.0,1.925925925925926,0.5192307692307692,-0.0445568014039856,-0.08581309900026868,-1.0
2025_17_DEN_KC,2025,17,2025-12-25,DEN,KC,33.0,37.5,-120.0,100.0,total_con_mercado,34.34142290465521,1.3414229046552109,1.3414229046552109,0,0.0,-3.158577095344789,3.158577095344789,UNDER,1,0.5155597842730794,0.48444021572692064,0.5155597842730794,100.0,2.0,0.5,0.015559784273079358,0.031119568546158716,1.0
2025_17_DET_MIN,2025,17,2025-12-25,DET,MIN,33.0,45.5,-105.0,-115.0,total_con_mercado,36.3789598491191,3.378959849119098,3.378959849119098,0,0.0,-9.121040150880901,9.121040150880901,UNDER,1,0.609608363640768,0.390391636359232,0.609608363640768,-115.0,1.8695652173913042,0.5348837209302326,0.07472464271053536,0.13970259289360953,0.8695652173913042
2025_17_BAL_GB,2025,17,2025-12-27,BAL,GB,65.0,38.5,-105.0,-115.0,total_con_mercado,36.295131783177744,-28.704868216822256,28.704868216822256,1,0.0,-2.2048682168222555,2.2048682168222555,UNDER,0,0.50023311290297,0.49976688709703,0.50023311290297,-115.0,1.8695652173913042,0.5348837209302326,-0.03465060802726261,-0.06478157152923003,-1.0
2025_17_HOU_LAC,2025,17,2025-12-27,HOU,LAC,36.0,40.5,-115.0,-105.0,total_con_mercado,43.26167519440423,7.261675194404226,7.261675194404226,0,0.0,2.7616751944042335,2.7616751944042335,OVER,0,0.5091832350579037,0.5091832350579037,0.49081676494209625,-115.0,1.8695652173913042,0.5348837209302326,-0.02570048587232887,-0.04804873445696267,-1.0
2025_17_ARI_CIN,2025,17,2025-12-28,ARI,CIN,51.0,52.5,-115.0,-105.0,total_con_mercado,50.61741548707571,-0.3825845129242893,0.3825845129242893,0,0.0,-1.8825845129242893,1.8825845129242893,UNDER,1,0.49505228445273625,0.5049477155472637,0.4950522844527363,-105.0,1.9523809523809523,0.5121951219512195,-0.017142837498483277,-0.033469349401800685,0.9523809523809523
2025_17_CHI_SF,2025,17,2025-12-28,CHI,SF,80.0,51.5,-108.0,-112.0,total_con_mercado,54.84463452132287,-25.155365478677133,25.155365478677133,1,0.0,3.3446345213228668,3.3446345213228668,OVER,1,0.5185473303163305,0.5185473303163305,0.4814526696836695,-108.0,1.925925925925926,0.5192307692307692,-0.0006834389144386721,-0.0013162527241041833,0.925925925925926
2025_17_JAX_IND,2025,17,2025-12-28,JAX,IND,40.0,48.5,-112.0,-108.0,total_con_mercado,50.73960062684012,10.739600626840115,10.739600626840115,0,0.0,2.2396006268401223,2.2396006268401223,OVER,0,0.5007914658638345,0.5007914658638345,0.4992085341361655,-112.0,1.8928571428571428,0.5283018867924528,-0.02751042092861833,-0.05207329675774186,-1.0
2025_17_NE_NYJ,2025,17,2025-12-28,NE,NYJ,52.0,42.5,-108.0,-112.0,total_con_mercado,40.34752264428745,-11.652477355712549,11.652477355712549,1,0.0,-2.1524773557125485,2.1524773557125485,UNDER,0,0.49939088470447873,0.5006091152955212,0.4993908847044788,-112.0,1.8928571428571428,0.5283018867924528,-0.02891100208797409,-0.05472439680937957,-1.0
2025_17_NO_TEN,2025,17,2025-12-28,NO,TEN,60.0,39.5,-102.0,-118.0,total_con_mercado,37.706006472682034,-22.29399352731797,22.29399352731797,1,0.0,-1.7939935273179657,1.7939935273179657,UNDER,0,0.49362829099022026,0.5063717090097797,0.4936282909902203,-118.0,1.847457627118644,0.5412844036697247,-0.04765611267950448,-0.08804264884857615,-1.0
2025_17_NYG_LV,2025,17,2025-12-28,NYG,LV,44.0,40.5,-108.0,-112.0,total_con_mercado,45.39499779424452,1.3949977942445173,1.3949977942445173,1,0.0,4.894997794244517,4.894997794244517,OVER,1,0.5433700150422568,0.5433700150422568,0.4566299849577432,-108.0,1.925925925925926,0.5192307692307692,0.02413924581148763,0.046490399340642696,0.925925925925926
2025_17_PHI_BUF,2025,17,2025-12-28,PHI,BUF,25.0,45.5,-105.0,-115.0,total_con_mercado,50.05966963233437,25.05966963233437,25.05966963233437,0,0.0,4.559669632334369,4.559669632334369,OVER,0,0.5380150824269614,0.5380150824269614,0.4619849175730386,-105.0,1.9523809523809523,0.5121951219512195,0.025819960475741865,0.05041039902406741,-1.0
2025_17_PIT_CLE,2025,17,2025-12-28,PIT,CLE,19.0,35.5,-108.0,-112.0,total_con_mercado,30.993572437496823,11.993572437496823,11.993572437496823,0,0.0,-4.506427562503177,4.506427562503177,UNDER,1,0.5371640077311076,0.4628359922688924,0.5371640077311076,-112.0,1.8928571428571428,0.5283018867924528,0.008862120938654794,0.016774728919596527,0.8928571428571428
2025_17_SEA_CAR,2025,17,2025-12-28,SEA,CAR,37.0,42.5,-110.0,-110.0,total_con_mercado,51.20400401766668,14.204004017666676,14.204004017666676,0,0.0,8.704004017666684,8.704004017666684,OVER,0,0.6032078942391346,0.6032078942391346,0.39679210576086543,-110.0,1.9090909090909092,0.5238095238095238,0.07939837042961073,0.1515787071838024,-1.0
2025_17_TB_MIA,2025,17,2025-12-28,TB,MIA,37.0,44.5,-102.0,-118.0,total_con_mercado,45.09794019618465,8.097940196184652,8.097940196184652,0,0.0,0.597940196184652,0.597940196184652,OVER,0,0.4744226970052313,0.4744226970052313,0.5255773029947687,-102.0,1.9803921568627452,0.504950495049505,-0.030527798044273635,-0.060457011813169315,-1.0
2025_17_LA_ATL,2025,17,2025-12-29,LA,ATL,51.0,48.5,-115.0,-105.0,total_con_mercado,48.16209869678737,-2.8379013032126323,2.8379013032126323,1,0.0,-0.33790130321263234,0.33790130321263234,UNDER,0,0.47025516496484226,0.5297448350351577,0.4702551649648423,-105.0,1.9523809523809523,0.5121951219512195,-0.04193995698637726,-0.08188277316387937,-1.0
2025_18_CAR_TB,2025,18,2026-01-03,CAR,TB,30.0,43.5,-102.0,-118.0,total_con_mercado,41.7491949186773,11.749194918677304,11.749194918677304,0,0.0,-1.750805081322703,1.750805081322703,UNDER,1,0.49293412475416404,0.5070658752458359,0.4929341247541641,-118.0,1.847457627118644,0.5412844036697247,-0.04835027891556071,-0.08932509155586643,0.847457627118644
2025_18_SEA_SF,2025,18,2026-01-03,SEA,SF,16.0,47.5,-115.0,-105.0,total_con_mercado,53.73653973658058,37.73653973658058,37.73653973658058,0,0.0,6.236539736580582,6.236539736580582,OVER,0,0.5646812552635551,0.5646812552635551,0.43531874473644494,-115.0,1.8695652173913042,0.5348837209302326,0.02979753433332244,0.055708433753602904,-1.0
2025_18_ARI_LA,2025,18,2026-01-04,ARI,LA,57.0,49.5,-112.0,-108.0,total_con_mercado,46.50342358696527,-10.496576413034733,10.496576413034733,1,0.0,-2.996576413034731,2.996576413034731,UNDER,0,0.5129576066693011,0.4870423933306989,0.5129576066693011,-108.0,1.925925925925926,0.5192307692307692,-0.0062731625614680375,-0.012081646414679237,-1.0
2025_18_BAL_PIT,2025,18,2026-01-04,BAL,PIT,50.0,41.5,-110.0,-110.0,total_con_mercado,43.92910074842688,-6.070899251573117,6.070899251573117,1,0.0,2.429100748426883,2.429100748426883,OVER,1,0.5038377699127241,0.5038377699127241,0.4961622300872759,-110.0,1.9090909090909092,0.5238095238095238,-0.019971753896799727,-0.038127893802981205,0.9090909090909092
2025_18_CLE_CIN,2025,18,2026-01-04,CLE,CIN,38.0,47.5,-102.0,-118.0,total_con_mercado,47.714124092163,9.714124092162995,9.714124092162995,0,0.0,0.21412409216299721,0.21412409216299721,OVER,0,0.46827286078639285,0.46827286078639285,0.5317271392136071,-102.0,1.9803921568627452,0.504950495049505,-0.0366776342631121,-0.07263609922694747,-1.0
2025_18_DAL_NYG,2025,18,2026-01-04,DAL,NYG,51.0,50.5,-105.0,-115.0,total_con_mercado,47.940415741446245,-3.059584258553756,3.059584258553756,1,0.0,-2.5595842585537554,2.5595842585537554,UNDER,0,0.5059352020465393,0.4940647979534607,0.5059352020465393,-115.0,1.8695652173913042,0.5348837209302326,-0.02894851888369332,-0.054121143999948385,-1.0
2025_18_DET_CHI,2025,18,2026-01-04,DET,CHI,35.0,51.5,-105.0,-115.0,total_con_mercado,52.96572619183826,17.965726191838264,17.965726191838264,0,0.0,1.4657261918382574,1.4657261918382574,OVER,0,0.48835287136156397,0.48835287136156397,0.5116471286384361,-105.0,1.9523809523809523,0.5121951219512195,-0.023842250589655556,-0.04654915591313702,-1.0
2025_18_GB_MIN,2025,18,2026-01-04,GB,MIN,19.0,37.5,-102.0,-118.0,total_con_mercado,38.04881032078252,19.048810320782515,19.048810320782515,0,0.0,0.5488103207825219,0.5488103207825219,OVER,0,0.47363502272144464,0.47363502272144464,0.5263649772785554,-102.0,1.9803921568627452,0.504950495049505,-0.03131547232806031,-0.062016915786942906,-1.0
2025_18_IND_HOU,2025,18,2026-01-04,IND,HOU,68.0,37.5,-112.0,-108.0,total_con_mercado,41.82094247484701,-26.17905752515299,26.17905752515299,1,0.0,4.320942474847008,4.320942474847008,OVER,1,0.53419736787936,0.53419736787936,0.46580263212064,-112.0,1.8928571428571428,0.5283018867924528,0.005895481086907184,0.011159303485931416,0.8928571428571428
2025_18_KC_LV,2025,18,2026-01-04,KC,LV,26.0,36.5,-102.0,-118.0,total_con_mercado,35.86524025719541,9.86524025719541,9.86524025719541,0,0.0,-0.6347597428045901,0.6347597428045901,UNDER,1,0.47501308972137174,0.5249869102786282,0.4750130897213718,-118.0,1.847457627118644,0.5412844036697247,-0.066271313948353,-0.12243344441305903,0.847457627118644
2025_18_LAC_DEN,2025,18,2026-01-04,LAC,DEN,22.0,37.5,-115.0,-105.0,total_con_mercado,37.364056425953606,15.364056425953606,15.364056425953606,0,0.0,-0.13594357404639368,0.13594357404639368,UNDER,1,0.46702130394925456,0.5329786960507454,0.46702130394925456,-105.0,1.9523809523809523,0.5121951219512195,-0.04517381800196496,-0.08819650181336014,0.9523809523809523
2025_18_MIA_NE,2025,18,2026-01-04,MIA,NE,48.0,44.5,-108.0,-112.0,total_con_mercado,47.03036394703107,-0.96963605296893,0.96963605296893,1,0.0,2.53036394703107,2.53036394703107,OVER,1,0.505465521293926,0.505465521293926,0.49453447870607403,-108.0,1.925925925925926,0.5192307692307692,-0.013765247936843195,-0.026510847878364774,0.925925925925926
2025_18_NO_ATL,2025,18,2026-01-04,NO,ATL,36.0,43.5,-108.0,-112.0,total_con_mercado,41.76865853884219,5.768658538842189,5.768658538842189,0,0.0,-1.731341461157811,1.731341461157811,UNDER,1,0.4926212954788796,0.5073787045211204,0.49262129547887956,-112.0,1.8928571428571428,0.5283018867924528,-0.03568059131357321,-0.06753826212926362,0.8928571428571428
2025_18_NYJ_BUF,2025,18,2026-01-04,NYJ,BUF,43.0,39.5,-105.0,-115.0,total_con_mercado,43.49243915588738,0.4924391558873822,0.4924391558873822,1,0.0,3.992439155887382,3.992439155887382,OVER,1,0.5289374917114824,0.5289374917114824,0.4710625082885176,-105.0,1.9523809523809523,0.5121951219512195,0.016742369760262887,0.03268748381765607,0.9523809523809523
2025_18_TEN_JAX,2025,18,2026-01-04,TEN,JAX,48.0,46.5,-108.0,-112.0,total_con_mercado,42.22415772108727,-5.775842278912734,5.775842278912734,1,0.0,-4.275842278912727,4.275842278912727,UNDER,0,0.5334756636065278,0.46652433639347224,0.5334756636065278,-112.0,1.8928571428571428,0.5283018867924528,0.005173776814074937,0.009793220398070401,-1.0
2025_18_WAS_PHI,2025,18,2026-01-04,WAS,PHI,41.0,38.5,-112.0,-108.0,total_con_mercado,39.34313713944934,-1.6568628605506603,1.6568628605506603,1,0.0,0.8431371394493397,0.8431371394493397,OVER,1,0.47835564029685007,0.47835564029685007,0.5216443597031499,-112.0,1.8928571428571428,0.5283018867924528,-0.04994624649560275,-0.09454110943810523,0.8928571428571428
2026_01_NE_SEA,2026,1,2026-09-09,NE,SEA,23.0,44.5,-108.0,-112.0,total_con_mercado,41.35408462478244,18.35408462478244,18.35408462478244,0,0.0,-3.1459153752175624,3.1459153752175624,UNDER,1,0.5153564307005937,0.48464356929940633,0.5153564307005937,-112.0,1.8928571428571428,0.5283018867924528,-0.012945456091859153,-0.024503899031019127,0.8928571428571428
2026_01_SF_LA,2026,1,2026-09-10,SF,LA,34.0,47.5,-115.0,-105.0,total_con_mercado,52.92734821300974,18.927348213009743,18.927348213009743,0,0.0,5.4273482130097435,5.4273482130097435,OVER,0,0.5518502025350137,0.5518502025350137,0.4481497974649863,-115.0,1.8695652173913042,0.5348837209302326,0.016966481604781092,0.03171994386980814,-1.0
2026_01_ARI_LAC,2026,1,2026-09-13,ARI,LAC,40.0,47.5,-102.0,-118.0,total_con_mercado,48.37662182975512,8.376621829755116,8.376621829755116,0,0.0,0.8766218297551234,0.8766218297551234,OVER,0,0.47889295184017766,0.47889295184017766,0.5211070481598223,-102.0,1.9803921568627452,0.504950495049505,-0.026057543209327294,-0.05160415419886377,-1.0
2026_01_ATL_PIT,2026,1,2026-09-13,ATL,PIT,33.0,40.5,-112.0,-108.0,total_con_mercado,43.64019043443796,10.640190434437956,10.640190434437956,0,0.0,3.1401904344379616,3.1401904344379616,OVER,0,0.5152644836083561,0.5152644836083561,0.4847355163916439,-112.0,1.8928571428571428,0.5283018867924528,-0.01303740318409674,-0.02467794174132598,-1.0
2026_01_BAL_IND,2026,1,2026-09-13,BAL,IND,64.0,48.5,-102.0,-118.0,total_con_mercado,54.38189772606778,-9.618102273932216,9.618102273932216,1,0.0,5.881897726067777,5.881897726067777,OVER,1,0.559067447439372,0.559067447439372,0.440932552560628,-102.0,1.9803921568627452,0.504950495049505,0.054116952389867023,0.10717278806620723,0.9803921568627452
2026_01_BUF_HOU,2026,1,2026-09-13,BUF,HOU,67.0,44.5,-110.0,-110.0,total_con_mercado,42.38547028239086,-24.614529717609138,24.614529717609138,1,0.0,-2.1145297176091375,2.1145297176091375,UNDER,0,0.498780845635064,0.501219154364936,0.498780845635064,-110.0,1.9090909090909092,0.5238095238095238,-0.025028678174459862,-0.04778202196942327,-1.0
2026_01_CHI_CAR,2026,1,2026-09-13,CHI,CAR,96.0,47.5,-105.0,-115.0,total_con_mercado,50.82266133133011,-45.17733866866989,45.17733866866989,1,0.0,3.32266133133011,3.32266133133011,OVER,1,0.5181945691103595,0.5181945691103595,0.48180543088964045,-105.0,1.9523809523809523,0.5121951219512195,0.005999447159140026,0.01171320635832096,0.9523809523809523
2026_01_CLE_JAX,2026,1,2026-09-13,CLE,JAX,44.0,40.5,-102.0,-118.0,total_con_mercado,46.2295524215895,2.229552421589503,2.229552421589503,1,0.0,5.729552421589503,5.729552421589503,OVER,1,0.5566511647790933,0.5566511647790933,0.44334883522090673,-102.0,1.9803921568627452,0.504950495049505,0.05170066972958831,0.10238760083702791,0.9803921568627452
2026_01_DAL_NYG,2026,1,2026-09-13,DAL,NYG,48.0,47.5,-115.0,-105.0,total_con_mercado,47.00831635141066,-0.991683648589337,0.991683648589337,1,0.0,-0.491683648589337,0.491683648589337,UNDER,0,0.47271930510720916,0.5272806948927908,0.47271930510720916,-105.0,1.9523809523809523,0.5121951219512195,-0.03947581684401036,-0.077071832885925,-1.0
2026_01_GB_MIN,2026,1,2026-09-13,GB,MIN,61.0,46.5,-102.0,-118.0,total_con_mercado,46.23944776779242,-14.76055223220758,14.76055223220758,1,0.0,-0.26055223220757995,0.26055223220757995,UNDER,0,0.46901629803052136,0.5309837019694786,0.46901629803052136,-118.0,1.847457627118644,0.5412844036697247,-0.07226810563920338,-0.1335122629605623,-1.0
2026_01_MIA_LV,2026,1,2026-09-13,MIA,LV,40.0,40.5,-110.0,-110.0,total_con_mercado,39.42696202695633,-0.5730379730436681,0.5730379730436681,0,0.0,-1.073037973043668,1.073037973043668,UNDER,1,0.4820456833423415,0.5179543166576586,0.48204568334234144,-110.0,1.9090909090909092,0.5238095238095238,-0.041763840467182345,-0.07973096816462077,0.9090909090909092
2026_01_NO_DET,2026,1,2026-09-13,NO,DET,61.0,49.5,-115.0,-105.0,total_con_mercado,54.161530811767065,-6.838469188232935,6.838469188232935,1,0.0,4.661530811767065,4.661530811767065,OVER,1,0.5396427123554771,0.5396427123554771,0.4603572876445229,-115.0,1.8695652173913042,0.5348837209302326,0.0047589914252444965,0.008897244838500518,0.8695652173913042
2026_01_NYJ_TEN,2026,1,2026-09-13,NYJ,TEN,33.0,39.5,-110.0,-110.0,total_con_mercado,44.12278420044448,11.122784200444478,11.122784200444478,0,0.0,4.622784200444478,4.622784200444478,OVER,0,0.5390236817303982,0.5390236817303982,0.46097631826960184,-110.0,1.9090909090909092,0.5238095238095238,0.015214157920874327,0.029045210576214675,-1.0
2026_01_TB_CIN,2026,1,2026-09-13,TB,CIN,60.0,50.5,-108.0,-112.0,total_con_mercado,53.72777136838344,-6.2722286316165565,6.2722286316165565,1,0.0,3.2277713683834435,3.2277713683834435,OVER,1,0.5166709862033215,0.5166709862033215,0.4833290137966785,-108.0,1.925925925925926,0.5192307692307692,-0.0025597830274476374,-0.0049299524973066555,0.925925925925926
2026_01_WAS_PHI,2026,1,2026-09-13,WAS,PHI,46.0,43.5,-115.0,-105.0,total_con_mercado,40.93619102865933,-5.06380897134067,5.06380897134067,1,0.0,-2.56380897134067,2.56380897134067,UNDER,0,0.5060031082878329,0.4939968917121671,0.5060031082878329,-105.0,1.9523809523809523,0.5121951219512195,-0.00619201366338662,-0.012089169533278654,-1.0
2026_01_DEN_KC,2026,1,2026-09-14,DEN,KC,41.0,42.5,-110.0,-110.0,total_con_mercado,36.71769023410639,-4.282309765893608,4.282309765893608,0,0.0,-5.782309765893608,5.782309765893608,UNDER,1,0.5574882354816609,0.44251176451833907,0.5574882354816609,-110.0,1.9090909090909092,0.5238095238095238,0.033678711672137096,0.06429572228317082,0.9090909090909092
2026_02_DET_BUF,2026,2,2026-09-17,DET,BUF,72.0,54.5,-118.0,-102.0,total_con_mercado,59.60759208471847,-12.392407915281533,12.392407915281533,1,0.0,5.107592084718469,5.107592084718469,OVER,1,0.5467598762395521,0.5467598762395521,0.45324012376044787,-118.0,1.847457627118644,0.5412844036697247,0.005475472569827389,0.010115703561206502,0.847457627118644
2026_02_CAR_ATL,2026,2,2026-09-20,CAR,ATL,37.0,43.5,-110.0,-110.0,total_con_mercado,36.192054409771366,-0.8079455902286341,0.8079455902286341,0,0.0,-7.307945590228634,7.307945590228634,UNDER,1,0.5815350291884422,0.41846497081155776,0.5815350291884422,-110.0,1.9090909090909092,0.5238095238095238,0.05772550537891841,0.11020323754157157,0.9090909090909092
2026_02_CIN_HOU,2026,2,2026-09-20,CIN,HOU,26.0,45.5,-110.0,-110.0,total_con_mercado,50.31459923894398,24.314599238943977,24.314599238943977,0,0.0,4.814599238943977,4.814599238943977,OVER,0,0.5420869781115669,0.5420869781115669,0.4579130218884331,-110.0,1.9090909090909092,0.5238095238095238,0.018277454302043084,0.03489332184935501,-1.0
2026_02_CLE_TB,2026,2,2026-09-20,CLE,TB,42.0,41.5,-108.0,-112.0,total_con_mercado,50.70813782576521,8.708137825765213,8.708137825765213,1,0.0,9.208137825765213,9.208137825765213,OVER,1,0.6109404265065819,0.6109404265065819,0.38905957349341813,-108.0,1.925925925925926,0.5192307692307692,0.0917096572758127,0.17662600660526895,0.925925925925926
2026_02_GB_NYJ,2026,2,2026-09-20,GB,NYJ,37.0,44.5,-110.0,-110.0,total_con_mercado,42.87780345549093,5.877803455490934,5.877803455490934,0,0.0,-1.6221965445090731,1.6221965445090731,UNDER,1,0.49086717647090794,0.5091328235290921,0.49086717647090794,-110.0,1.9090909090909092,0.5238095238095238,-0.032942347338615896,-0.06288993582826663,0.9090909090909092
2026_02_IND_KC,2026,2,2026-09-20,IND,KC,63.0,46.5,-102.0,-118.0,total_con_mercado,45.03440290333722,-17.965597096662776,17.965597096662776,1,0.0,-1.4655970966627834,1.4655970966627834,UNDER,0,0.488350797171003,0.511649202828997,0.48835079717100305,-118.0,1.847457627118644,0.5412844036697247,-0.05293360649872175,-0.09779259505696059,-1.0
2026_02_JAX_DEN,2026,2,2026-09-20,JAX,DEN,33.0,45.5,-110.0,-110.0,total_con_mercado,43.94785735441965,10.947857354419654,10.947857354419654,0,0.0,-1.5521426455803535,1.5521426455803535,UNDER,1,0.48974142325571013,0.5102585767442899,0.48974142325571013,-110.0,1.9090909090909092,0.5238095238095238,-0.03406810055381371,-0.06503910105728061,0.9090909090909092
2026_02_LV_LAC,2026,2,2026-09-20,LV,LAC,40.0,43.5,-110.0,-110.0,total_con_mercado,44.42882447779606,4.428824477796063,4.428824477796063,0,0.0,0.9288244777960628,0.9288244777960628,OVER,0,0.479730717755096,0.479730717755096,0.520269282244904,-110.0,1.9090909090909092,0.5238095238095238,-0.04407880605442782,-0.08415044792208937,-1.0
2026_02_MIA_SF,2026,2,2026-09-20,MIA,SF,48.0,44.5,-115.0,-105.0,total_con_mercado,49.48906923250704,1.4890692325070418,1.4890692325070418,1,0.0,4.989069232507042,4.989069232507042,OVER,1,0.5448705186003128,0.5448705186003128,0.45512948139968723,-115.0,1.8695652173913042,0.5348837209302326,0.00998679767008015,0.018670969557106343,0.8695652173913042
2026_02_MIN_CHI,2026,2,2026-09-20,MIN,CHI,12.0,46.5,-115.0,-105.0,total_con_mercado,48.45427778469868,36.45427778469868,36.45427778469868,0,0.0,1.9542777846986823,1.9542777846986823,OVER,0,0.49620472734690146,0.49620472734690146,0.5037952726530985,-115.0,1.8695652173913042,0.5348837209302326,-0.038678993583331156,-0.07231290104709731,-1.0
2026_02_NO_BAL,2026,2,2026-09-20,NO,BAL,41.0,45.5,-105.0,-115.0,total_con_mercado,45.317208482164496,4.317208482164496,4.317208482164496,0,0.0,-0.18279151783550418,0.18279151783550418,UNDER,1,0.4677712228377773,0.5322287771622227,0.4677712228377773,-115.0,1.8695652173913042,0.5348837209302326,-0.06711249809245534,-0.12547119208589474,0.8695652173913042
2026_02_PHI_TEN,2026,2,2026-09-20,PHI,TEN,44.0,39.5,-112.0,-108.0,total_con_mercado,41.215419795813695,-2.7845802041863053,2.7845802041863053,1,0.0,1.7154197958136947,1.7154197958136947,OVER,1,0.4923653986015233,0.4923653986015233,0.5076346013984767,-112.0,1.8928571428571428,0.5283018867924528,-0.03593648819092954,-0.06802263836140243,0.8928571428571428
2026_02_PIT_NE,2026,2,2026-09-20,PIT,NE,23.0,41.5,-105.0,-115.0,total_con_mercado,49.62193346672928,26.62193346672928,26.62193346672928,0,0.0,8.121933466729281,8.121933466729281,OVER,0,0.594215608657556,0.594215608657556,0.40578439134244404,-105.0,1.9523809523809523,0.5121951219512195,0.08202048670633644,0.16013523595046641,-1.0
2026_02_SEA_ARI,2026,2,2026-09-20,SEA,ARI,38.0,40.5,-115.0,-105.0,total_con_mercado,48.55386192683609,10.553861926836092,10.553861926836092,0,0.0,8.053861926836092,8.053861926836092,OVER,0,0.5931597207577511,0.5931597207577511,0.40684027924224886,-115.0,1.8695652173913042,0.5348837209302326,0.05827599982751852,0.10895078228623034,-1.0
2026_02_WAS_DAL,2026,2,2026-09-20,WAS,DAL,57.0,51.5,-105.0,-115.0,total_con_mercado,48.78603781089669,-8.213962189103313,8.213962189103313,1,0.0,-2.713962189103313,2.713962189103313,UNDER,0,0.5084164448656008,0.4915835551343992,0.5084164448656008,-115.0,1.8695652173913042,0.5348837209302326,-0.02646727606463184,-0.04948229872952903,-1.0
2026_02_NYG_LA,2026,2,2026-09-21,NYG,LA,34.0,47.5,-110.0,-110.0,total_con_mercado,50.919621425314574,16.919621425314574,16.919621425314574,0,0.0,3.419621425314574,3.419621425314574,OVER,0,0.519751041072707,0.519751041072707,0.480248958927293,-110.0,1.9090909090909092,0.5238095238095238,-0.00405848273681686,-0.007748012497559409,-1.0
